20:01:42,0
20:01:43,0
20:01:44,0
20:01:45,0
20:01:46,0
20:01:47,0
20:01:48,0
20:01:49,0
20:01:50,0
20:01:50,0
20:01:51,0
20:01:52,0
20:01:53,0
20:01:54,0
20:01:55,0
20:01:56,0
20:01:57,0
20:01:58,0
20:01:58,0
20:01:59,0
20:02:00,0
20:02:01,0
20:02:02,0
20:02:03,0
20:02:04,0
20:02:05,0
20:02:06,0
20:02:06,0
20:02:07,0
20:02:08,0
20:02:09,2
20:02:10,14
20:02:11,17
20:02:12,17
20:02:13,17
20:02:14,17
20:02:14,17
20:02:15,17
20:02:16,17
20:02:17,17
20:02:18,17
20:02:19,17
20:02:20,17
20:02:21,17
20:02:22,17
20:02:22,17
20:02:23,17
20:02:24,17
20:02:25,17
20:02:26,17
20:02:27,17
20:02:28,17
20:02:29,17
20:02:30,17
20:02:31,17
20:02:31,17
20:02:32,17
20:02:33,17
20:02:34,17
20:02:35,17
20:02:36,17
20:02:37,17
20:02:38,17
20:02:38,17
20:02:39,17
20:02:40,17
20:02:41,17
20:02:42,17
20:02:43,17
20:02:44,17
20:02:45,17
20:02:46,17
20:02:47,17
20:02:48,17
20:02:48,17
20:02:50,17
20:02:50,17
20:02:51,17
20:02:52,17
20:02:53,17
20:02:54,17
20:02:55,17
20:02:56,17
20:02:56,17
20:02:58,17
20:02:58,17
20:02:59,17
20:03:00,17
20:03:01,17
20:03:02,-11
20:03:03,-61
20:03:04,-61
20:03:04,-61
20:03:06,-61
20:03:06,-61
20:03:07,-61
20:03:08,-61
20:03:09,-61
20:03:10,-61
20:03:11,-61
20:03:12,-9
20:03:12,1
20:03:14,0
20:03:14,0
20:03:15,0
20:03:16,0
20:03:17,0
20:03:18,0
20:03:19,0
20:03:20,0
20:03:20,0
20:03:22,0
20:03:22,0
20:03:23,0
20:03:24,0
20:03:25,0
20:03:26,0
20:03:27,0
20:03:28,0
20:03:28,0
20:03:30,0
20:03:30,0
20:03:31,0
20:03:32,0
20:03:33,0
20:03:34,0
20:03:35,0
20:03:36,0
20:03:37,0
20:03:37,0
20:03:39,0
20:03:39,0
20:03:40,0
20:03:41,0
20:03:42,-3
20:03:43,-61
20:03:44,-61
20:03:44,-61
20:03:46,-61
20:03:46,-61
20:03:47,-61
20:03:48,-61
20:03:49,-34
20:03:50,22
20:03:51,22
20:03:52,22
20:03:52,22
20:03:54,22
20:03:54,22
20:03:55,22
20:03:56,22
20:03:57,22
20:03:58,22
20:03:59,22
20:04:00,22
20:04:00,22
20:04:02,22
20:04:02,22
20:04:03,22
20:04:04,22
20:04:05,22
20:04:06,22
20:04:07,22
20:04:08,22
20:04:08,22
20:04:09,22
20:04:10,22
20:04:11,22
20:04:13,22
20:04:13,22
20:04:14,22
20:04:15,22
20:04:16,22
20:04:17,22
20:04:18,22
20:04:19,22
20:04:19,22
20:04:21,22
20:04:21,22
20:04:22,22
20:04:23,22
20:04:24,22
20:04:25,22
20:04:26,22
20:04:27,22
20:04:27,22
20:04:29,22
20:04:29,23
20:04:30,24
20:04:31,24
20:04:32,24
20:04:33,23
20:04:34,24
20:04:35,24
20:04:35,25
20:04:37,25
20:04:37,22
20:04:38,22
20:04:39,22
20:04:40,22
20:04:41,22
20:04:42,22
20:04:43,22
20:04:43,22
20:04:45,22
20:04:45,22
20:04:46,23
20:04:47,22
20:04:48,24
20:04:49,23
20:04:50,22
20:04:51,22
20:04:51,23
20:04:52,24
20:04:53,25
20:04:54,25
20:04:55,25
20:04:56,22
20:04:57,22
20:04:58,22
20:04:59,22
20:04:59,22
20:05:00,22
20:05:01,22
20:05:02,22
20:05:03,22
20:05:04,22
20:05:05,22
20:05:06,22
20:05:06,22
20:05:07,22
20:05:09,22
20:05:09,22
20:05:10,22
20:05:11,22
20:05:12,22
20:05:13,22
20:05:14,-57
20:05:15,-61
20:05:15,-61
20:05:17,-61
20:05:17,-61
20:05:18,-61
20:05:19,-61
20:05:20,-61
20:05:21,-61
20:05:22,-61
20:05:23,-61
20:05:23,-61
20:05:24,-61
20:05:25,-61
20:05:26,-61
20:05:27,-61
20:05:28,-61
20:05:29,-61
20:05:30,-61
20:05:31,-54
20:05:31,3
20:05:32,2
20:05:33,2
20:05:34,3
20:05:35,2
20:05:36,3
20:05:37,3
20:05:38,3
20:05:39,3
20:05:39,3
20:05:40,2
20:05:41,2
20:05:42,2
20:05:43,2
20:05:44,2
20:05:45,2
20:05:46,2
20:05:46,2
20:05:47,2
20:05:49,2
20:05:49,2
20:05:50,2
20:05:51,2
20:05:52,2
20:05:53,2
20:05:54,2
20:05:55,2
20:05:55,2
20:05:56,2
20:05:57,2
20:05:58,2
20:05:59,2
20:06:00,2
20:06:01,2
20:06:02,2
20:06:03,2
20:06:03,2
20:06:04,2
20:06:05,2
20:06:06,2
20:06:07,2
20:06:08,2
20:06:09,2
20:06:10,2
20:06:10,2
20:06:11,2
20:06:12,2
20:06:13,2
20:06:14,2
20:06:15,2
20:06:16,2
20:06:17,2
20:06:18,2
20:06:18,2
20:06:19,2
20:06:20,2
20:06:21,3
20:06:22,6
20:06:23,17
20:06:24,19
20:06:24,19
20:06:26,19
20:06:26,19
20:06:27,20
20:06:29,19
20:06:29,19
20:06:30,19
20:06:31,19
20:06:32,19
20:06:33,19
20:06:34,19
20:06:35,20
20:06:35,19
20:06:37,19
20:06:37,19
20:06:38,19
20:06:39,19
20:06:40,19
20:06:41,19
20:06:42,19
20:06:43,19
20:06:43,19
20:06:44,19
20:06:45,19
20:06:46,19
20:06:47,19
20:06:48,19
20:06:49,19
20:06:50,19
20:06:51,19
20:06:51,19
20:06:52,19
20:06:53,19
20:06:54,19
20:06:55,19
20:06:56,19
20:06:57,19
20:06:58,19
20:06:59,19
20:06:59,19
20:07:00,19
20:07:01,19
20:07:02,19
20:07:03,19
20:07:04,19
20:07:05,19
20:07:06,19
20:07:07,19
20:07:07,19
20:07:08,19
20:07:09,19
20:07:10,19
20:07:11,19
20:07:12,19
20:07:13,19
20:07:14,19
20:07:15,19
20:07:15,19
20:07:16,19
20:07:17,19
20:07:18,19
20:07:19,19
20:07:20,19
20:07:21,19
20:07:22,19
20:07:23,19
20:07:23,19
20:07:24,19
20:07:25,19
20:07:26,19
20:07:27,19
20:07:28,19
20:07:29,19
20:07:30,19
20:07:31,19
20:07:31,19
20:07:32,19
20:07:33,19
20:07:34,19
20:07:35,19
20:07:36,19
20:07:37,19
20:07:38,19
20:07:39,19
20:07:39,7
20:07:40,-61
20:07:41,-61
20:07:42,-61
20:07:43,-61
20:07:44,-61
20:07:45,-61
20:07:46,-61
20:07:47,-61
20:07:47,-61
20:07:48,-61
20:07:49,-61
20:07:50,-61
20:07:51,-61
20:07:52,-22
20:07:53,4
20:07:54,4
20:07:55,4
20:07:56,4
20:07:56,4
20:07:57,4
20:07:58,4
20:07:59,4
20:08:00,4
20:08:01,4
20:08:02,4
20:08:03,4
20:08:03,4
20:08:04,4
20:08:05,4
20:08:06,4
20:08:07,4
20:08:08,4
20:08:09,4
20:08:10,4
20:08:11,4
20:08:11,4
20:08:12,4
20:08:13,4
20:08:14,4
20:08:15,4
20:08:16,4
20:08:17,4
20:08:18,4
20:08:19,4
20:08:19,4
20:08:21,4
20:08:21,4
20:08:22,4
20:08:23,4
20:08:24,4
20:08:25,4
20:08:26,4
20:08:27,4
20:08:27,4
20:08:29,4
20:08:29,4
20:08:30,4
20:08:31,4
20:08:32,4
20:08:33,4
20:08:34,4
20:08:35,4
20:08:35,4
20:08:36,4
20:08:37,4
20:08:38,4
20:08:39,4
20:08:40,4
20:08:41,4
20:08:42,4
20:08:42,4
20:08:43,4
20:08:44,4
20:08:45,4
20:08:46,4
20:08:47,4
20:08:48,4
20:08:49,4
20:08:50,5
20:08:50,5
20:08:51,5
20:08:52,4
20:08:53,5
20:08:54,7
20:08:55,5
20:08:56,6
20:08:57,6
20:08:58,4
20:08:59,4
20:08:59,4
20:09:01,4
20:09:01,4
20:09:02,4
20:09:03,4
20:09:04,4
20:09:05,4
20:09:06,4
20:09:07,4
20:09:07,4
20:09:09,4
20:09:09,4
20:09:10,4
20:09:11,4
20:09:12,4
20:09:13,4
20:09:14,4
20:09:15,4
20:09:15,4
20:09:16,4
20:09:17,4
20:09:18,4
20:09:19,4
20:09:20,4
20:09:21,4
20:09:22,4
20:09:22,4
20:09:23,4
20:09:25,4
20:09:25,4
20:09:26,4
20:09:27,4
20:09:28,4
20:09:29,4
20:09:30,4
20:09:31,4
20:09:31,4
20:09:32,4
20:09:33,4
20:09:34,4
20:09:35,4
20:09:36,4
20:09:37,4
20:09:38,4
20:09:38,4
20:09:39,4
20:09:40,4
20:09:41,4
20:09:42,4
20:09:43,4
20:09:44,4
20:09:44,4
20:09:46,4
20:09:46,4
20:09:47,4
20:09:49,4
20:09:49,4
20:09:50,4
20:09:51,2
20:09:52,-60
20:09:53,-61
20:09:54,-61
20:09:55,-61
20:09:55,-61
20:09:56,-61
20:09:57,-61
20:09:58,-61
20:09:59,-61
20:10:00,-61
20:10:01,-61
20:10:02,-34
20:10:03,27
20:10:03,27
20:10:04,27
20:10:06,27
20:10:06,27
20:10:07,27
20:10:08,27
20:10:09,27
20:10:10,27
20:10:11,27
20:10:12,27
20:10:13,27
20:10:13,27
20:10:14,27
20:10:15,27
20:10:16,27
20:10:17,27
20:10:18,27
20:10:19,27
20:10:19,27
20:10:21,27
20:10:21,27
20:10:22,27
20:10:23,27
20:10:24,27
20:10:25,27
20:10:26,27
20:10:27,27
20:10:27,27
20:10:29,27
20:10:29,27
20:10:30,27
20:10:31,27
20:10:32,27
20:10:33,27
20:10:34,27
20:10:35,27
20:10:35,27
20:10:36,27
20:10:37,27
20:10:38,27
20:10:39,27
20:10:40,27
20:10:41,27
20:10:42,27
20:10:43,27
20:10:43,27
20:10:44,27
20:10:45,27
20:10:46,27
20:10:47,27
20:10:48,27
20:10:49,27
20:10:50,27
20:10:51,27
20:10:51,27
20:10:52,27
20:10:53,27
20:10:54,27
20:10:55,27
20:10:56,27
20:10:57,27
20:10:58,27
20:10:58,27
20:10:59,27
20:11:00,27
20:11:01,27
20:11:02,27
20:11:03,27
20:11:04,27
20:11:05,27
20:11:06,27
20:11:06,27
20:11:07,27
20:11:08,27
20:11:09,27
20:11:10,27
20:11:11,27
20:11:12,27
20:11:13,27
20:11:14,27
20:11:15,27
20:11:15,27
20:11:16,27
20:11:17,27
20:11:18,27
20:11:19,27
20:11:20,27
20:11:21,27
20:11:22,27
20:11:23,27
20:11:23,27
20:11:24,27
20:11:25,27
20:11:26,27
20:11:27,27
20:11:28,27
20:11:29,27
20:11:30,27
20:11:31,27
20:11:31,27
20:11:33,27
20:11:33,27
20:11:34,27
20:11:35,27
20:11:36,27
20:11:37,27
20:11:38,27
20:11:39,27
20:11:39,27
20:11:40,27
20:11:41,27
20:11:42,27
20:11:43,27
20:11:44,27
20:11:45,27
20:11:46,27
20:11:46,27
20:11:47,27
20:11:49,27
20:11:49,27
20:11:50,27
20:11:51,27
20:11:52,27
20:11:53,27
20:11:54,27
20:11:54,27
20:11:55,27
20:11:57,27
20:11:57,27
20:11:58,27
20:11:59,27
20:12:00,27
20:12:01,27
20:12:02,27
20:12:03,27
20:12:03,27
20:12:05,27
20:12:05,27
20:12:06,27
20:12:07,27
20:12:08,27
20:12:09,27
20:12:10,27
20:12:11,27
20:12:11,27
20:12:13,27
20:12:13,27
20:12:14,27
20:12:15,27
20:12:16,27
20:12:17,27
20:12:18,27
20:12:19,27
20:12:19,27
20:12:21,27
20:12:21,27
20:12:22,27
20:12:23,27
20:12:24,27
20:12:25,27
20:12:26,27
20:12:27,27
20:12:27,27
20:12:29,27
20:12:29,27
20:12:30,27
20:12:31,27
20:12:32,27
20:12:33,27
20:12:34,27
20:12:35,27
20:12:35,27
20:12:37,27
20:12:37,27
20:12:38,27
20:12:39,27
20:12:40,27
20:12:41,27
20:12:42,27
20:12:43,27
20:12:43,27
20:12:44,27
20:12:45,27
20:12:46,27
20:12:47,27
20:12:48,27
20:12:49,27
20:12:50,27
20:12:51,27
20:12:51,27
20:12:53,27
20:12:53,27
20:12:54,27
20:12:55,27
20:12:56,27
20:12:57,27
20:12:58,27
20:12:59,27
20:12:59,27
20:13:01,27
20:13:01,27
20:13:02,27
20:13:03,27
20:13:04,27
20:13:05,27
20:13:06,27
20:13:07,27
20:13:07,27
20:13:09,27
20:13:09,27
20:13:10,27
20:13:11,27
20:13:12,27
20:13:13,27
20:13:14,27
20:13:15,27
20:13:15,27
20:13:17,27
20:13:17,27
20:13:18,27
20:13:19,27
20:13:20,27
20:13:21,27
20:13:22,27
20:13:23,27
20:13:23,27
20:13:25,27
20:13:25,27
20:13:26,27
20:13:27,27
20:13:28,27
20:13:29,27
20:13:30,27
20:13:31,27
20:13:31,27
20:13:33,-55
20:13:33,-61
20:13:34,-61
20:13:35,-61
20:13:36,-61
20:13:37,-61
20:13:38,-61
20:13:39,-61
20:13:39,-61
20:13:41,-61
20:13:41,-61
20:13:42,-61
20:13:43,4
20:13:44,12
20:13:45,12
20:13:46,12
20:13:47,12
20:13:47,12
20:13:48,12
20:13:49,12
20:13:50,12
20:13:51,12
20:13:52,12
20:13:53,12
20:13:54,12
20:13:55,12
20:13:55,12
20:13:56,12
20:13:57,12
20:13:58,12
20:13:59,12
20:14:00,12
20:14:01,12
20:14:02,12
20:14:03,12
20:14:03,12
20:14:04,12
20:14:05,12
20:14:06,12
20:14:07,12
20:14:08,12
20:14:09,12
20:14:10,12
20:14:11,12
20:14:12,12
20:14:13,12
20:14:13,12
20:14:14,12
20:14:15,12
20:14:16,12
20:14:17,12
20:14:18,12
20:14:19,12
20:14:19,12
20:14:20,12
20:14:21,12
20:14:22,12
20:14:23,12
20:14:24,12
20:14:25,12
20:14:26,12
20:14:27,12
20:14:27,12
20:14:28,12
20:14:29,12
20:14:30,12
20:14:31,12
20:14:32,12
20:14:33,12
20:14:34,12
20:14:35,12
20:14:35,12
20:14:36,12
20:14:37,12
20:14:38,12
20:14:39,12
20:14:40,12
20:14:41,12
20:14:42,12
20:14:43,12
20:14:43,12
20:14:45,12
20:14:45,12
20:14:46,12
20:14:47,12
20:14:48,12
20:14:49,12
20:14:50,12
20:14:51,12
20:14:52,12
20:14:52,12
20:14:53,12
20:14:54,12
20:14:55,12
20:14:56,12
20:14:57,12
20:14:58,12
20:14:59,12
20:15:00,12
20:15:01,12
20:15:01,12
20:15:02,12
20:15:03,12
20:15:04,12
20:15:05,12
20:15:06,12
20:15:07,12
20:15:08,12
20:15:08,12
20:15:09,12
20:15:10,12
20:15:11,12
20:15:12,12
20:15:13,12
20:15:14,12
20:15:15,12
20:15:15,12
20:15:17,12
20:15:17,12
20:15:18,12
20:15:19,12
20:15:20,12
20:15:21,12
20:15:22,12
20:15:23,12
20:15:23,12
20:15:25,12
20:15:25,12
20:15:26,12
20:15:27,12
20:15:28,12
20:15:29,12
20:15:30,12
20:15:31,12
20:15:31,12
20:15:32,12
20:15:33,12
20:15:34,12
20:15:35,12
20:15:36,12
20:15:37,12
20:15:38,12
20:15:39,12
20:15:39,12
20:15:40,12
20:15:41,12
20:15:42,12
20:15:43,12
20:15:44,12
20:15:45,12
20:15:46,12
20:15:47,12
20:15:47,12
20:15:49,12
20:15:49,12
20:15:50,12
20:15:51,12
20:15:52,12
20:15:53,12
20:15:54,12
20:15:54,12
20:15:55,12
20:15:56,12
20:15:57,12
20:15:58,12
20:15:59,12
20:16:00,12
20:16:01,12
20:16:02,12
20:16:03,12
20:16:03,12
20:16:04,12
20:16:05,12
20:16:06,12
20:16:07,12
20:16:08,12
20:16:09,12
20:16:10,12
20:16:11,12
20:16:11,12
20:16:12,12
20:16:13,12
20:16:14,12
20:16:15,12
20:16:16,12
20:16:17,12
20:16:18,12
20:16:19,12
20:16:19,12
20:16:20,12
20:16:21,12
20:16:22,12
20:16:23,12
20:16:24,12
20:16:25,12
20:16:26,12
20:16:27,12
20:16:27,12
20:16:28,12
20:16:29,12
20:16:30,12
20:16:31,12
20:16:32,12
20:16:33,12
20:16:34,12
20:16:35,12
20:16:35,12
20:16:36,12
20:16:37,12
20:16:38,12
20:16:39,12
20:16:40,12
20:16:41,12
20:16:42,12
20:16:43,12
20:16:43,12
20:16:44,12
20:16:45,12
20:16:46,12
20:16:47,12
20:16:48,12
20:16:49,12
20:16:50,12
20:16:51,12
20:16:51,12
20:16:52,12
20:16:53,12
20:16:54,12
20:16:55,12
20:16:56,12
20:16:57,12
20:16:58,12
20:16:59,12
20:16:59,12
20:17:00,12
20:17:01,12
20:17:02,12
20:17:03,12
20:17:04,12
20:17:05,12
20:17:06,12
20:17:07,12
20:17:07,12
20:17:09,12
20:17:09,12
20:17:10,12
20:17:11,12
20:17:12,12
20:17:13,12
20:17:14,12
20:17:15,12
20:17:15,12
20:17:17,12
20:17:17,12
20:17:18,12
20:17:19,12
20:17:20,12
20:17:21,12
20:17:22,12
20:17:22,12
20:17:23,12
20:17:24,12
20:17:25,12
20:17:26,12
20:17:27,12
20:17:28,12
20:17:29,12
20:17:30,12
20:17:31,12
20:17:31,12
20:17:32,12
20:17:33,12
20:17:34,12
20:17:35,12
20:17:36,12
20:17:37,12
20:17:38,12
20:17:39,12
20:17:39,12
20:17:40,12
20:17:41,12
20:17:42,12
20:17:43,12
20:17:44,12
20:17:45,12
20:17:46,12
20:17:47,-23
20:17:47,-61
20:17:49,-61
20:17:49,-61
20:17:50,-61
20:17:51,-25
20:17:52,12
20:17:53,12
20:17:54,12
20:17:55,12
20:17:55,12
20:17:56,12
20:17:57,12
20:17:58,12
20:17:59,12
20:18:00,-23
20:18:01,-61
20:18:02,-61
20:18:03,-61
20:18:03,-61
20:18:04,-61
20:18:05,-61
20:18:06,-61
20:18:07,-61
20:18:08,-61
20:18:09,-61
20:18:10,-61
20:18:11,-32
20:18:11,0
20:18:13,0
20:18:13,0
20:18:14,0
20:18:15,0
20:18:16,0
20:18:17,0
20:18:18,0
20:18:19,0
20:18:20,0
20:18:20,0
20:18:21,0
20:18:22,0
20:18:23,0
20:18:24,0
20:18:25,0
20:18:26,0
20:18:27,0
20:18:27,0
20:18:29,0
20:18:29,0
20:18:30,0
20:18:31,0
20:18:32,0
20:18:33,0
20:18:34,0
20:18:35,0
20:18:36,0
20:18:37,0
20:18:37,0
20:18:38,0
20:18:39,0
20:18:40,0
20:18:41,0
20:18:42,0
20:18:43,0
20:18:43,0
20:18:45,0
20:18:45,0
20:18:46,0
20:18:47,0
20:18:48,0
20:18:49,0
20:18:50,0
20:18:51,0
20:18:51,0
20:18:53,0
20:18:53,0
20:18:54,0
20:18:55,0
20:18:56,0
20:18:57,0
20:18:58,0
20:18:59,0
20:19:00,0
20:19:00,0
20:19:01,0
20:19:02,0
20:19:03,0
20:19:04,0
20:19:05,0
20:19:06,0
20:19:07,0
20:19:07,0
20:19:09,0
20:19:09,0
20:19:10,0
20:19:12,0
20:19:12,0
20:19:13,0
20:19:14,0
20:19:15,0
20:19:16,0
20:19:17,0
20:19:18,0
20:19:18,0
20:19:19,0
20:19:20,0
20:19:21,0
20:19:22,0
20:19:23,0
20:19:24,0
20:19:25,0
20:19:26,0
20:19:26,0
20:19:27,0
20:19:28,0
20:19:29,0
20:19:30,0
20:19:31,0
20:19:32,0
20:19:33,0
20:19:34,0
20:19:34,0
20:19:35,0
20:19:36,0
20:19:37,0
20:19:38,0
20:19:39,0
20:19:40,0
20:19:41,0
20:19:42,0
20:19:42,0
20:19:43,0
20:19:44,0
20:19:45,0
20:19:46,0
20:19:47,0
20:19:48,0
20:19:49,0
20:19:50,0
20:19:50,0
20:19:51,0
20:19:52,0
20:19:53,0
20:19:54,0
20:19:55,0
20:19:56,0
20:19:57,0
20:19:57,0
20:19:58,0
20:19:59,0
20:20:00,0
20:20:01,0
20:20:02,0
20:20:03,0
20:20:04,0
20:20:05,0
20:20:06,0
20:20:06,0
20:20:08,0
20:20:08,0
20:20:09,0
20:20:10,0
20:20:11,0
20:20:12,0
20:20:13,0
20:20:14,0
20:20:14,0
20:20:16,0
20:20:16,0
20:20:17,0
20:20:18,0
20:20:19,0
20:20:20,0
20:20:21,0
20:20:22,0
20:20:22,0
20:20:24,0
20:20:24,0
20:20:25,0
20:20:26,0
20:20:27,0
20:20:28,0
20:20:29,0
20:20:29,0
20:20:30,0
20:20:32,0
20:20:32,0
20:20:33,0
20:20:34,0
20:20:35,0
20:20:36,0
20:20:37,0
20:20:38,0
20:20:38,0
20:20:39,0
20:20:40,0
20:20:41,0
20:20:42,0
20:20:43,0
20:20:44,0
20:20:45,0
20:20:46,0
20:20:46,0
20:20:47,0
20:20:48,0
20:20:49,0
20:20:50,0
20:20:51,0
20:20:52,0
20:20:53,0
20:20:54,0
20:20:54,0
20:20:56,0
20:20:56,0
20:20:57,0
20:20:58,0
20:20:59,0
20:21:00,0
20:21:01,0
20:21:02,0
20:21:02,0
20:21:03,0
20:21:04,0
20:21:05,0
20:21:06,0
20:21:07,0
20:21:08,0
20:21:09,0
20:21:10,0
20:21:10,0
20:21:11,0
20:21:12,0
20:21:13,0
20:21:14,0
20:21:15,0
20:21:16,0
20:21:17,0
20:21:18,0
20:21:18,0
20:21:19,0
20:21:20,0
20:21:21,0
20:21:22,0
20:21:23,0
20:21:24,0
20:21:25,0
20:21:26,0
20:21:26,0
20:21:27,0
20:21:28,0
20:21:29,0
20:21:30,0
20:21:31,0
20:21:32,0
20:21:33,0
20:21:34,0
20:21:34,0
20:21:36,0
20:21:36,0
20:21:37,0
20:21:38,0
20:21:39,0
20:21:40,0
20:21:41,0
20:21:42,0
20:21:43,0
20:21:43,0
20:21:44,0
20:21:45,0
20:21:46,0
20:21:47,0
20:21:48,0
20:21:49,0
20:21:50,0
20:21:51,0
20:21:51,0
20:21:52,0
20:21:53,0
20:21:54,0
20:21:55,0
20:21:56,0
20:21:57,0
20:21:58,0
20:21:59,0
20:21:59,0
20:22:00,0
20:22:01,0
20:22:02,0
20:22:03,0
20:22:04,0
20:22:05,0
20:22:06,0
20:22:06,0
20:22:07,0
20:22:08,0
20:22:09,0
20:22:10,0
20:22:11,0
20:22:12,0
20:22:13,0
20:22:14,0
20:22:14,0
20:22:16,0
20:22:16,0
20:22:17,0
20:22:18,0
20:22:19,0
20:22:20,0
20:22:21,0
20:22:22,0
20:22:22,0
20:22:24,0
20:22:24,0
20:22:25,0
20:22:26,0
20:22:27,0
20:22:28,0
20:22:29,0
20:22:30,0
20:22:30,0
20:22:32,0
20:22:32,0
20:22:33,0
20:22:34,0
20:22:35,0
20:22:36,0
20:22:37,0
20:22:38,0
20:22:38,0
20:22:40,0
20:22:40,0
20:22:41,0
20:22:42,0
20:22:43,0
20:22:44,0
20:22:45,0
20:22:46,0
20:22:46,0
20:22:47,0
20:22:48,0
20:22:49,0
20:22:50,0
20:22:51,0
20:22:52,0
20:22:53,0
20:22:54,0
20:22:54,0
20:22:55,0
20:22:56,0
20:22:57,0
20:22:58,0
20:22:59,0
20:23:00,0
20:23:01,0
20:23:02,2
20:23:02,18
20:23:04,25
20:23:04,25
20:23:05,-6
20:23:06,-61
20:23:07,-61
20:23:08,-61
20:23:09,-61
20:23:10,-61
20:23:10,-61
20:23:11,-61
20:23:12,-61
20:23:13,-61
20:23:14,-61
20:23:15,-61
20:23:16,-35
20:23:17,0
20:23:18,0
20:23:19,0
20:23:19,0
20:23:20,0
20:23:21,0
20:23:22,0
20:23:23,0
20:23:24,0
20:23:25,0
20:23:26,0
20:23:27,0
20:23:27,0
20:23:28,0
20:23:29,0
20:23:30,0
20:23:31,0
20:23:32,0
20:23:33,0
20:23:34,0
20:23:35,0
20:23:35,0
20:23:36,0
20:23:37,0
20:23:38,0
20:23:39,0
20:23:40,0
20:23:41,0
20:23:42,0
20:23:43,0
20:23:43,0
20:23:44,0
20:23:45,0
20:23:46,0
20:23:47,0
20:23:48,0
20:23:49,0
20:23:50,0
20:23:51,0
20:23:51,0
20:23:52,0
20:23:53,0
20:23:54,10
20:23:55,13
20:23:56,13
20:23:57,20
20:23:58,22
20:23:59,22
20:23:59,22
20:24:00,22
20:24:01,22
20:24:02,22
20:24:03,22
20:24:04,22
20:24:05,22
20:24:06,22
20:24:07,22
20:24:07,22
20:24:08,22
20:24:09,22
20:24:10,22
20:24:11,22
20:24:12,22
20:24:13,22
20:24:14,22
20:24:15,22
20:24:15,22
20:24:16,22
20:24:17,22
20:24:18,22
20:24:19,22
20:24:20,22
20:24:21,22
20:24:22,22
20:24:23,22
20:24:23,22
20:24:24,22
20:24:25,22
20:24:26,22
20:24:27,22
20:24:28,22
20:24:29,22
20:24:30,22
20:24:31,22
20:24:31,22
20:24:32,22
20:24:33,22
20:24:34,22
20:24:35,22
20:24:36,22
20:24:37,23
20:24:38,22
20:24:39,22
20:24:39,22
20:24:40,22
20:24:41,22
20:24:42,22
20:24:43,22
20:24:44,22
20:24:45,22
20:24:46,22
20:24:47,22
20:24:47,22
20:24:48,22
20:24:49,22
20:24:50,22
20:24:51,22
20:24:52,22
20:24:53,22
20:24:54,22
20:24:55,22
20:24:55,22
20:24:56,22
20:24:57,22
20:24:58,22
20:24:59,22
20:25:00,22
20:25:01,22
20:25:02,22
20:25:03,22
20:25:03,22
20:25:04,22
20:25:05,22
20:25:06,22
20:25:07,22
20:25:08,22
20:25:09,22
20:25:10,23
20:25:11,-47
20:25:11,-61
20:25:12,-61
20:25:13,-61
20:25:14,-61
20:25:15,-61
20:25:16,-61
20:25:17,-59
20:25:18,13
20:25:19,16
20:25:19,16
20:25:20,16
20:25:21,16
20:25:22,16
20:25:23,16
20:25:24,16
20:25:25,16
20:25:26,16
20:25:27,16
20:25:27,16
20:25:28,16
20:25:29,17
20:25:30,17
20:25:31,17
20:25:32,16
20:25:33,16
20:25:34,16
20:25:35,16
20:25:35,16
20:25:36,16
20:25:37,16
20:25:38,16
20:25:39,16
20:25:40,16
20:25:41,16
20:25:42,16
20:25:43,16
20:25:43,16
20:25:44,16
20:25:45,16
20:25:46,16
20:25:47,16
20:25:48,16
20:25:49,16
20:25:50,16
20:25:51,16
20:25:51,16
20:25:52,16
20:25:53,16
20:25:54,16
20:25:55,16
20:25:56,16
20:25:57,16
20:25:58,16
20:25:59,16
20:25:59,16
20:26:00,16
20:26:01,16
20:26:02,16
20:26:03,16
20:26:04,16
20:26:05,16
20:26:06,16
20:26:07,16
20:26:07,16
20:26:08,16
20:26:09,16
20:26:10,16
20:26:11,16
20:26:12,16
20:26:13,16
20:26:14,16
20:26:15,16
20:26:15,16
20:26:16,16
20:26:17,16
20:26:18,16
20:26:19,16
20:26:20,16
20:26:21,16
20:26:22,16
20:26:23,16
20:26:24,16
20:26:24,16
20:26:25,16
20:26:26,16
20:26:27,16
20:26:28,16
20:26:29,16
20:26:30,16
20:26:31,16
20:26:32,16
20:26:32,16
20:26:33,16
20:26:34,16
20:26:35,16
20:26:36,16
20:26:37,16
20:26:38,16
20:26:39,16
20:26:40,16
20:26:40,16
20:26:41,16
20:26:42,16
20:26:43,16
20:26:44,16
20:26:45,16
20:26:46,16
20:26:47,16
20:26:48,16
20:26:48,16
20:26:49,16
20:26:50,16
20:26:51,16
20:26:52,16
20:26:53,16
20:26:54,16
20:26:55,16
20:26:56,16
20:26:56,16
20:26:57,16
20:26:58,16
20:26:59,16
20:27:00,16
20:27:01,16
20:27:02,16
20:27:03,16
20:27:04,16
20:27:04,16
20:27:05,16
20:27:06,16
20:27:07,16
20:27:08,16
20:27:09,16
20:27:10,16
20:27:11,16
20:27:12,16
20:27:12,16
20:27:13,16
20:27:14,16
20:27:15,16
20:27:16,16
20:27:17,16
20:27:18,16
20:27:19,16
20:27:20,16
20:27:20,16
20:27:21,-8
20:27:22,-61
20:27:23,-61
20:27:24,-61
20:27:25,-61
20:27:26,-61
20:27:27,-61
20:27:28,-61
20:27:28,-61
20:27:29,-61
20:27:30,-61
20:27:31,-2
20:27:32,8
20:27:33,8
20:27:34,8
20:27:35,8
20:27:36,8
20:27:36,8
20:27:37,8
20:27:38,8
20:27:39,8
20:27:40,8
20:27:41,8
20:27:42,8
20:27:43,8
20:27:44,8
20:27:44,8
20:27:45,8
20:27:46,8
20:27:47,8
20:27:48,8
20:27:49,8
20:27:50,8
20:27:51,8
20:27:52,8
20:27:52,8
20:27:53,8
20:27:54,8
20:27:55,8
20:27:56,8
20:27:57,8
20:27:58,8
20:27:59,8
20:28:00,8
20:28:00,8
20:28:01,8
20:28:02,8
20:28:03,8
20:28:04,8
20:28:05,8
20:28:06,8
20:28:07,8
20:28:08,8
20:28:08,8
20:28:09,8
20:28:10,8
20:28:11,8
20:28:12,8
20:28:13,8
20:28:14,14
20:28:15,22
20:28:16,22
20:28:16,22
20:28:17,22
20:28:18,22
20:28:19,22
20:28:20,22
20:28:21,22
20:28:22,22
20:28:23,22
20:28:24,22
20:28:24,22
20:28:25,22
20:28:26,22
20:28:27,22
20:28:28,22
20:28:29,22
20:28:30,22
20:28:31,22
20:28:32,22
20:28:32,22
20:28:33,22
20:28:34,22
20:28:35,22
20:28:36,22
20:28:37,22
20:28:38,22
20:28:39,22
20:28:40,22
20:28:40,22
20:28:41,22
20:28:42,22
20:28:43,22
20:28:44,23
20:28:45,22
20:28:46,22
20:28:47,22
20:28:48,22
20:28:48,22
20:28:49,22
20:28:50,22
20:28:51,22
20:28:52,22
20:28:53,22
20:28:54,22
20:28:55,22
20:28:56,22
20:28:56,22
20:28:57,22
20:28:58,22
20:28:59,22
20:29:00,22
20:29:01,22
20:29:02,22
20:29:03,22
20:29:04,22
20:29:04,22
20:29:05,22
20:29:06,22
20:29:07,22
20:29:08,22
20:29:09,22
20:29:10,22
20:29:11,22
20:29:12,22
20:29:13,22
20:29:13,22
20:29:14,22
20:29:15,22
20:29:16,22
20:29:17,22
20:29:18,22
20:29:19,22
20:29:20,22
20:29:20,22
20:29:21,22
20:29:22,22
20:29:23,22
20:29:24,22
20:29:25,22
20:29:26,22
20:29:27,22
20:29:28,22
20:29:28,22
20:29:29,22
20:29:30,22
20:29:31,22
20:29:32,22
20:29:33,22
20:29:34,22
20:29:35,22
20:29:36,22
20:29:37,22
20:29:37,22
20:29:38,22
20:29:39,22
20:29:40,22
20:29:41,22
20:29:42,22
20:29:43,22
20:29:44,22
20:29:45,22
20:29:45,22
20:29:46,22
20:29:47,22
20:29:48,22
20:29:49,22
20:29:50,22
20:29:51,22
20:29:52,22
20:29:52,22
20:29:53,22
20:29:54,22
20:29:55,22
20:29:56,22
20:29:57,22
20:29:58,22
20:29:59,22
20:30:00,22
20:30:00,22
20:30:01,22
20:30:02,22
20:30:03,22
20:30:04,22
20:30:05,22
20:30:06,22
20:30:07,22
20:30:08,22
20:30:09,22
20:30:09,22
20:30:10,22
20:30:11,22
20:30:12,22
20:30:13,22
20:30:14,22
20:30:15,22
20:30:16,22
20:30:17,22
20:30:17,22
20:30:18,22
20:30:19,22
20:30:20,22
20:30:21,22
20:30:22,22
20:30:23,22
20:30:24,22
20:30:25,22
20:30:25,22
20:30:26,22
20:30:27,22
20:30:28,22
20:30:29,22
20:30:30,22
20:30:31,22
20:30:32,22
20:30:33,22
20:30:33,22
20:30:34,22
20:30:35,22
20:30:36,22
20:30:37,22
20:30:38,22
20:30:39,22
20:30:40,22
20:30:41,22
20:30:41,22
20:30:42,22
20:30:43,22
20:30:44,22
20:30:45,22
20:30:46,22
20:30:47,22
20:30:48,22
20:30:49,22
20:30:49,22
20:30:50,22
20:30:51,22
20:30:52,22
20:30:53,22
20:30:54,22
20:30:55,22
20:30:56,22
20:30:57,22
20:30:57,22
20:30:58,22
20:30:59,22
20:31:00,22
20:31:01,22
20:31:02,22
20:31:03,22
20:31:04,22
20:31:05,22
20:31:05,22
20:31:06,22
20:31:07,22
20:31:08,22
20:31:09,22
20:31:10,22
20:31:11,22
20:31:12,22
20:31:13,22
20:31:13,22
20:31:14,22
20:31:15,22
20:31:16,22
20:31:17,22
20:31:18,22
20:31:19,22
20:31:20,22
20:31:21,22
20:31:21,22
20:31:22,22
20:31:23,22
20:31:24,22
20:31:25,22
20:31:26,22
20:31:27,22
20:31:28,22
20:31:29,22
20:31:29,22
20:31:30,22
20:31:31,22
20:31:32,22
20:31:33,22
20:31:34,22
20:31:35,22
20:31:36,22
20:31:37,22
20:31:37,22
20:31:38,22
20:31:39,22
20:31:40,22
20:31:41,22
20:31:42,22
20:31:43,22
20:31:44,24
20:31:45,-50
20:31:45,-61
20:31:46,-61
20:31:47,-61
20:31:48,-61
20:31:49,-61
20:31:50,-61
20:31:51,-61
20:31:52,-61
20:31:53,-61
20:31:53,-61
20:31:54,-26
20:31:55,12
20:31:56,12
20:31:57,12
20:31:58,12
20:31:59,12
20:32:00,12
20:32:01,12
20:32:02,12
20:32:02,12
20:32:03,12
20:32:04,12
20:32:05,12
20:32:06,12
20:32:07,12
20:32:08,12
20:32:09,12
20:32:10,12
20:32:10,12
20:32:11,12
20:32:12,12
20:32:13,12
20:32:14,12
20:32:15,12
20:32:16,12
20:32:17,12
20:32:18,12
20:32:18,12
20:32:19,12
20:32:20,12
20:32:21,12
20:32:22,12
20:32:23,12
20:32:24,12
20:32:25,12
20:32:26,12
20:32:26,12
20:32:27,12
20:32:28,12
20:32:29,12
20:32:30,12
20:32:31,12
20:32:32,12
20:32:33,12
20:32:34,12
20:32:34,12
20:32:35,12
20:32:36,12
20:32:37,12
20:32:38,12
20:32:39,12
20:32:40,12
20:32:41,12
20:32:42,12
20:32:43,12
20:32:43,12
20:32:44,12
20:32:45,12
20:32:46,12
20:32:47,12
20:32:48,12
20:32:49,12
20:32:50,12
20:32:50,12
20:32:51,12
20:32:52,12
20:32:53,12
20:32:54,12
20:32:55,12
20:32:56,12
20:32:57,12
20:32:58,12
20:32:58,12
20:32:59,12
20:33:00,12
20:33:01,12
20:33:02,12
20:33:03,12
20:33:04,12
20:33:05,12
20:33:06,12
20:33:06,12
20:33:07,12
20:33:08,12
20:33:09,12
20:33:10,12
20:33:11,12
20:33:12,12
20:33:13,12
20:33:14,12
20:33:14,12
20:33:15,12
20:33:16,12
20:33:17,12
20:33:18,12
20:33:19,13
20:33:20,12
20:33:21,12
20:33:22,12
20:33:22,12
20:33:23,12
20:33:24,12
20:33:25,12
20:33:26,12
20:33:27,12
20:33:28,12
20:33:29,12
20:33:30,12
20:33:30,12
20:33:31,12
20:33:32,12
20:33:33,12
20:33:34,13
20:33:35,13
20:33:36,12
20:33:37,12
20:33:38,13
20:33:38,12
20:33:39,12
20:33:40,13
20:33:41,12
20:33:42,12
20:33:43,13
20:33:44,18
20:33:45,15
20:33:46,14
20:33:46,14
20:33:47,12
20:33:48,12
20:33:49,13
20:33:50,14
20:33:51,12
20:33:52,12
20:33:53,13
20:33:54,12
20:33:55,16
20:33:55,15
20:33:56,14
20:33:57,14
20:33:58,13
20:33:59,13
20:34:00,14
20:34:01,12
20:34:01,12
20:34:03,13
20:34:03,12
20:34:04,12
20:34:05,12
20:34:06,12
20:34:07,12
20:34:08,12
20:34:09,12
20:34:09,12
20:34:10,12
20:34:12,12
20:34:12,12
20:34:13,12
20:34:14,12
20:34:15,12
20:34:16,12
20:34:17,12
20:34:18,12
20:34:19,12
20:34:19,12
20:34:20,12
20:34:21,12
20:34:22,12
20:34:23,12
20:34:24,12
20:34:25,12
20:34:26,12
20:34:26,12
20:34:27,12
20:34:28,12
20:34:29,12
20:34:30,12
20:34:31,12
20:34:32,12
20:34:33,12
20:34:34,12
20:34:35,12
20:34:35,12
20:34:36,12
20:34:37,12
20:34:38,12
20:34:39,12
20:34:40,12
20:34:41,12
20:34:42,12
20:34:43,12
20:34:43,12
20:34:44,12
20:34:46,12
20:34:46,12
20:34:47,12
20:34:48,12
20:34:49,12
20:34:50,12
20:34:51,12
20:34:52,12
20:34:52,12
20:34:53,12
20:34:54,12
20:34:55,12
20:34:56,12
20:34:57,12
20:34:58,12
20:34:59,12
20:35:00,13
20:35:00,-13
20:35:01,-61
20:35:02,-61
20:35:03,-61
20:35:04,-61
20:35:05,-61
20:35:06,-61
20:35:07,-61
20:35:08,-61
20:35:08,-61
20:35:10,-61
20:35:10,-61
20:35:11,-61
20:35:12,-61
20:35:13,-25
20:35:14,0
20:35:15,0
20:35:16,0
20:35:16,0
20:35:18,0
20:35:18,0
20:35:19,0
20:35:20,0
20:35:21,0
20:35:22,0
20:35:23,0
20:35:24,0
20:35:24,0
20:35:26,0
20:35:26,0
20:35:27,2
20:35:28,14
20:35:29,20
20:35:30,20
20:35:31,20
20:35:32,20
20:35:32,20
20:35:34,20
20:35:34,20
20:35:35,20
20:35:36,20
20:35:37,20
20:35:38,20
20:35:39,20
20:35:40,20
20:35:40,20
20:35:41,20
20:35:42,20
20:35:43,20
20:35:44,20
20:35:45,20
20:35:46,20
20:35:47,20
20:35:48,20
20:35:48,20
20:35:50,20
20:35:50,20
20:35:51,20
20:35:52,20
20:35:53,20
20:35:54,20
20:35:55,20
20:35:56,20
20:35:56,20
20:35:57,20
20:35:58,20
20:35:59,20
20:36:00,20
20:36:01,20
20:36:02,20
20:36:03,20
20:36:04,20
20:36:05,20
20:36:06,20
20:36:06,20
20:36:07,20
20:36:08,20
20:36:09,20
20:36:10,20
20:36:11,20
20:36:12,20
20:36:12,21
20:36:14,20
20:36:14,20
20:36:15,20
20:36:16,20
20:36:17,20
20:36:18,20
20:36:19,20
20:36:20,20
20:36:21,20
20:36:22,20
20:36:22,20
20:36:23,20
20:36:24,20
20:36:25,20
20:36:26,20
20:36:27,20
20:36:28,20
20:36:28,20
20:36:30,20
20:36:30,20
20:36:31,20
20:36:32,20
20:36:33,20
20:36:34,20
20:36:35,20
20:36:36,20
20:36:36,20
20:36:37,20
20:36:38,20
20:36:39,20
20:36:40,20
20:36:41,20
20:36:42,20
20:36:43,20
20:36:43,20
20:36:44,20
20:36:45,20
20:36:46,20
20:36:47,20
20:36:48,20
20:36:49,20
20:36:50,20
20:36:51,20
20:36:52,20
20:36:52,20
20:36:54,20
20:36:54,20
20:36:55,20
20:36:56,20
20:36:57,20
20:36:58,20
20:36:59,20
20:37:00,20
20:37:00,20
20:37:02,20
20:37:02,20
20:37:03,20
20:37:04,20
20:37:05,20
20:37:06,20
20:37:07,20
20:37:08,20
20:37:08,21
20:37:09,20
20:37:11,20
20:37:11,20
20:37:12,20
20:37:13,20
20:37:14,20
20:37:15,20
20:37:16,20
20:37:17,20
20:37:18,20
20:37:18,20
20:37:19,20
20:37:20,20
20:37:21,20
20:37:22,20
20:37:23,20
20:37:24,20
20:37:24,20
20:37:26,20
20:37:26,20
20:37:27,20
20:37:28,20
20:37:29,20
20:37:30,20
20:37:31,21
20:37:32,20
20:37:32,20
20:37:34,20
20:37:34,20
20:37:35,20
20:37:36,20
20:37:37,20
20:37:38,20
20:37:39,20
20:37:40,20
20:37:40,20
20:37:42,20
20:37:42,20
20:37:43,20
20:37:44,20
20:37:45,20
20:37:46,20
20:37:47,20
20:37:48,20
20:37:48,20
20:37:50,20
20:37:50,20
20:37:51,20
20:37:52,20
20:37:53,20
20:37:54,20
20:37:55,20
20:37:56,20
20:37:56,20
20:37:58,20
20:37:58,20
20:37:59,20
20:38:00,20
20:38:01,20
20:38:02,20
20:38:03,20
20:38:04,20
20:38:04,20
20:38:05,20
20:38:06,20
20:38:07,20
20:38:08,20
20:38:09,20
20:38:10,20
20:38:11,20
20:38:12,20
20:38:12,20
20:38:14,20
20:38:14,20
20:38:15,20
20:38:16,20
20:38:17,20
20:38:18,20
20:38:19,21
20:38:20,20
20:38:20,20
20:38:22,20
20:38:22,20
20:38:23,20
20:38:24,20
20:38:25,20
20:38:26,20
20:38:27,20
20:38:28,20
20:38:28,20
20:38:29,20
20:38:30,20
20:38:31,20
20:38:32,20
20:38:33,20
20:38:34,20
20:38:35,21
20:38:36,20
20:38:36,20
20:38:37,20
20:38:38,20
20:38:39,20
20:38:40,20
20:38:41,20
20:38:42,20
20:38:43,20
20:38:43,20
20:38:44,20
20:38:45,20
20:38:46,20
20:38:47,20
20:38:48,20
20:38:49,20
20:38:50,20
20:38:51,20
20:38:52,20
20:38:52,20
20:38:53,20
20:38:54,20
20:38:55,20
20:38:56,20
20:38:57,20
20:38:58,20
20:38:59,20
20:38:59,20
20:39:00,20
20:39:02,20
20:39:02,20
20:39:03,20
20:39:04,20
20:39:05,20
20:39:06,20
20:39:07,20
20:39:08,20
20:39:09,20
20:39:10,20
20:39:10,20
20:39:11,20
20:39:12,20
20:39:13,20
20:39:14,20
20:39:15,20
20:39:16,20
20:39:16,20
20:39:17,20
20:39:18,20
20:39:19,20
20:39:20,20
20:39:21,20
20:39:22,20
20:39:23,20
20:39:24,20
20:39:24,20
20:39:25,20
20:39:26,20
20:39:27,20
20:39:28,20
20:39:29,20
20:39:30,20
20:39:31,20
20:39:31,20
20:39:32,20
20:39:34,20
20:39:34,20
20:39:35,20
20:39:36,20
20:39:37,20
20:39:38,21
20:39:39,-40
20:39:40,-61
20:39:40,-61
20:39:42,-61
20:39:42,-61
20:39:43,-61
20:39:44,-61
20:39:45,-61
20:39:46,-61
20:39:47,-61
20:39:48,-61
20:39:48,-61
20:39:49,-61
20:39:50,-61
20:39:51,-61
20:39:52,-61
20:39:53,-3
20:39:54,8
20:39:55,8
20:39:56,8
20:39:56,8
20:39:57,8
20:39:58,8
20:39:59,8
20:40:00,8
20:40:01,8
20:40:02,8
20:40:03,8
20:40:04,8
20:40:04,8
20:40:05,8
20:40:06,8
20:40:07,8
20:40:08,8
20:40:09,8
20:40:10,8
20:40:11,8
20:40:12,8
20:40:12,8
20:40:14,8
20:40:14,8
20:40:15,8
20:40:16,8
20:40:17,8
20:40:18,8
20:40:19,8
20:40:20,8
20:40:20,8
20:40:22,8
20:40:22,8
20:40:23,8
20:40:24,8
20:40:25,8
20:40:26,8
20:40:27,8
20:40:28,8
20:40:29,8
20:40:29,8
20:40:30,8
20:40:31,8
20:40:32,8
20:40:33,8
20:40:34,8
20:40:35,8
20:40:36,8
20:40:36,8
20:40:38,8
20:40:38,8
20:40:39,8
20:40:41,8
20:40:41,8
20:40:42,8
20:40:43,8
20:40:44,8
20:40:45,8
20:40:46,8
20:40:47,8
20:40:47,8
20:40:49,8
20:40:49,8
20:40:50,8
20:40:51,8
20:40:52,8
20:40:53,8
20:40:54,8
20:40:55,8
20:40:55,8
20:40:56,8
20:40:57,8
20:40:58,8
20:40:59,8
20:41:00,8
20:41:01,8
20:41:02,8
20:41:03,8
20:41:03,8
20:41:05,8
20:41:05,8
20:41:06,8
20:41:07,8
20:41:08,8
20:41:09,8
20:41:10,8
20:41:11,8
20:41:11,8
20:41:13,8
20:41:13,8
20:41:14,8
20:41:15,8
20:41:16,8
20:41:17,8
20:41:18,8
20:41:19,8
20:41:19,8
20:41:20,8
20:41:21,8
20:41:22,8
20:41:23,8
20:41:24,8
20:41:25,8
20:41:26,8
20:41:27,8
20:41:27,10
20:41:28,17
20:41:29,24
20:41:30,25
20:41:31,25
20:41:32,25
20:41:33,25
20:41:34,25
20:41:35,25
20:41:35,25
20:41:37,25
20:41:37,25
20:41:38,25
20:41:39,25
20:41:40,25
20:41:41,25
20:41:42,25
20:41:43,25
20:41:43,25
20:41:45,25
20:41:45,25
20:41:46,25
20:41:47,25
20:41:48,25
20:41:49,25
20:41:50,25
20:41:50,25
20:41:51,25
20:41:52,25
20:41:53,25
20:41:54,25
20:41:55,25
20:41:56,25
20:41:57,25
20:41:58,25
20:41:58,25
20:41:59,25
20:42:00,25
20:42:01,25
20:42:02,25
20:42:03,25
20:42:04,25
20:42:05,25
20:42:06,25
20:42:06,25
20:42:07,25
20:42:09,25
20:42:09,25
20:42:10,25
20:42:11,25
20:42:12,25
20:42:13,25
20:42:14,25
20:42:15,25
20:42:15,25
20:42:17,25
20:42:17,25
20:42:18,25
20:42:19,25
20:42:20,25
20:42:21,25
20:42:22,25
20:42:23,25
20:42:23,25
20:42:24,25
20:42:25,25
20:42:26,25
20:42:27,25
20:42:28,25
20:42:28,25
20:42:29,25
20:42:31,25
20:42:31,25
20:42:33,25
20:42:33,25
20:42:34,25
20:42:35,25
20:42:36,25
20:42:37,25
20:42:38,25
20:42:39,25
20:42:39,25
20:42:41,25
20:42:41,25
20:42:42,25
20:42:43,25
20:42:44,25
20:42:45,25
20:42:46,25
20:42:47,25
20:42:47,25
20:42:48,25
20:42:49,25
20:42:50,25
20:42:51,25
20:42:52,25
20:42:53,25
20:42:54,25
20:42:55,25
20:42:55,25
20:42:56,25
20:42:57,25
20:42:58,25
20:42:59,25
20:43:00,25
20:43:01,25
20:43:02,25
20:43:03,25
20:43:03,25
20:43:04,25
20:43:06,25
20:43:06,25
20:43:07,25
20:43:08,25
20:43:09,25
20:43:10,25
20:43:11,25
20:43:12,25
20:43:13,25
20:43:13,25
20:43:14,25
20:43:15,25
20:43:16,25
20:43:17,25
20:43:18,25
20:43:19,25
20:43:20,25
20:43:21,25
20:43:21,25
20:43:22,25
20:43:23,25
20:43:24,25
20:43:25,25
20:43:26,25
20:43:27,25
20:43:28,25
20:43:29,25
20:43:29,25
20:43:30,25
20:43:31,25
20:43:32,25
20:43:33,25
20:43:34,25
20:43:35,25
20:43:36,25
20:43:36,25
20:43:37,25
20:43:38,25
20:43:39,25
20:43:40,25
20:43:41,25
20:43:42,25
20:43:43,25
20:43:44,25
20:43:44,25
20:43:45,25
20:43:46,25
20:43:47,25
20:43:48,25
20:43:49,25
20:43:50,25
20:43:51,25
20:43:52,25
20:43:53,25
20:43:53,25
20:43:54,25
20:43:55,25
20:43:56,25
20:43:57,25
20:43:58,25
20:43:59,25
20:43:59,25
20:44:01,25
20:44:01,25
20:44:02,25
20:44:03,25
20:44:04,25
20:44:05,25
20:44:06,25
20:44:07,25
20:44:07,25
20:44:08,25
20:44:09,25
20:44:10,25
20:44:11,25
20:44:12,25
20:44:13,25
20:44:14,25
20:44:15,25
20:44:15,25
20:44:17,25
20:44:17,25
20:44:18,25
20:44:19,25
20:44:20,25
20:44:21,25
20:44:22,25
20:44:23,25
20:44:23,25
20:44:24,25
20:44:25,25
20:44:26,25
20:44:27,25
20:44:28,25
20:44:29,25
20:44:30,25
20:44:31,25
20:44:31,25
20:44:33,25
20:44:33,25
20:44:34,25
20:44:35,25
20:44:36,25
20:44:37,25
20:44:38,25
20:44:39,25
20:44:39,25
20:44:41,25
20:44:41,25
20:44:42,25
20:44:43,25
20:44:44,25
20:44:45,25
20:44:46,25
20:44:47,25
20:44:47,25
20:44:49,25
20:44:49,25
20:44:50,25
20:44:51,25
20:44:52,25
20:44:53,25
20:44:54,25
20:44:55,25
20:44:55,25
20:44:57,25
20:44:57,25
20:44:58,25
20:44:59,25
20:45:00,25
20:45:01,25
20:45:02,25
20:45:03,25
20:45:03,25
20:45:05,25
20:45:05,25
20:45:06,25
20:45:07,25
20:45:08,25
20:45:09,25
20:45:10,25
20:45:11,25
20:45:11,25
20:45:13,25
20:45:13,25
20:45:14,25
20:45:15,25
20:45:16,25
20:45:17,25
20:45:18,25
20:45:19,25
20:45:19,25
20:45:21,25
20:45:21,25
20:45:22,25
20:45:23,25
20:45:24,25
20:45:25,25
20:45:26,25
20:45:27,25
20:45:27,25
20:45:28,25
20:45:29,25
20:45:30,25
20:45:31,-55
20:45:32,-61
20:45:33,-61
20:45:34,-61
20:45:35,-61
20:45:35,-61
20:45:36,-61
20:45:37,-61
20:45:38,-61
20:45:39,-61
20:45:40,-61
20:45:41,-61
20:45:42,-61
20:45:43,-61
20:45:43,-61
20:45:45,-61
20:45:45,-61
20:45:46,-61
20:45:47,-61
20:45:48,-61
20:45:49,-61
20:45:50,-61
20:45:51,-61
20:45:51,-61
20:45:52,-61
20:45:53,-61
20:45:54,-61
20:45:55,-61
20:45:56,-61
20:45:57,-61
20:45:58,-61
20:45:59,-61
20:45:59,-61
20:46:01,-39
20:46:01,4
20:46:02,4
20:46:03,4
20:46:04,4
20:46:05,4
20:46:06,4
20:46:07,4
20:46:07,5
20:46:09,11
20:46:09,19
20:46:10,23
20:46:11,23
20:46:12,23
20:46:13,23
20:46:14,23
20:46:15,23
20:46:16,23
20:46:17,23
20:46:17,23
20:46:18,23
20:46:19,23
20:46:20,23
20:46:21,23
20:46:22,23
20:46:23,23
20:46:23,23
20:46:25,23
20:46:25,23
20:46:26,23
20:46:27,23
20:46:28,23
20:46:29,23
20:46:30,23
20:46:31,23
20:46:31,23
20:46:32,23
20:46:33,23
20:46:34,23
20:46:35,23
20:46:36,23
20:46:37,23
20:46:38,23
20:46:39,23
20:46:39,23
20:46:40,23
20:46:41,23
20:46:42,23
20:46:43,23
20:46:44,23
20:46:45,23
20:46:46,23
20:46:47,23
20:46:47,23
20:46:48,23
20:46:49,23
20:46:50,23
20:46:51,23
20:46:52,23
20:46:53,23
20:46:54,23
20:46:55,23
20:46:55,23
20:46:57,23
20:46:57,23
20:46:58,23
20:46:59,23
20:47:00,23
20:47:01,23
20:47:02,23
20:47:03,23
20:47:03,23
20:47:05,23
20:47:05,23
20:47:06,23
20:47:07,23
20:47:08,23
20:47:09,23
20:47:10,23
20:47:11,23
20:47:11,23
20:47:13,23
20:47:13,23
20:47:14,23
20:47:15,23
20:47:16,23
20:47:17,23
20:47:18,23
20:47:19,23
20:47:19,23
20:47:21,23
20:47:21,23
20:47:22,23
20:47:23,23
20:47:24,23
20:47:25,23
20:47:26,23
20:47:27,23
20:47:27,23
20:47:29,23
20:47:29,23
20:47:30,23
20:47:31,23
20:47:32,23
20:47:33,23
20:47:34,23
20:47:35,23
20:47:35,23
20:47:37,23
20:47:37,23
20:47:38,23
20:47:39,23
20:47:40,23
20:47:41,23
20:47:42,23
20:47:43,23
20:47:43,23
20:47:45,23
20:47:45,23
20:47:46,23
20:47:47,23
20:47:48,23
20:47:49,23
20:47:50,23
20:47:51,23
20:47:51,23
20:47:52,23
20:47:53,23
20:47:54,23
20:47:55,23
20:47:56,23
20:47:57,23
20:47:58,23
20:47:58,23
20:47:59,23
20:48:00,23
20:48:01,23
20:48:02,23
20:48:03,23
20:48:04,23
20:48:05,23
20:48:06,23
20:48:06,23
20:48:07,23
20:48:08,23
20:48:09,23
20:48:10,23
20:48:11,23
20:48:12,23
20:48:13,23
20:48:14,23
20:48:14,23
20:48:15,23
20:48:16,23
20:48:17,23
20:48:18,23
20:48:19,23
20:48:20,23
20:48:21,23
20:48:22,23
20:48:22,23
20:48:23,23
20:48:25,23
20:48:25,23
20:48:26,23
20:48:27,23
20:48:28,23
20:48:29,23
20:48:30,23
20:48:31,23
20:48:31,23
20:48:33,23
20:48:33,23
20:48:34,23
20:48:35,23
20:48:36,23
20:48:37,23
20:48:38,23
20:48:39,23
20:48:39,23
20:48:41,23
20:48:41,23
20:48:42,23
20:48:43,23
20:48:44,23
20:48:45,23
20:48:46,23
20:48:47,23
20:48:47,23
20:48:49,23
20:48:49,23
20:48:50,23
20:48:51,23
20:48:52,23
20:48:53,23
20:48:54,23
20:48:55,23
20:48:55,23
20:48:57,23
20:48:57,23
20:48:58,23
20:49:00,23
20:49:00,23
20:49:01,23
20:49:02,23
20:49:03,23
20:49:04,23
20:49:05,23
20:49:06,23
20:49:06,23
20:49:07,23
20:49:08,23
20:49:09,23
20:49:10,23
20:49:11,23
20:49:12,23
20:49:13,23
20:49:14,23
20:49:14,23
20:49:16,23
20:49:16,23
20:49:17,23
20:49:18,23
20:49:19,23
20:49:20,23
20:49:21,23
20:49:22,23
20:49:22,23
20:49:23,23
20:49:24,23
20:49:25,23
20:49:26,23
20:49:27,23
20:49:28,23
20:49:29,23
20:49:30,23
20:49:30,23
20:49:31,23
20:49:32,23
20:49:33,23
20:49:34,23
20:49:35,23
20:49:36,23
20:49:37,23
20:49:37,23
20:49:38,23
20:49:39,23
20:49:40,23
20:49:41,23
20:49:42,23
20:49:43,23
20:49:44,23
20:49:45,23
20:49:45,23
20:49:46,23
20:49:47,23
20:49:48,23
20:49:49,23
20:49:50,23
20:49:51,23
20:49:52,24
20:49:52,23
20:49:53,23
20:49:54,23
20:49:55,23
20:49:56,23
20:49:57,23
20:49:58,23
20:49:59,23
20:50:00,23
20:50:01,23
20:50:01,23
20:50:02,23
20:50:04,23
20:50:04,23
20:50:05,23
20:50:06,23
20:50:07,23
20:50:08,23
20:50:09,23
20:50:10,23
20:50:10,23
20:50:11,23
20:50:12,23
20:50:13,23
20:50:14,23
20:50:15,23
20:50:16,23
20:50:17,23
20:50:18,23
20:50:18,23
20:50:19,23
20:50:20,23
20:50:21,23
20:50:22,23
20:50:23,23
20:50:24,23
20:50:25,23
20:50:26,23
20:50:26,23
20:50:27,23
20:50:28,23
20:50:29,23
20:50:30,23
20:50:31,23
20:50:32,-54
20:50:33,-61
20:50:33,-61
20:50:34,-61
20:50:35,-61
20:50:36,-61
20:50:37,-61
20:50:38,-61
20:50:39,-61
20:50:40,-61
20:50:41,-21
20:50:41,2
20:50:42,2
20:50:43,2
20:50:44,2
20:50:45,2
20:50:46,2
20:50:47,2
20:50:48,2
20:50:49,2
20:50:49,2
20:50:50,2
20:50:52,2
20:50:52,2
20:50:53,3
20:50:54,16
20:50:55,29
20:50:56,35
20:50:57,35
20:50:58,35
20:50:58,35
20:51:00,35
20:51:00,35
20:51:01,35
20:51:02,37
20:51:03,35
20:51:04,35
20:51:05,35
20:51:06,35
20:51:06,35
20:51:07,35
20:51:08,35
20:51:09,35
20:51:10,35
20:51:11,35
20:51:12,35
20:51:13,35
20:51:14,35
20:51:14,35
20:51:15,35
20:51:16,35
20:51:17,35
20:51:18,35
20:51:19,35
20:51:20,35
20:51:21,35
20:51:22,35
20:51:22,35
20:51:24,35
20:51:24,35
20:51:25,35
20:51:26,35
20:51:27,35
20:51:28,35
20:51:29,35
20:51:30,35
20:51:30,35
20:51:32,35
20:51:32,35
20:51:33,35
20:51:34,35
20:51:35,35
20:51:36,35
20:51:37,35
20:51:38,35
20:51:38,35
20:51:39,35
20:51:40,35
20:51:41,35
20:51:42,35
20:51:43,35
20:51:44,35
20:51:45,35
20:51:46,35
20:51:46,35
20:51:47,35
20:51:48,35
20:51:49,35
20:51:50,35
20:51:51,35
20:51:52,35
20:51:53,35
20:51:54,35
20:51:54,35
20:51:55,35
20:51:56,35
20:51:57,35
20:51:58,35
20:51:59,35
20:52:00,35
20:52:01,35
20:52:01,35
20:52:02,35
20:52:03,35
20:52:04,35
20:52:05,35
20:52:06,35
20:52:07,35
20:52:08,35
20:52:09,35
20:52:10,35
20:52:10,35
20:52:11,35
20:52:12,35
20:52:13,35
20:52:14,35
20:52:15,35
20:52:16,35
20:52:17,35
20:52:18,35
20:52:18,35
20:52:19,35
20:52:20,35
20:52:21,35
20:52:22,35
20:52:23,35
20:52:24,35
20:52:25,35
20:52:26,35
20:52:26,35
20:52:27,35
20:52:28,35
20:52:29,35
20:52:30,35
20:52:31,35
20:52:32,35
20:52:33,35
20:52:34,35
20:52:34,35
20:52:35,35
20:52:36,35
20:52:37,35
20:52:38,35
20:52:39,-40
20:52:40,-61
20:52:41,-61
20:52:42,-61
20:52:42,-61
20:52:43,-61
20:52:44,-61
20:52:45,-61
20:52:46,-61
20:52:47,-61
20:52:48,-61
20:52:49,-61
20:52:50,-61
20:52:50,-61
20:52:51,-61
20:52:52,-58
20:52:53,20
20:52:54,21
20:52:55,21
20:52:56,21
20:52:57,21
20:52:58,21
20:52:58,21
20:53:00,21
20:53:00,21
20:53:01,21
20:53:02,21
20:53:03,21
20:53:04,21
20:53:05,21
20:53:06,21
20:53:06,21
20:53:08,21
20:53:08,21
20:53:09,21
20:53:10,21
20:53:11,21
20:53:12,21
20:53:13,21
20:53:14,21
20:53:14,21
20:53:16,21
20:53:16,21
20:53:17,21
20:53:18,21
20:53:19,21
20:53:20,21
20:53:21,21
20:53:22,21
20:53:22,21
20:53:23,21
20:53:24,21
20:53:25,21
20:53:26,21
20:53:27,21
20:53:28,21
20:53:29,21
20:53:30,21
20:53:30,21
20:53:31,21
20:53:32,21
20:53:33,21
20:53:34,21
20:53:35,21
20:53:36,21
20:53:37,21
20:53:38,21
20:53:38,21
20:53:39,21
20:53:40,21
20:53:41,21
20:53:42,21
20:53:43,21
20:53:44,21
20:53:45,21
20:53:46,21
20:53:46,21
20:53:47,21
20:53:48,21
20:53:49,21
20:53:50,21
20:53:51,21
20:53:52,21
20:53:53,21
20:53:54,21
20:53:54,21
20:53:55,21
20:53:56,21
20:53:57,21
20:53:58,21
20:53:59,21
20:54:00,21
20:54:01,21
20:54:02,21
20:54:02,21
20:54:03,21
20:54:04,21
20:54:05,21
20:54:06,21
20:54:07,21
20:54:08,21
20:54:09,21
20:54:10,21
20:54:10,21
20:54:12,21
20:54:12,21
20:54:13,21
20:54:14,21
20:54:15,21
20:54:16,21
20:54:17,21
20:54:18,21
20:54:18,21
20:54:20,21
20:54:20,21
20:54:21,21
20:54:22,21
20:54:23,21
20:54:24,21
20:54:25,21
20:54:26,21
20:54:26,21
20:54:28,21
20:54:28,21
20:54:29,21
20:54:30,21
20:54:31,21
20:54:32,21
20:54:33,21
20:54:34,21
20:54:34,21
20:54:35,21
20:54:36,21
20:54:37,21
20:54:38,21
20:54:39,21
20:54:40,21
20:54:41,21
20:54:42,21
20:54:42,21
20:54:43,21
20:54:44,21
20:54:45,21
20:54:46,21
20:54:47,21
20:54:48,21
20:54:49,21
20:54:50,21
20:54:50,21
20:54:51,21
20:54:52,21
20:54:53,21
20:54:54,21
20:54:55,21
20:54:56,21
20:54:57,21
20:54:58,21
20:54:58,21
20:55:00,21
20:55:00,21
20:55:01,21
20:55:02,21
20:55:03,21
20:55:04,21
20:55:05,21
20:55:06,21
20:55:07,21
20:55:07,21
20:55:08,21
20:55:09,21
20:55:10,21
20:55:11,21
20:55:12,21
20:55:13,21
20:55:14,21
20:55:14,21
20:55:16,21
20:55:16,21
20:55:17,21
20:55:18,21
20:55:19,21
20:55:20,21
20:55:21,21
20:55:22,21
20:55:22,21
20:55:24,21
20:55:24,21
20:55:25,21
20:55:26,21
20:55:27,21
20:55:28,21
20:55:29,21
20:55:30,21
20:55:30,21
20:55:32,21
20:55:32,21
20:55:33,21
20:55:34,21
20:55:35,21
20:55:36,21
20:55:37,21
20:55:38,21
20:55:38,21
20:55:40,21
20:55:40,21
20:55:41,21
20:55:42,21
20:55:43,21
20:55:44,21
20:55:45,21
20:55:46,21
20:55:46,21
20:55:48,21
20:55:48,21
20:55:49,21
20:55:50,21
20:55:51,21
20:55:52,21
20:55:53,21
20:55:54,21
20:55:54,21
20:55:55,21
20:55:56,21
20:55:57,21
20:55:58,21
20:55:59,21
20:56:00,21
20:56:01,21
20:56:02,21
20:56:02,21
20:56:03,21
20:56:04,21
20:56:05,21
20:56:06,21
20:56:07,21
20:56:08,21
20:56:09,21
20:56:10,21
20:56:11,21
20:56:12,21
20:56:12,21
20:56:13,21
20:56:14,21
20:56:15,21
20:56:16,21
20:56:17,21
20:56:18,21
20:56:19,21
20:56:19,21
20:56:20,21
20:56:21,21
20:56:22,21
20:56:23,21
20:56:24,21
20:56:25,21
20:56:26,21
20:56:27,21
20:56:27,21
20:56:28,21
20:56:29,21
20:56:30,21
20:56:31,21
20:56:32,21
20:56:33,21
20:56:34,21
20:56:35,21
20:56:35,21
20:56:36,21
20:56:37,21
20:56:38,21
20:56:39,21
20:56:40,21
20:56:41,21
20:56:42,21
20:56:42,21
20:56:44,21
20:56:44,21
20:56:45,21
20:56:46,21
20:56:47,21
20:56:48,21
20:56:49,21
20:56:50,21
20:56:50,21
20:56:52,21
20:56:52,21
20:56:53,21
20:56:54,21
20:56:55,21
20:56:56,21
20:56:57,21
20:56:58,21
20:56:58,21
20:56:59,21
20:57:00,21
20:57:01,21
20:57:02,21
20:57:03,21
20:57:04,21
20:57:05,21
20:57:06,21
20:57:06,21
20:57:07,21
20:57:08,21
20:57:09,21
20:57:10,21
20:57:11,21
20:57:12,21
20:57:13,21
20:57:14,21
20:57:15,21
20:57:16,21
20:57:16,21
20:57:17,21
20:57:18,21
20:57:19,21
20:57:20,21
20:57:21,21
20:57:22,21
20:57:22,21
20:57:23,21
20:57:24,21
20:57:25,21
20:57:26,21
20:57:27,21
20:57:28,21
20:57:29,21
20:57:30,21
20:57:30,21
20:57:32,21
20:57:32,21
20:57:33,21
20:57:34,21
20:57:35,21
20:57:36,21
20:57:37,21
20:57:38,21
20:57:38,21
20:57:40,21
20:57:40,21
20:57:41,21
20:57:42,21
20:57:43,21
20:57:44,21
20:57:45,-7
20:57:46,-61
20:57:46,-61
20:57:48,-61
20:57:48,-61
20:57:49,-61
20:57:50,-61
20:57:51,-61
20:57:52,-61
20:57:53,-61
20:57:54,-61
20:57:54,-61
20:57:56,-61
20:57:56,-61
20:57:57,-61
20:57:58,-61
20:57:59,-40
20:58:00,0
20:58:01,0
20:58:02,0
20:58:02,0
20:58:03,0
20:58:04,0
20:58:05,0
20:58:06,0
20:58:07,0
20:58:08,0
20:58:09,0
20:58:10,0
20:58:10,0
20:58:11,0
20:58:12,0
20:58:13,0
20:58:14,0
20:58:15,0
20:58:16,0
20:58:17,0
20:58:18,0
20:58:18,0
20:58:19,0
20:58:20,0
20:58:21,0
20:58:22,0
20:58:23,0
20:58:24,0
20:58:25,0
20:58:26,0
20:58:26,0
20:58:28,0
20:58:28,0
20:58:29,0
20:58:30,0
20:58:31,0
20:58:32,0
20:58:33,0
20:58:34,0
20:58:34,0
20:58:36,0
20:58:36,0
20:58:37,0
20:58:38,0
20:58:39,0
20:58:40,0
20:58:41,0
20:58:42,0
20:58:42,0
20:58:43,0
20:58:44,0
20:58:45,0
20:58:46,0
20:58:47,0
20:58:48,0
20:58:49,0
20:58:50,0
20:58:50,0
20:58:51,0
20:58:52,0
20:58:53,0
20:58:54,0
20:58:55,0
20:58:56,0
20:58:57,0
20:58:58,0
20:58:58,0
20:58:59,0
20:59:00,0
20:59:01,0
20:59:02,0
20:59:03,0
20:59:04,0
20:59:05,0
20:59:06,0
20:59:07,0
20:59:07,0
20:59:08,0
20:59:09,0
20:59:10,0
20:59:11,0
20:59:12,0
20:59:13,0
20:59:14,0
20:59:14,0
20:59:15,0
20:59:16,0
20:59:17,0
20:59:18,0
20:59:19,0
20:59:20,0
20:59:21,0
20:59:22,0
20:59:22,0
20:59:23,0
20:59:24,0
20:59:25,0
20:59:26,0
20:59:27,0
20:59:28,0
20:59:29,0
20:59:30,0
20:59:30,0
20:59:31,0
20:59:32,0
20:59:33,0
20:59:34,0
20:59:35,0
20:59:36,0
20:59:37,0
