18:22:31,0
18:22:31,0
18:22:32,0
18:22:33,-3
18:22:34,-74
18:22:35,-75
18:22:36,-49
18:22:37,0
18:22:38,0
18:22:38,0
18:22:39,0
18:22:40,0
18:22:41,0
18:22:42,0
18:22:43,0
18:22:44,0
18:22:45,0
18:22:46,0
18:22:46,0
18:22:47,0
18:22:48,0
18:22:49,1
18:22:50,10
18:22:51,23
18:22:52,28
18:22:53,28
18:22:53,28
18:22:54,28
18:22:55,28
18:22:56,28
18:22:57,28
18:22:58,28
18:22:59,28
18:23:00,28
18:23:00,28
18:23:01,28
18:23:02,28
18:23:03,28
18:23:04,28
18:23:05,28
18:23:06,-4
18:23:07,-76
18:23:07,-76
18:23:08,-76
18:23:09,-76
18:23:10,-76
18:23:11,-76
18:23:12,-76
18:23:13,-69
18:23:14,-70
18:23:14,-76
18:23:15,-76
18:23:16,-76
18:23:17,-76
18:23:18,-76
18:23:19,-76
18:23:20,-76
18:23:21,-76
18:23:21,-76
18:23:22,-76
18:23:23,-76
18:23:24,-76
18:23:25,-76
18:23:26,-45
18:23:27,1
18:23:28,1
18:23:28,1
18:23:29,1
18:23:30,1
18:23:31,1
18:23:32,1
18:23:33,1
18:23:34,1
18:23:35,1
18:23:35,1
18:23:36,1
18:23:37,1
18:23:38,1
18:23:39,1
18:23:40,1
18:23:41,1
18:23:42,1
18:23:42,1
18:23:43,1
18:23:44,1
18:23:45,1
18:23:46,1
18:23:47,1
18:23:48,1
18:23:49,1
18:23:49,1
18:23:50,1
18:23:51,1
18:23:52,1
18:23:53,1
18:23:54,1
18:23:55,1
18:23:56,1
18:23:56,1
18:23:57,1
18:23:58,1
18:23:59,1
18:24:00,1
18:24:01,1
18:24:02,1
18:24:03,1
18:24:04,1
18:24:04,1
18:24:05,1
18:24:06,1
18:24:07,1
18:24:08,1
18:24:09,1
18:24:10,1
18:24:11,1
18:24:11,1
18:24:12,1
18:24:13,1
18:24:14,1
18:24:15,1
18:24:16,1
18:24:17,1
18:24:18,1
18:24:18,1
18:24:19,1
18:24:20,1
18:24:21,1
18:24:22,1
18:24:23,1
18:24:24,1
18:24:25,1
18:24:25,1
18:24:26,1
18:24:27,1
18:24:28,1
18:24:29,1
18:24:30,1
18:24:31,1
18:24:32,1
18:24:32,1
18:24:33,1
18:24:34,1
18:24:35,1
18:24:36,1
18:24:37,1
18:24:38,1
18:24:39,1
18:24:39,1
18:24:40,1
18:24:41,1
18:24:42,1
18:24:43,1
18:24:44,1
18:24:45,1
18:24:46,1
18:24:46,1
18:24:47,1
18:24:48,1
18:24:49,1
18:24:50,1
18:24:51,1
18:24:52,1
18:24:53,1
18:24:53,1
18:24:54,1
18:24:55,1
18:24:56,1
18:24:57,1
18:24:58,1
18:24:59,1
18:25:00,1
18:25:00,1
18:25:01,1
18:25:02,1
18:25:03,1
18:25:04,1
18:25:05,1
18:25:06,1
18:25:07,1
18:25:08,1
18:25:08,1
18:25:09,1
18:25:10,1
18:25:11,1
18:25:12,1
18:25:13,1
18:25:14,1
18:25:15,1
18:25:15,1
18:25:16,1
18:25:17,1
18:25:18,1
18:25:19,1
18:25:20,1
18:25:21,1
18:25:22,1
18:25:22,1
18:25:23,1
18:25:24,1
18:25:25,1
18:25:26,1
18:25:27,1
18:25:28,1
18:25:29,1
18:25:29,1
18:25:30,1
18:25:31,1
18:25:32,1
18:25:33,1
18:25:34,1
18:25:35,1
18:25:36,1
18:25:36,1
18:25:37,1
18:25:38,1
18:25:39,1
18:25:40,1
18:25:41,1
18:25:42,1
18:25:43,1
18:25:43,1
18:25:44,1
18:25:45,1
18:25:46,1
18:25:47,1
18:25:48,1
18:25:49,1
18:25:50,1
18:25:50,1
18:25:51,1
18:25:52,1
18:25:53,1
18:25:54,1
18:25:55,1
18:25:56,1
18:25:57,1
18:25:57,1
18:25:58,1
18:25:59,1
18:26:00,1
18:26:01,1
18:26:02,1
18:26:03,1
18:26:04,1
18:26:04,1
18:26:05,-64
18:26:06,-74
18:26:07,-74
18:26:08,-74
18:26:09,-74
18:26:10,-74
18:26:11,-74
18:26:11,-74
18:26:12,-74
18:26:13,-74
18:26:14,-74
18:26:15,-34
18:26:16,27
18:26:17,27
18:26:18,27
18:26:18,27
18:26:19,27
18:26:20,27
18:26:21,27
18:26:22,27
18:26:23,27
18:26:24,27
18:26:25,27
18:26:26,27
18:26:26,27
18:26:27,27
18:26:28,27
18:26:29,27
18:26:30,27
18:26:31,27
18:26:32,27
18:26:33,27
18:26:33,27
18:26:34,27
18:26:35,27
18:26:36,27
18:26:37,27
18:26:38,27
18:26:39,27
18:26:40,27
18:26:40,27
18:26:41,27
18:26:42,27
18:26:43,27
18:26:44,27
18:26:45,27
18:26:46,27
18:26:47,27
18:26:47,27
18:26:48,27
18:26:49,27
18:26:50,27
18:26:51,-11
18:26:52,-73
18:26:53,-73
18:26:54,-73
18:26:54,-73
18:26:55,-73
18:26:56,-73
18:26:57,-74
18:26:58,-74
18:26:59,-27
18:27:00,0
18:27:01,0
18:27:01,0
18:27:02,0
18:27:03,0
18:27:04,0
18:27:05,0
18:27:06,0
18:27:07,0
18:27:08,0
18:27:08,0
18:27:09,0
18:27:10,0
18:27:11,0
18:27:12,0
18:27:13,0
18:27:14,0
18:27:15,0
18:27:15,0
18:27:16,0
18:27:17,0
18:27:18,0
18:27:19,0
18:27:20,0
18:27:21,0
18:27:22,0
18:27:22,0
18:27:23,0
18:27:24,0
18:27:25,0
18:27:26,0
18:27:27,0
18:27:28,0
18:27:29,0
18:27:29,0
18:27:30,0
18:27:31,0
18:27:32,0
18:27:33,0
18:27:34,0
18:27:35,0
18:27:36,0
18:27:36,0
18:27:37,0
18:27:38,0
18:27:39,0
18:27:40,0
18:27:41,0
18:27:42,0
18:27:43,0
18:27:44,0
18:27:44,0
18:27:45,0
18:27:46,0
18:27:47,0
18:27:48,0
18:27:49,0
18:27:50,0
18:27:51,0
18:27:51,0
18:27:52,0
18:27:53,0
18:27:54,0
18:27:55,0
18:27:56,0
18:27:57,0
18:27:58,0
18:27:58,0
18:27:59,0
18:28:00,0
18:28:01,0
18:28:02,0
18:28:03,0
18:28:04,0
18:28:05,0
18:28:05,0
18:28:06,0
18:28:07,0
18:28:08,0
18:28:09,0
18:28:10,0
18:28:11,0
18:28:12,0
18:28:12,0
18:28:13,0
18:28:14,0
18:28:15,0
18:28:16,0
18:28:17,0
18:28:18,0
18:28:19,0
18:28:19,0
18:28:20,0
18:28:21,-23
18:28:22,-74
18:28:23,-74
18:28:24,-74
18:28:25,-74
18:28:26,-74
18:28:26,-74
18:28:27,-74
18:28:28,13
18:28:29,30
18:28:30,30
18:28:31,30
18:28:32,30
18:28:33,30
18:28:33,30
18:28:34,30
18:28:35,30
18:28:36,30
18:28:37,30
18:28:38,30
18:28:39,30
18:28:40,30
18:28:40,30
18:28:41,30
18:28:42,30
18:28:43,30
18:28:44,30
18:28:45,30
18:28:46,30
18:28:47,30
18:28:47,30
18:28:48,30
18:28:49,30
18:28:50,30
18:28:51,30
18:28:52,30
18:28:53,30
18:28:54,30
18:28:54,30
18:28:55,30
18:28:56,30
18:28:57,30
18:28:58,30
18:28:59,30
18:29:00,30
18:29:01,30
18:29:01,30
18:29:02,30
18:29:03,30
18:29:04,30
18:29:05,30
18:29:06,30
18:29:07,30
18:29:08,30
18:29:09,30
18:29:09,30
18:29:10,30
18:29:11,30
18:29:12,30
18:29:13,30
18:29:14,30
18:29:15,30
18:29:15,30
18:29:16,30
18:29:17,30
18:29:18,30
18:29:19,30
18:29:20,30
18:29:21,30
18:29:22,30
18:29:23,30
18:29:23,30
18:29:24,30
18:29:25,30
18:29:26,30
18:29:27,30
18:29:28,30
18:29:29,30
18:29:30,30
18:29:30,30
18:29:31,30
18:29:32,30
18:29:33,30
18:29:34,30
18:29:35,30
18:29:36,30
18:29:37,30
18:29:37,30
18:29:38,30
18:29:39,30
18:29:40,30
18:29:41,30
18:29:42,30
18:29:43,30
18:29:44,30
18:29:44,30
18:29:45,30
18:29:46,30
18:29:47,30
18:29:48,30
18:29:49,30
18:29:50,30
18:29:51,30
18:29:51,30
18:29:52,30
18:29:53,30
18:29:54,30
18:29:55,30
18:29:56,30
18:29:57,30
18:29:58,30
18:29:58,30
18:29:59,30
18:30:00,30
18:30:01,30
18:30:02,29
18:30:03,30
18:30:04,30
18:30:05,30
18:30:05,30
18:30:06,30
18:30:07,30
18:30:08,30
18:30:09,30
18:30:10,30
18:30:11,30
18:30:12,30
18:30:12,30
18:30:13,30
18:30:14,30
18:30:15,30
18:30:16,30
18:30:17,30
18:30:18,30
18:30:19,30
18:30:20,30
18:30:20,30
18:30:21,30
18:30:22,30
18:30:23,30
18:30:24,30
18:30:25,30
18:30:26,30
18:30:26,30
18:30:27,30
18:30:28,30
18:30:29,30
18:30:30,30
18:30:31,30
18:30:32,30
18:30:33,30
18:30:34,30
18:30:34,30
18:30:35,30
18:30:36,30
18:30:37,30
18:30:38,30
18:30:39,30
18:30:40,30
18:30:41,30
18:30:41,30
18:30:42,30
18:30:43,30
18:30:44,30
18:30:45,30
18:30:46,30
18:30:47,30
18:30:48,30
18:30:48,30
18:30:49,30
18:30:50,30
18:30:51,30
18:30:52,30
18:30:53,30
18:30:54,30
18:30:55,30
18:30:55,30
18:30:56,30
18:30:57,30
18:30:58,30
18:30:59,30
18:31:00,30
18:31:01,30
18:31:02,30
18:31:02,30
18:31:03,30
18:31:04,30
18:31:05,30
18:31:06,30
18:31:07,30
18:31:08,30
18:31:09,30
18:31:09,30
18:31:10,30
18:31:11,30
18:31:12,30
18:31:13,30
18:31:14,30
18:31:15,30
18:31:16,30
18:31:16,30
18:31:17,-22
18:31:18,-73
18:31:19,-73
18:31:20,-73
18:31:21,-73
18:31:22,-73
18:31:23,-73
18:31:23,-74
18:31:24,-74
18:31:25,-74
18:31:26,-74
18:31:27,-74
18:31:28,-74
18:31:29,-72
18:31:30,0
18:31:30,0
18:31:31,0
18:31:32,0
18:31:33,0
18:31:34,0
18:31:35,0
18:31:36,0
18:31:37,0
18:31:38,0
18:31:38,0
18:31:39,0
18:31:40,0
18:31:41,0
18:31:42,0
18:31:43,0
18:31:44,0
18:31:44,0
18:31:45,0
18:31:46,0
18:31:47,0
18:31:48,0
18:31:49,0
18:31:50,0
18:31:51,0
18:31:51,0
18:31:52,0
18:31:53,0
18:31:54,0
18:31:55,0
18:31:56,0
18:31:57,0
18:31:58,1
18:31:59,1
18:31:59,0
18:32:00,0
18:32:01,0
18:32:02,0
18:32:03,0
18:32:04,0
18:32:05,0
18:32:06,0
18:32:06,0
18:32:07,0
18:32:08,0
18:32:09,0
18:32:10,0
18:32:11,0
18:32:12,0
18:32:13,0
18:32:13,0
18:32:14,0
18:32:15,0
18:32:16,0
18:32:17,0
18:32:18,0
18:32:19,0
18:32:20,0
18:32:20,0
18:32:21,0
18:32:22,0
18:32:23,0
18:32:24,0
18:32:25,0
18:32:26,0
18:32:27,0
18:32:27,0
18:32:28,0
18:32:29,0
18:32:30,0
18:32:31,0
18:32:32,0
18:32:33,0
18:32:34,0
18:32:34,0
18:32:35,0
18:32:36,0
18:32:37,0
18:32:38,0
18:32:39,0
18:32:40,0
18:32:41,0
18:32:41,0
18:32:42,0
18:32:43,0
18:32:44,0
18:32:45,0
18:32:46,0
18:32:47,0
18:32:48,0
18:32:48,-43
18:32:49,-75
18:32:50,-75
18:32:51,-75
18:32:52,-75
18:32:53,-75
18:32:54,-75
18:32:55,-75
18:32:55,-50
18:32:56,30
18:32:57,29
18:32:58,29
18:32:59,29
18:33:00,29
18:33:01,29
18:33:02,29
18:33:02,29
18:33:03,29
18:33:04,29
18:33:05,29
18:33:06,29
18:33:07,29
18:33:08,29
18:33:09,29
18:33:09,29
18:33:10,29
18:33:11,29
18:33:12,29
18:33:13,29
18:33:14,29
18:33:15,29
18:33:16,29
18:33:16,29
18:33:17,29
18:33:18,29
18:33:19,29
18:33:20,29
18:33:21,29
18:33:22,29
18:33:23,29
18:33:23,29
18:33:24,29
18:33:25,29
18:33:26,29
18:33:27,29
18:33:28,29
18:33:29,29
18:33:30,29
18:33:31,29
18:33:31,29
18:33:32,29
18:33:33,29
18:33:34,29
18:33:35,29
18:33:36,29
18:33:37,29
18:33:37,29
18:33:38,29
18:33:39,29
18:33:40,29
18:33:41,29
18:33:42,29
18:33:43,29
18:33:44,29
18:33:44,29
18:33:45,29
18:33:46,29
18:33:47,29
18:33:48,29
18:33:49,29
18:33:50,29
18:33:51,29
18:33:51,29
18:33:52,29
18:33:53,29
18:33:54,29
18:33:55,29
18:33:56,29
18:33:57,29
18:33:58,29
18:33:58,29
18:33:59,29
18:34:00,29
18:34:01,29
18:34:02,29
18:34:03,29
18:34:04,29
18:34:05,29
18:34:05,29
18:34:06,29
18:34:07,29
18:34:08,29
18:34:09,29
18:34:10,29
18:34:11,29
18:34:12,29
18:34:12,29
18:34:13,29
18:34:14,29
18:34:15,29
18:34:16,29
18:34:17,29
18:34:18,29
18:34:19,29
18:34:20,29
18:34:20,29
18:34:21,29
18:34:22,29
18:34:23,29
18:34:24,29
18:34:25,29
18:34:26,29
18:34:27,29
18:34:27,29
18:34:28,29
18:34:29,29
18:34:30,29
18:34:31,29
18:34:32,29
18:34:33,29
18:34:34,29
18:34:34,29
18:34:35,29
18:34:36,29
18:34:37,29
18:34:38,29
18:34:39,29
18:34:40,29
18:34:41,29
18:34:41,29
18:34:42,29
18:34:43,29
18:34:44,29
18:34:45,29
18:34:46,29
18:34:47,29
18:34:48,29
18:34:48,29
18:34:49,29
18:34:50,29
18:34:51,29
18:34:52,29
18:34:53,29
18:34:54,29
18:34:55,29
18:34:55,29
18:34:56,29
18:34:57,29
18:34:58,29
18:34:59,29
18:35:00,29
18:35:01,29
18:35:02,29
18:35:02,29
18:35:03,29
18:35:04,29
18:35:05,29
18:35:06,29
18:35:07,29
18:35:08,29
18:35:09,29
18:35:09,29
18:35:10,29
18:35:11,29
18:35:12,29
18:35:13,29
18:35:14,29
18:35:15,29
18:35:16,29
18:35:16,29
18:35:17,29
18:35:18,29
18:35:19,29
18:35:20,29
18:35:21,29
18:35:22,29
18:35:23,29
18:35:23,29
18:35:24,29
18:35:25,29
18:35:26,29
18:35:27,29
18:35:28,29
18:35:29,29
18:35:30,29
18:35:30,29
18:35:31,29
18:35:32,29
18:35:33,29
18:35:34,29
18:35:35,29
18:35:36,29
18:35:37,29
18:35:37,29
18:35:38,29
18:35:39,29
18:35:40,29
18:35:41,29
18:35:42,29
18:35:43,29
18:35:44,29
18:35:44,29
18:35:45,29
18:35:46,29
18:35:47,29
18:35:48,29
18:35:49,29
18:35:50,29
18:35:51,29
18:35:51,29
18:35:52,29
18:35:53,29
18:35:54,29
18:35:55,29
18:35:56,29
18:35:57,29
18:35:58,29
18:35:58,29
18:35:59,29
18:36:00,29
18:36:01,29
18:36:02,29
18:36:03,29
18:36:04,29
18:36:05,29
18:36:05,29
18:36:06,29
18:36:07,29
18:36:08,29
18:36:09,29
18:36:10,29
18:36:11,29
18:36:12,29
18:36:12,29
18:36:13,29
18:36:14,29
18:36:15,29
18:36:16,29
18:36:17,29
18:36:18,29
18:36:19,29
18:36:19,29
18:36:20,29
18:36:21,29
18:36:22,29
18:36:23,29
18:36:24,29
18:36:25,29
18:36:26,29
18:36:26,29
18:36:27,29
18:36:28,29
18:36:29,29
18:36:30,29
18:36:31,29
18:36:32,29
18:36:33,29
18:36:33,29
18:36:34,29
18:36:35,29
18:36:36,29
18:36:37,29
18:36:38,29
18:36:39,29
18:36:40,29
18:36:40,29
18:36:41,29
18:36:42,29
18:36:43,29
18:36:44,29
18:36:45,29
18:36:46,29
18:36:47,29
18:36:47,29
18:36:48,29
18:36:49,29
18:36:50,29
18:36:51,29
18:36:52,29
18:36:53,29
18:36:54,29
18:36:54,29
18:36:55,29
18:36:56,29
18:36:57,29
18:36:58,29
18:36:59,29
18:37:00,29
18:37:01,29
18:37:01,29
18:37:02,29
18:37:03,29
18:37:04,29
18:37:05,29
18:37:06,29
18:37:07,29
18:37:08,29
18:37:08,29
18:37:09,29
18:37:10,29
18:37:11,29
18:37:12,29
18:37:13,29
18:37:14,29
18:37:15,29
18:37:15,29
18:37:16,29
18:37:17,29
18:37:18,29
18:37:19,29
18:37:20,29
18:37:21,29
18:37:22,29
18:37:22,29
18:37:23,29
18:37:24,29
18:37:25,29
18:37:26,29
18:37:27,29
18:37:28,29
18:37:29,29
18:37:29,29
18:37:30,29
18:37:31,29
18:37:32,29
18:37:33,29
18:37:34,29
18:37:35,29
18:37:36,29
18:37:36,29
18:37:37,29
18:37:38,29
18:37:39,29
18:37:40,29
18:37:41,29
18:37:42,29
18:37:43,29
18:37:43,29
18:37:44,29
18:37:45,29
18:37:46,29
18:37:47,29
18:37:48,7
18:37:49,-74
18:37:50,-74
18:37:50,-74
18:37:51,-74
18:37:52,-74
18:37:53,-74
18:37:54,-74
18:37:55,-74
18:37:56,-73
18:37:57,-2
18:37:57,0
18:37:58,0
18:37:59,0
18:38:00,0
18:38:01,0
18:38:02,0
18:38:03,0
18:38:04,0
18:38:04,0
18:38:05,0
18:38:06,0
18:38:07,0
18:38:08,0
18:38:09,0
18:38:10,0
18:38:11,0
18:38:11,0
18:38:12,0
18:38:13,0
18:38:14,0
18:38:15,0
18:38:16,0
18:38:17,0
18:38:18,0
18:38:18,0
18:38:19,0
18:38:20,0
18:38:21,0
18:38:22,0
18:38:23,0
18:38:24,0
18:38:25,0
18:38:25,0
18:38:26,0
18:38:27,0
18:38:28,0
18:38:29,0
18:38:30,0
18:38:31,0
18:38:32,0
18:38:32,0
18:38:33,0
18:38:34,0
18:38:35,0
18:38:36,0
18:38:37,0
18:38:38,0
18:38:39,0
18:38:39,0
18:38:40,0
18:38:41,0
18:38:42,0
18:38:43,0
18:38:44,0
18:38:45,0
18:38:46,0
18:38:46,0
18:38:47,0
18:38:48,0
18:38:49,0
18:38:50,0
18:38:51,0
18:38:52,0
18:38:53,0
18:38:53,0
18:38:54,0
18:38:55,0
18:38:56,0
18:38:57,0
18:38:58,0
18:38:59,0
18:39:00,0
18:39:01,0
18:39:01,0
18:39:02,0
18:39:03,0
18:39:04,0
18:39:05,0
18:39:06,0
18:39:07,0
18:39:07,0
18:39:08,0
18:39:09,0
18:39:10,0
18:39:11,0
18:39:12,0
18:39:13,0
18:39:14,0
18:39:15,0
18:39:15,0
18:39:16,0
18:39:17,0
18:39:18,0
18:39:19,0
18:39:20,0
18:39:21,0
18:39:22,0
18:39:22,0
18:39:23,0
18:39:24,0
18:39:25,0
18:39:26,0
18:39:27,0
18:39:28,0
18:39:29,0
18:39:29,0
18:39:30,0
18:39:31,0
18:39:32,0
18:39:33,0
18:39:34,0
18:39:35,0
18:39:36,0
18:39:36,0
18:39:37,0
18:39:38,0
18:39:39,-70
18:39:40,-75
18:39:41,-75
18:39:42,-75
18:39:43,-75
18:39:43,-75
18:39:44,-75
18:39:45,-47
18:39:46,32
18:39:47,31
18:39:48,31
18:39:49,31
18:39:50,31
18:39:50,31
18:39:51,31
18:39:52,31
18:39:53,31
18:39:54,31
18:39:55,31
18:39:56,31
18:39:57,31
18:39:57,31
18:39:58,31
18:39:59,31
18:40:00,31
18:40:01,32
18:40:02,32
18:40:03,32
18:40:04,32
18:40:04,32
18:40:05,32
18:40:06,32
18:40:07,32
18:40:08,32
18:40:09,32
18:40:10,32
18:40:11,32
18:40:11,32
18:40:12,32
18:40:13,32
18:40:14,32
18:40:15,32
18:40:16,32
18:40:17,32
18:40:18,32
18:40:18,32
18:40:19,32
18:40:20,32
18:40:21,32
18:40:22,32
18:40:23,32
18:40:24,32
18:40:25,32
18:40:25,32
18:40:26,32
18:40:27,32
18:40:28,32
18:40:29,32
18:40:30,32
18:40:31,32
18:40:32,32
18:40:32,32
18:40:33,32
18:40:34,32
18:40:35,32
18:40:36,32
18:40:37,32
18:40:38,32
18:40:39,32
18:40:39,32
18:40:40,32
18:40:41,32
18:40:42,32
18:40:43,32
18:40:44,32
18:40:45,32
18:40:46,32
18:40:46,32
18:40:47,32
18:40:48,32
18:40:49,32
18:40:50,32
18:40:51,32
18:40:52,32
18:40:53,32
18:40:53,32
18:40:54,32
18:40:55,32
18:40:56,32
18:40:57,32
18:40:58,32
18:40:59,32
18:41:00,32
18:41:00,32
18:41:01,32
18:41:02,32
18:41:03,32
18:41:04,32
18:41:05,32
18:41:06,32
18:41:07,32
18:41:07,32
18:41:08,32
18:41:09,32
18:41:10,32
18:41:11,32
18:41:12,32
18:41:13,32
18:41:14,32
18:41:14,32
18:41:15,32
18:41:16,32
18:41:17,32
18:41:18,32
18:41:19,32
18:41:20,32
18:41:21,32
18:41:21,32
18:41:22,32
18:41:23,32
18:41:24,32
18:41:25,32
18:41:26,32
18:41:27,32
18:41:28,32
18:41:28,32
18:41:29,32
18:41:30,32
18:41:31,32
18:41:32,32
18:41:33,32
18:41:34,32
18:41:35,32
18:41:35,32
18:41:36,32
18:41:37,32
18:41:38,32
18:41:39,32
18:41:40,32
18:41:41,32
18:41:42,32
18:41:42,32
18:41:43,32
18:41:44,32
18:41:45,32
18:41:46,32
18:41:47,32
18:41:48,32
18:41:49,32
18:41:49,32
18:41:50,32
18:41:51,32
18:41:52,32
18:41:53,32
18:41:54,32
18:41:55,32
18:41:56,32
18:41:56,32
18:41:57,32
18:41:58,32
18:41:59,32
18:42:00,32
18:42:01,32
18:42:02,32
18:42:03,32
18:42:03,32
18:42:04,32
18:42:05,32
18:42:06,32
18:42:07,32
18:42:08,32
18:42:09,32
18:42:10,32
18:42:10,32
18:42:11,32
18:42:12,32
18:42:13,32
18:42:14,32
18:42:15,32
18:42:16,32
18:42:17,32
18:42:17,32
18:42:18,32
18:42:19,32
18:42:20,32
18:42:21,32
18:42:22,32
18:42:23,32
18:42:24,32
18:42:24,32
18:42:25,32
18:42:26,32
18:42:27,32
18:42:28,32
18:42:29,32
18:42:30,32
18:42:31,32
18:42:31,32
18:42:32,32
18:42:33,32
18:42:34,32
18:42:35,32
18:42:36,32
18:42:37,32
18:42:38,32
18:42:38,32
18:42:39,32
18:42:40,32
18:42:41,32
18:42:42,32
18:42:43,32
18:42:44,32
18:42:45,32
18:42:45,32
18:42:46,32
18:42:47,32
18:42:48,32
18:42:49,32
18:42:50,32
18:42:51,32
18:42:52,32
18:42:52,32
18:42:53,32
18:42:54,32
18:42:55,32
18:42:56,32
18:42:57,32
18:42:58,32
18:42:59,32
18:42:59,32
18:43:00,32
18:43:01,32
18:43:02,32
18:43:03,32
18:43:04,32
18:43:05,32
18:43:06,32
18:43:06,32
18:43:07,32
18:43:08,32
18:43:09,32
18:43:10,32
18:43:11,32
18:43:12,32
18:43:13,32
18:43:13,32
18:43:14,32
18:43:15,32
18:43:16,32
18:43:17,32
18:43:18,32
18:43:19,32
18:43:20,32
18:43:20,32
18:43:21,32
18:43:22,32
18:43:23,32
18:43:24,32
18:43:25,32
18:43:26,32
18:43:27,32
18:43:27,32
18:43:28,32
18:43:29,32
18:43:30,32
18:43:31,32
18:43:32,32
18:43:33,32
18:43:34,32
18:43:34,32
18:43:35,32
18:43:36,32
18:43:37,32
18:43:38,32
18:43:39,-30
18:43:40,-76
18:43:41,-76
18:43:42,-76
18:43:42,-76
18:43:43,-76
18:43:44,-76
18:43:45,-76
18:43:46,-76
18:43:47,-74
18:43:48,0
18:43:48,0
18:43:49,0
18:43:50,0
18:43:51,0
18:43:52,0
18:43:53,0
18:43:54,0
18:43:55,0
18:43:55,0
18:43:56,0
18:43:57,0
18:43:58,0
18:43:59,0
18:44:00,0
18:44:01,0
18:44:02,0
18:44:03,0
18:44:03,0
18:44:04,0
18:44:05,0
18:44:06,0
18:44:07,0
18:44:08,0
18:44:09,0
18:44:10,0
18:44:10,0
18:44:11,0
18:44:12,0
18:44:13,0
18:44:14,0
18:44:15,0
18:44:16,-2
18:44:17,-77
18:44:17,-78
18:44:18,-77
18:44:19,-77
18:44:20,-77
18:44:21,-77
18:44:22,-77
18:44:23,-73
18:44:24,24
18:44:24,27
18:44:25,27
18:44:26,27
18:44:27,27
18:44:28,27
18:44:29,27
18:44:30,27
18:44:31,27
18:44:31,27
18:44:32,27
18:44:33,27
18:44:34,27
18:44:35,27
18:44:36,27
18:44:37,27
18:44:38,27
18:44:38,27
18:44:39,27
18:44:40,27
18:44:41,27
18:44:42,27
18:44:43,27
18:44:44,27
18:44:45,27
18:44:45,27
18:44:46,27
18:44:47,27
18:44:48,27
18:44:49,27
18:44:50,27
18:44:51,27
18:44:52,27
18:44:52,27
18:44:53,27
18:44:54,27
18:44:55,27
18:44:56,27
18:44:57,27
18:44:58,27
18:44:59,27
18:44:59,27
18:45:00,27
18:45:01,27
18:45:02,27
18:45:03,27
18:45:04,27
18:45:05,27
18:45:06,27
18:45:06,27
18:45:07,27
18:45:08,27
18:45:09,27
18:45:10,27
18:45:11,27
18:45:12,27
18:45:13,27
18:45:13,27
18:45:14,27
18:45:15,27
18:45:16,27
18:45:17,27
18:45:18,27
18:45:19,27
18:45:20,27
18:45:20,27
18:45:21,27
18:45:22,27
18:45:23,27
18:45:24,27
18:45:25,27
18:45:26,27
18:45:27,27
18:45:27,27
18:45:28,27
18:45:29,27
18:45:30,27
18:45:31,27
18:45:32,27
18:45:33,27
18:45:34,27
18:45:35,27
18:45:35,27
18:45:36,27
18:45:37,27
18:45:38,27
18:45:39,27
18:45:40,27
18:45:41,27
18:45:41,27
18:45:42,27
18:45:43,27
18:45:44,28
18:45:45,27
18:45:46,27
18:45:47,27
18:45:48,27
18:45:49,27
18:45:49,27
18:45:50,27
18:45:51,27
18:45:52,27
18:45:53,27
18:45:54,27
18:45:55,27
18:45:55,27
18:45:56,27
18:45:57,27
18:45:58,27
18:45:59,27
18:46:00,27
18:46:01,27
18:46:02,27
18:46:02,27
18:46:03,27
18:46:04,27
18:46:05,27
18:46:06,27
18:46:07,27
18:46:08,27
18:46:09,27
18:46:10,27
18:46:10,27
18:46:11,27
18:46:12,27
18:46:13,27
18:46:14,27
18:46:15,27
18:46:16,27
18:46:16,27
18:46:17,27
18:46:18,27
18:46:19,27
18:46:20,27
18:46:21,27
18:46:22,27
18:46:23,27
18:46:24,27
18:46:24,27
18:46:25,27
18:46:26,27
18:46:27,27
18:46:28,27
18:46:29,27
18:46:30,27
18:46:30,27
18:46:31,27
18:46:32,27
18:46:33,27
18:46:34,27
18:46:35,27
18:46:36,27
18:46:37,27
18:46:38,27
18:46:38,27
18:46:39,27
18:46:40,27
18:46:41,27
18:46:42,27
18:46:43,27
18:46:44,27
18:46:45,27
18:46:45,27
18:46:46,27
18:46:47,27
18:46:48,27
18:46:49,27
18:46:50,27
18:46:51,27
18:46:52,27
18:46:52,27
18:46:53,27
18:46:54,27
18:46:55,27
18:46:56,27
18:46:57,27
18:46:58,27
18:46:59,27
18:46:59,27
18:47:00,27
18:47:01,27
18:47:02,27
18:47:03,27
18:47:04,27
18:47:05,27
18:47:06,27
18:47:06,27
18:47:07,27
18:47:08,27
18:47:09,27
18:47:10,27
18:47:11,27
18:47:12,27
18:47:13,27
18:47:13,27
18:47:14,27
18:47:15,27
18:47:16,27
18:47:17,27
18:47:18,27
18:47:19,27
18:47:20,27
18:47:20,27
18:47:21,27
18:47:22,27
18:47:23,27
18:47:24,27
18:47:25,27
18:47:26,27
18:47:27,27
18:47:27,27
18:47:28,27
18:47:29,27
18:47:30,27
18:47:31,27
18:47:32,27
18:47:33,27
18:47:34,27
18:47:34,27
18:47:35,27
18:47:36,27
18:47:37,27
18:47:38,27
18:47:39,27
18:47:40,27
18:47:41,27
18:47:41,27
18:47:42,27
18:47:43,27
18:47:44,27
18:47:45,27
18:47:46,27
18:47:47,27
18:47:48,27
18:47:48,27
18:47:49,27
18:47:50,27
18:47:51,27
18:47:52,27
18:47:53,27
18:47:54,27
18:47:55,27
18:47:55,27
18:47:56,27
18:47:57,27
18:47:58,27
18:47:59,27
18:48:00,27
18:48:01,27
18:48:02,27
18:48:02,27
18:48:03,27
18:48:04,27
18:48:05,27
18:48:06,27
18:48:07,27
18:48:08,27
18:48:09,27
18:48:09,27
18:48:10,27
18:48:11,27
18:48:12,27
18:48:13,27
18:48:14,27
18:48:15,27
18:48:16,27
18:48:16,27
18:48:17,27
18:48:18,27
18:48:19,27
18:48:20,27
18:48:21,27
18:48:22,27
18:48:23,27
18:48:23,27
18:48:24,27
18:48:25,27
18:48:26,27
18:48:27,27
18:48:28,27
18:48:29,27
18:48:30,27
18:48:30,27
18:48:31,27
18:48:32,27
18:48:33,27
18:48:34,27
18:48:35,27
18:48:36,27
18:48:37,27
18:48:37,27
18:48:38,27
18:48:39,27
18:48:40,27
18:48:41,27
18:48:42,27
18:48:43,27
18:48:44,27
18:48:45,27
18:48:45,27
18:48:46,27
18:48:47,27
18:48:48,27
18:48:49,27
18:48:50,27
18:48:51,27
18:48:52,27
18:48:52,27
18:48:53,27
18:48:54,27
18:48:55,27
18:48:56,27
18:48:57,27
18:48:58,27
18:48:59,27
18:48:59,27
18:49:00,27
18:49:01,27
18:49:02,27
18:49:03,27
18:49:04,27
18:49:05,27
18:49:06,27
18:49:06,27
18:49:07,27
18:49:08,27
18:49:09,27
18:49:10,27
18:49:11,27
18:49:12,27
18:49:13,27
18:49:13,27
18:49:14,27
18:49:15,27
18:49:16,27
18:49:17,27
18:49:18,27
18:49:19,27
18:49:20,27
18:49:20,27
18:49:21,27
18:49:22,27
18:49:23,27
18:49:24,27
18:49:25,27
18:49:26,27
18:49:27,27
18:49:27,27
18:49:28,27
18:49:29,27
18:49:30,27
18:49:31,27
18:49:32,27
18:49:33,27
18:49:34,27
18:49:34,27
18:49:35,27
18:49:36,27
18:49:37,27
18:49:38,27
18:49:39,27
18:49:40,27
18:49:41,27
18:49:41,27
18:49:42,27
18:49:43,27
18:49:44,27
18:49:45,27
18:49:46,27
18:49:47,27
18:49:48,27
18:49:48,27
18:49:49,27
18:49:50,27
18:49:51,27
18:49:52,27
18:49:53,27
18:49:54,27
18:49:55,27
18:49:55,27
18:49:56,27
18:49:57,27
18:49:58,27
18:49:59,27
18:50:00,27
18:50:01,27
18:50:02,27
18:50:02,27
18:50:03,27
18:50:04,27
18:50:05,27
18:50:06,27
18:50:07,27
18:50:08,27
18:50:09,27
18:50:09,27
18:50:10,27
18:50:11,27
18:50:12,27
18:50:13,27
18:50:14,27
18:50:15,27
18:50:16,27
18:50:16,27
18:50:17,27
18:50:18,27
18:50:19,27
18:50:20,27
18:50:21,27
18:50:22,27
18:50:23,27
18:50:24,27
18:50:24,27
18:50:25,27
18:50:26,27
18:50:27,27
18:50:28,27
18:50:29,27
18:50:30,27
18:50:30,27
18:50:31,27
18:50:32,27
18:50:33,27
18:50:34,27
18:50:35,27
18:50:36,27
18:50:37,27
18:50:37,27
18:50:38,27
18:50:39,27
18:50:40,27
18:50:41,27
18:50:42,27
18:50:43,27
18:50:44,27
18:50:44,27
18:50:45,27
18:50:46,27
18:50:47,27
18:50:48,27
18:50:49,27
18:50:50,-10
18:50:51,-78
18:50:51,-78
18:50:52,-78
18:50:53,-78
18:50:54,-78
18:50:55,-78
18:50:56,-78
18:50:57,-78
18:50:58,-78
18:50:58,-38
18:50:59,-1
18:51:00,-1
18:51:01,-1
18:51:02,-1
18:51:03,-1
18:51:04,-1
18:51:05,-1
18:51:06,-48
18:51:06,-77
18:51:07,-77
18:51:08,-77
18:51:09,-77
18:51:10,-77
18:51:11,-77
18:51:12,-77
18:51:13,-64
18:51:13,17
18:51:14,17
18:51:15,17
18:51:16,17
18:51:17,17
18:51:18,17
18:51:19,17
18:51:20,16
18:51:20,16
18:51:21,16
18:51:22,16
18:51:23,16
18:51:24,17
18:51:25,16
18:51:26,16
18:51:27,16
18:51:27,16
18:51:28,16
18:51:29,16
18:51:30,16
18:51:31,16
18:51:32,17
18:51:33,16
18:51:34,16
18:51:34,16
18:51:35,16
18:51:36,16
18:51:37,16
18:51:38,16
18:51:39,16
18:51:40,16
18:51:41,16
18:51:41,16
18:51:42,16
18:51:43,16
18:51:44,16
18:51:45,16
18:51:46,16
18:51:47,16
18:51:48,16
18:51:48,16
18:51:49,16
18:51:50,16
18:51:51,16
18:51:52,16
18:51:53,16
18:51:54,16
18:51:55,16
18:51:55,16
18:51:56,16
18:51:57,16
18:51:58,16
18:51:59,16
18:52:00,16
18:52:01,16
18:52:02,16
18:52:02,16
18:52:03,16
18:52:04,16
18:52:05,16
18:52:06,16
18:52:07,16
18:52:08,16
18:52:09,16
18:52:09,16
18:52:10,16
18:52:11,16
18:52:12,16
18:52:13,16
18:52:14,16
18:52:15,16
18:52:16,16
18:52:16,16
18:52:17,16
18:52:18,16
18:52:19,16
18:52:20,16
18:52:21,16
18:52:22,16
18:52:23,16
18:52:23,16
18:52:24,16
18:52:25,16
18:52:26,16
18:52:27,16
18:52:28,16
18:52:29,16
18:52:30,16
18:52:30,16
18:52:31,16
18:52:32,16
18:52:33,16
18:52:34,16
18:52:35,16
18:52:36,16
18:52:37,16
18:52:37,17
18:52:38,17
18:52:39,17
18:52:40,17
18:52:41,17
18:52:42,17
18:52:43,17
18:52:44,17
18:52:44,17
18:52:45,17
18:52:46,17
18:52:47,17
18:52:48,17
18:52:49,17
18:52:50,17
18:52:51,17
18:52:51,17
18:52:52,17
18:52:53,17
18:52:54,17
18:52:55,17
18:52:56,17
18:52:57,17
18:52:58,17
18:52:58,17
18:52:59,17
18:53:00,17
18:53:01,17
18:53:02,17
18:53:03,17
18:53:04,17
18:53:05,17
18:53:05,17
18:53:06,17
18:53:07,17
18:53:08,17
18:53:09,17
18:53:10,17
18:53:11,17
18:53:12,17
18:53:12,17
18:53:13,17
18:53:14,17
18:53:15,17
18:53:16,17
18:53:17,17
18:53:18,17
18:53:19,17
18:53:19,17
18:53:20,17
18:53:21,17
18:53:22,17
18:53:23,17
18:53:24,17
18:53:25,17
18:53:26,17
18:53:26,17
18:53:27,17
18:53:28,17
18:53:29,17
18:53:30,17
18:53:31,17
18:53:32,17
18:53:33,17
18:53:33,17
18:53:34,17
18:53:35,17
18:53:36,17
18:53:37,17
18:53:38,17
18:53:39,17
18:53:40,17
18:53:41,17
18:53:41,17
18:53:42,17
18:53:43,17
18:53:44,17
18:53:45,17
18:53:46,17
18:53:47,17
18:53:48,17
18:53:48,17
18:53:49,17
18:53:50,17
18:53:51,17
18:53:52,17
18:53:53,17
18:53:54,17
18:53:55,17
18:53:55,17
18:53:56,17
18:53:57,17
18:53:58,17
18:53:59,17
18:54:00,17
18:54:01,17
18:54:02,17
18:54:02,17
18:54:03,17
18:54:04,17
18:54:05,17
18:54:06,17
18:54:07,17
18:54:08,17
18:54:09,17
18:54:09,17
18:54:10,17
18:54:11,17
18:54:12,17
18:54:13,17
18:54:14,17
18:54:15,17
18:54:16,17
18:54:16,17
18:54:17,17
18:54:18,17
18:54:19,17
18:54:20,17
18:54:21,17
18:54:22,17
18:54:23,17
18:54:23,17
18:54:24,17
18:54:25,17
18:54:26,17
18:54:27,17
18:54:28,17
18:54:29,17
18:54:30,17
18:54:30,12
18:54:31,-75
18:54:32,-75
18:54:33,-75
18:54:34,-75
18:54:35,-75
18:54:36,-75
18:54:37,-75
18:54:37,-75
18:54:38,-64
18:54:39,2
18:54:40,1
18:54:41,1
18:54:42,1
18:54:43,1
18:54:44,1
18:54:44,1
18:54:45,1
18:54:46,1
18:54:47,1
18:54:48,1
18:54:49,1
18:54:50,1
18:54:51,1
18:54:51,1
18:54:52,1
18:54:53,1
18:54:54,1
18:54:55,1
18:54:56,1
18:54:57,1
18:54:58,1
18:54:58,1
18:54:59,1
18:55:00,1
18:55:01,1
18:55:02,1
18:55:03,1
18:55:04,1
18:55:05,1
18:55:05,1
18:55:06,1
18:55:07,1
18:55:08,1
18:55:09,-53
18:55:10,-75
18:55:11,-75
18:55:12,-75
18:55:12,-75
18:55:13,-63
18:55:14,22
18:55:15,22
18:55:16,22
18:55:17,22
18:55:18,22
18:55:19,22
18:55:19,22
18:55:20,22
18:55:21,22
18:55:22,22
18:55:23,22
18:55:24,22
18:55:25,22
18:55:26,22
18:55:26,22
18:55:27,22
18:55:28,22
18:55:29,22
18:55:30,22
18:55:31,22
18:55:32,22
18:55:33,22
18:55:33,22
18:55:34,22
18:55:35,22
18:55:36,22
18:55:37,22
18:55:38,22
18:55:39,22
18:55:40,22
18:55:40,22
18:55:41,22
18:55:42,22
18:55:43,22
18:55:44,22
18:55:45,22
18:55:46,22
18:55:47,22
18:55:47,22
18:55:48,22
18:55:49,22
18:55:50,22
18:55:51,22
18:55:52,22
18:55:53,22
18:55:54,22
18:55:55,22
18:55:55,22
18:55:56,22
18:55:57,22
18:55:58,22
18:55:59,22
18:56:00,22
18:56:01,22
18:56:01,22
18:56:02,22
18:56:03,22
18:56:04,22
18:56:05,22
18:56:06,22
18:56:07,22
18:56:08,22
18:56:08,22
18:56:09,22
18:56:10,22
18:56:11,22
18:56:12,22
18:56:13,22
18:56:14,22
18:56:15,22
18:56:16,22
18:56:16,22
18:56:17,22
18:56:18,22
18:56:19,22
18:56:20,22
18:56:21,22
18:56:22,22
18:56:22,22
18:56:23,22
18:56:24,22
18:56:25,22
18:56:26,22
18:56:27,22
18:56:28,22
18:56:29,22
18:56:30,22
18:56:30,22
18:56:31,22
18:56:32,22
18:56:33,22
18:56:34,22
18:56:35,22
18:56:36,22
18:56:37,22
18:56:37,22
18:56:38,22
18:56:39,22
18:56:40,22
18:56:41,22
18:56:42,22
18:56:43,22
18:56:44,22
18:56:44,22
18:56:45,22
18:56:46,22
18:56:47,22
18:56:48,22
18:56:49,22
18:56:50,22
18:56:51,22
18:56:51,22
18:56:52,22
18:56:53,22
18:56:54,22
18:56:55,22
18:56:56,22
18:56:57,22
18:56:58,22
18:56:58,22
18:56:59,22
18:57:00,22
18:57:01,22
18:57:02,22
18:57:03,22
18:57:04,22
18:57:05,22
18:57:05,22
18:57:06,22
18:57:07,22
18:57:08,22
18:57:09,22
18:57:10,22
18:57:11,22
18:57:12,22
18:57:12,22
18:57:13,22
18:57:14,22
18:57:15,22
18:57:16,22
18:57:17,22
18:57:18,22
18:57:19,22
18:57:19,22
18:57:20,22
18:57:21,22
18:57:22,22
18:57:23,22
18:57:24,22
18:57:25,22
18:57:26,22
18:57:26,22
18:57:27,22
18:57:28,22
18:57:29,22
18:57:30,22
18:57:31,22
18:57:32,22
18:57:33,22
18:57:33,22
18:57:34,22
18:57:35,22
18:57:36,22
18:57:37,22
18:57:38,22
18:57:39,22
18:57:40,22
18:57:40,22
18:57:41,22
18:57:42,22
18:57:43,22
18:57:44,22
18:57:45,22
18:57:46,22
18:57:47,22
18:57:47,22
18:57:48,22
18:57:49,22
18:57:50,22
18:57:51,22
18:57:52,22
18:57:53,22
18:57:54,22
18:57:54,22
18:57:55,22
18:57:56,22
18:57:57,22
18:57:58,22
18:57:59,22
18:58:00,22
18:58:01,22
18:58:01,22
18:58:02,22
18:58:03,22
18:58:04,22
18:58:05,22
18:58:06,22
18:58:07,22
18:58:08,22
18:58:08,22
18:58:09,22
18:58:10,22
18:58:11,22
18:58:12,22
18:58:13,22
18:58:14,22
18:58:15,22
18:58:15,22
18:58:16,22
18:58:17,22
18:58:18,22
18:58:19,22
18:58:20,22
18:58:21,22
18:58:22,22
18:58:22,22
18:58:23,22
18:58:24,22
18:58:25,22
18:58:26,22
18:58:27,22
18:58:28,22
18:58:29,22
18:58:29,22
18:58:30,22
18:58:31,22
18:58:32,22
18:58:33,22
18:58:34,22
18:58:35,22
18:58:36,22
18:58:36,22
18:58:37,22
18:58:38,22
18:58:39,22
18:58:40,22
18:58:41,22
18:58:42,22
18:58:43,22
18:58:43,22
18:58:44,22
18:58:45,22
18:58:46,22
18:58:47,22
18:58:48,22
18:58:49,22
18:58:50,22
18:58:50,22
18:58:51,22
18:58:52,22
18:58:53,22
18:58:54,22
18:58:55,22
18:58:56,22
18:58:57,22
18:58:57,22
18:58:58,22
18:58:59,22
18:59:00,22
18:59:01,22
18:59:02,22
18:59:03,22
18:59:04,22
18:59:04,22
18:59:05,22
18:59:06,22
18:59:07,22
18:59:08,22
18:59:09,22
18:59:10,22
18:59:11,22
18:59:11,22
18:59:12,22
18:59:13,22
18:59:14,22
18:59:15,22
18:59:16,22
18:59:17,22
18:59:18,22
18:59:18,22
18:59:19,22
18:59:20,22
18:59:21,22
18:59:22,22
18:59:23,22
18:59:24,22
18:59:25,22
18:59:25,22
18:59:26,22
18:59:27,22
18:59:28,22
18:59:29,22
18:59:30,22
18:59:31,22
18:59:32,22
18:59:33,22
18:59:33,22
18:59:34,22
18:59:35,22
18:59:36,22
18:59:37,22
18:59:38,22
18:59:39,22
18:59:39,22
18:59:40,22
18:59:41,22
18:59:42,22
18:59:43,22
18:59:44,22
18:59:45,22
18:59:46,22
18:59:46,22
18:59:47,22
18:59:48,22
18:59:49,22
18:59:50,22
18:59:51,22
18:59:52,22
18:59:53,22
18:59:54,22
18:59:54,22
18:59:55,22
18:59:56,22
18:59:57,22
18:59:58,22
18:59:59,22
19:00:00,22
19:00:01,22
19:00:01,22
19:00:02,22
19:00:03,22
19:00:04,22
19:00:05,22
19:00:06,22
19:00:07,22
19:00:08,22
19:00:08,22
19:00:09,22
19:00:10,22
19:00:11,22
19:00:12,22
19:00:13,22
19:00:14,22
19:00:15,22
19:00:15,22
19:00:16,22
19:00:17,22
19:00:18,22
19:00:19,22
19:00:20,22
19:00:21,22
19:00:22,22
19:00:22,22
19:00:23,22
19:00:24,22
19:00:25,22
19:00:26,22
19:00:27,22
19:00:28,22
19:00:29,22
19:00:29,22
19:00:30,22
19:00:31,22
19:00:32,22
19:00:33,22
19:00:34,22
19:00:35,22
19:00:36,22
19:00:36,22
19:00:37,22
19:00:38,22
19:00:39,22
19:00:40,22
19:00:41,22
19:00:42,22
19:00:43,22
19:00:43,22
19:00:44,22
19:00:45,22
19:00:46,22
19:00:47,22
19:00:48,22
19:00:49,22
19:00:50,22
19:00:50,22
19:00:51,22
19:00:52,22
19:00:53,22
19:00:54,22
19:00:55,22
19:00:56,22
19:00:57,22
19:00:57,22
19:00:58,22
19:00:59,22
19:01:00,22
19:01:01,22
19:01:02,22
19:01:03,22
19:01:04,22
19:01:04,22
19:01:05,22
19:01:06,22
19:01:07,22
19:01:08,22
19:01:09,22
19:01:10,22
19:01:11,22
19:01:11,22
19:01:12,22
19:01:13,22
19:01:14,22
19:01:15,22
19:01:16,22
19:01:17,22
19:01:18,22
19:01:18,22
19:01:19,22
19:01:20,22
19:01:21,22
19:01:22,22
19:01:23,22
19:01:24,22
19:01:25,22
19:01:25,22
19:01:26,22
19:01:27,22
19:01:28,22
19:01:29,22
19:01:30,22
19:01:31,22
19:01:32,22
19:01:32,0
19:01:33,-75
19:01:34,-75
19:01:35,-75
19:01:36,-75
19:01:37,-75
19:01:38,-75
19:01:39,-18
19:01:39,0
19:01:40,1
19:01:41,1
19:01:42,1
19:01:43,1
19:01:44,1
19:01:45,1
19:01:46,1
19:01:47,1
19:01:47,1
19:01:48,1
19:01:49,1
19:01:50,1
19:01:51,1
19:01:52,1
19:01:53,1
19:01:53,1
19:01:54,1
19:01:55,1
19:01:56,1
19:01:57,1
19:01:58,1
19:01:59,1
19:02:00,1
19:02:00,1
19:02:01,1
19:02:02,1
19:02:03,1
19:02:04,1
19:02:05,1
19:02:06,1
19:02:07,1
19:02:07,1
19:02:08,1
19:02:09,1
19:02:10,1
19:02:11,1
19:02:12,1
19:02:13,1
19:02:14,1
19:02:14,1
19:02:15,1
19:02:16,1
19:02:17,1
19:02:18,1
19:02:19,1
19:02:20,1
19:02:21,1
19:02:21,1
19:02:22,1
19:02:23,1
19:02:24,1
19:02:25,1
19:02:26,1
19:02:27,1
19:02:28,1
19:02:29,1
19:02:29,1
19:02:30,1
19:02:31,1
19:02:32,1
19:02:33,1
19:02:34,1
19:02:35,1
19:02:35,1
19:02:36,1
19:02:37,1
19:02:38,1
19:02:39,1
19:02:40,-49
19:02:41,-76
19:02:42,-75
19:02:42,-75
19:02:43,-75
19:02:44,-76
19:02:45,-76
19:02:46,-73
19:02:47,25
19:02:48,39
19:02:49,39
19:02:49,39
19:02:50,39
19:02:51,39
19:02:52,39
19:02:53,39
19:02:54,39
19:02:55,39
19:02:56,39
19:02:57,39
19:02:57,39
19:02:58,39
19:02:59,39
19:03:00,39
19:03:01,39
19:03:02,39
19:03:03,39
19:03:03,39
19:03:04,39
19:03:05,39
19:03:06,39
19:03:07,39
19:03:08,39
19:03:09,39
19:03:10,39
19:03:10,39
19:03:11,39
19:03:12,39
19:03:13,39
19:03:14,39
19:03:15,39
19:03:16,39
19:03:17,39
19:03:18,39
19:03:18,39
19:03:19,39
19:03:20,39
19:03:21,39
19:03:22,39
19:03:23,39
19:03:24,39
19:03:24,39
19:03:25,39
19:03:26,39
19:03:27,39
19:03:28,39
19:03:29,39
19:03:30,39
19:03:31,39
19:03:32,39
19:03:32,39
19:03:33,39
19:03:34,39
19:03:35,39
19:03:36,39
19:03:37,39
19:03:38,39
19:03:38,39
19:03:39,39
19:03:40,39
19:03:41,39
19:03:42,39
19:03:43,39
19:03:44,39
19:03:45,39
19:03:45,39
19:03:46,39
19:03:47,39
19:03:48,39
19:03:49,39
19:03:50,39
19:03:51,39
19:03:52,39
19:03:53,39
19:03:53,39
19:03:54,39
19:03:55,39
19:03:56,39
19:03:57,39
19:03:58,39
19:03:59,39
19:04:00,39
19:04:00,39
19:04:01,39
19:04:02,39
19:04:03,39
19:04:04,39
19:04:05,39
19:04:06,39
19:04:07,39
19:04:07,39
19:04:08,39
19:04:09,39
19:04:10,39
19:04:11,39
19:04:12,39
19:04:13,39
19:04:14,39
19:04:14,39
19:04:15,39
19:04:16,39
19:04:17,39
19:04:18,39
19:04:19,39
19:04:20,39
19:04:21,39
19:04:21,39
19:04:22,39
19:04:23,39
19:04:24,39
19:04:25,39
19:04:26,39
19:04:27,39
19:04:28,39
19:04:28,39
19:04:29,39
19:04:30,39
19:04:31,39
19:04:32,39
19:04:33,39
19:04:34,39
19:04:35,39
19:04:35,39
19:04:36,39
19:04:37,39
19:04:38,39
19:04:39,39
19:04:40,39
19:04:41,39
19:04:42,39
19:04:42,39
19:04:43,39
19:04:44,39
19:04:45,39
19:04:46,39
19:04:47,39
19:04:48,39
19:04:49,39
19:04:49,39
19:04:50,39
19:04:51,39
19:04:52,39
19:04:53,39
19:04:54,39
19:04:55,39
19:04:56,39
19:04:56,39
19:04:57,39
19:04:58,39
19:04:59,39
19:05:00,39
19:05:01,39
19:05:02,39
19:05:03,39
19:05:03,39
19:05:04,39
19:05:05,39
19:05:06,39
19:05:07,39
19:05:08,39
19:05:09,39
19:05:10,39
19:05:10,39
19:05:11,39
19:05:12,39
19:05:13,39
19:05:14,39
19:05:15,39
19:05:16,39
19:05:17,39
19:05:17,39
19:05:18,39
19:05:19,39
19:05:20,39
19:05:21,39
19:05:22,39
19:05:23,39
19:05:24,39
19:05:24,39
19:05:25,39
19:05:26,39
19:05:27,39
19:05:28,39
19:05:29,39
19:05:30,39
19:05:31,39
19:05:31,39
19:05:32,39
19:05:33,39
19:05:34,39
19:05:35,39
19:05:36,39
19:05:37,39
19:05:38,39
19:05:38,39
19:05:39,39
19:05:40,39
19:05:41,39
19:05:42,38
19:05:43,-58
19:05:44,-78
19:05:45,-78
19:05:45,-78
19:05:46,-78
19:05:47,-78
19:05:48,-78
19:05:49,-78
19:05:50,-78
19:05:51,-78
19:05:52,-78
19:05:52,-78
19:05:53,-78
19:05:54,-78
19:05:55,-78
19:05:56,-78
19:05:57,-78
19:05:58,-30
19:05:59,3
19:05:59,3
19:06:00,3
19:06:01,3
19:06:02,3
19:06:03,3
19:06:04,3
19:06:05,3
19:06:06,3
19:06:06,3
19:06:07,3
19:06:08,3
19:06:09,3
19:06:10,3
19:06:11,3
19:06:12,3
19:06:13,3
19:06:13,3
19:06:14,3
19:06:15,3
19:06:16,3
19:06:17,3
19:06:18,3
19:06:19,3
19:06:20,3
19:06:20,4
19:06:21,-54
19:06:22,-75
19:06:23,-75
19:06:24,-75
19:06:25,-75
19:06:26,-54
19:06:27,30
19:06:27,29
19:06:28,29
19:06:29,29
19:06:30,29
19:06:31,29
19:06:32,29
19:06:33,29
19:06:34,29
19:06:34,29
19:06:35,29
19:06:36,29
19:06:37,29
19:06:38,29
19:06:39,29
19:06:40,29
19:06:41,29
19:06:41,29
19:06:42,29
19:06:43,29
19:06:44,29
19:06:45,29
19:06:46,29
19:06:47,29
19:06:48,29
19:06:48,29
19:06:49,29
19:06:50,29
19:06:51,29
19:06:52,29
19:06:53,29
19:06:54,29
19:06:55,29
19:06:55,29
19:06:56,29
19:06:57,29
19:06:58,29
19:06:59,29
19:07:00,29
19:07:01,29
19:07:02,29
19:07:02,29
19:07:03,29
19:07:04,29
19:07:05,29
19:07:06,29
19:07:07,29
19:07:08,29
19:07:09,29
19:07:09,29
19:07:10,29
19:07:11,29
19:07:12,29
19:07:13,29
19:07:14,29
19:07:15,29
19:07:16,29
19:07:16,29
19:07:17,29
19:07:18,29
19:07:19,29
19:07:20,29
19:07:21,29
19:07:22,29
19:07:23,29
19:07:23,29
19:07:24,29
19:07:25,29
19:07:26,29
19:07:27,29
19:07:28,29
19:07:29,29
19:07:30,29
19:07:30,29
19:07:31,29
19:07:32,29
19:07:33,29
19:07:34,29
19:07:35,29
19:07:36,29
19:07:37,29
19:07:37,29
19:07:38,29
19:07:39,29
19:07:40,29
19:07:41,29
19:07:42,29
19:07:43,29
19:07:44,29
19:07:44,29
19:07:45,29
19:07:46,29
19:07:47,29
19:07:48,29
19:07:49,29
19:07:50,29
19:07:51,29
19:07:51,29
19:07:52,29
19:07:53,29
19:07:54,29
19:07:55,29
19:07:56,29
19:07:57,29
19:07:58,29
19:07:58,29
19:07:59,29
19:08:00,29
19:08:01,29
19:08:02,29
19:08:03,29
19:08:04,29
19:08:05,29
19:08:05,29
19:08:06,29
19:08:07,29
19:08:08,29
19:08:09,29
19:08:10,29
19:08:11,29
19:08:12,29
19:08:12,29
19:08:13,29
19:08:14,29
19:08:15,29
19:08:16,29
19:08:17,29
19:08:18,29
19:08:19,29
19:08:19,29
19:08:20,29
19:08:21,29
19:08:22,29
19:08:23,29
19:08:24,29
19:08:25,29
19:08:26,29
19:08:26,29
19:08:27,29
19:08:28,29
19:08:29,29
19:08:30,29
19:08:31,29
19:08:32,29
19:08:33,29
19:08:33,29
19:08:34,29
19:08:35,29
19:08:36,29
19:08:37,29
19:08:38,29
19:08:39,29
19:08:40,29
19:08:40,29
19:08:41,29
19:08:42,29
19:08:43,29
19:08:44,29
19:08:45,29
19:08:46,29
19:08:47,29
19:08:48,29
19:08:48,29
19:08:49,29
19:08:50,29
19:08:51,29
19:08:52,29
19:08:53,29
19:08:54,29
19:08:55,29
19:08:55,29
19:08:56,29
19:08:57,29
19:08:58,29
19:08:59,29
19:09:00,29
19:09:01,29
19:09:02,29
19:09:02,29
19:09:03,29
19:09:04,29
19:09:05,29
19:09:06,29
19:09:07,29
19:09:08,29
19:09:09,29
19:09:09,29
19:09:10,29
19:09:11,29
19:09:12,29
19:09:13,29
19:09:14,29
19:09:15,29
19:09:16,29
19:09:16,29
19:09:17,29
19:09:18,29
19:09:19,29
19:09:20,29
19:09:21,29
19:09:22,29
19:09:23,29
19:09:23,29
19:09:24,29
19:09:25,29
19:09:26,29
19:09:27,29
19:09:28,29
19:09:29,29
19:09:30,29
19:09:30,29
19:09:31,29
19:09:32,29
19:09:33,29
19:09:34,29
19:09:35,29
19:09:36,29
19:09:37,29
19:09:37,29
19:09:38,29
19:09:39,29
19:09:40,29
19:09:41,29
19:09:42,29
19:09:43,29
19:09:44,29
19:09:44,29
19:09:45,29
19:09:46,29
19:09:47,29
19:09:48,29
19:09:49,29
19:09:50,29
19:09:51,29
19:09:51,29
19:09:52,29
19:09:53,29
19:09:54,29
19:09:55,29
19:09:56,29
19:09:57,29
19:09:58,29
19:09:58,29
19:09:59,29
19:10:00,29
19:10:01,29
19:10:02,29
19:10:03,29
19:10:04,29
19:10:05,29
19:10:05,29
19:10:06,29
19:10:07,29
19:10:08,29
19:10:09,29
19:10:10,29
19:10:11,29
19:10:12,29
19:10:12,29
19:10:13,29
19:10:14,29
19:10:15,29
19:10:16,29
19:10:17,29
19:10:18,29
19:10:19,29
19:10:19,29
19:10:20,29
19:10:21,29
19:10:22,29
19:10:23,29
19:10:24,29
19:10:25,29
19:10:26,29
19:10:26,29
19:10:27,29
19:10:28,29
19:10:29,29
19:10:30,29
19:10:31,29
19:10:32,29
19:10:33,29
19:10:33,29
19:10:34,29
19:10:35,29
19:10:36,29
19:10:37,29
19:10:38,29
19:10:39,29
19:10:40,29
19:10:40,29
19:10:41,29
19:10:42,29
19:10:43,29
19:10:44,29
19:10:45,29
19:10:46,29
19:10:47,29
19:10:47,29
19:10:48,29
19:10:49,29
19:10:50,29
19:10:51,27
19:10:52,-72
19:10:53,-74
19:10:54,-74
19:10:54,-74
19:10:55,-74
19:10:56,-74
19:10:57,-74
19:10:58,-74
19:10:59,-44
19:11:00,0
19:11:01,0
19:11:01,0
19:11:02,0
19:11:03,0
19:11:04,0
19:11:05,0
19:11:06,0
19:11:07,0
19:11:08,0
19:11:08,0
19:11:09,0
19:11:10,0
19:11:11,0
19:11:12,0
19:11:13,0
19:11:14,0
19:11:15,0
19:11:15,0
19:11:16,0
19:11:17,0
19:11:18,0
19:11:19,0
19:11:20,0
19:11:21,0
19:11:22,0
19:11:22,0
19:11:23,0
19:11:24,0
19:11:25,0
19:11:26,0
19:11:27,0
19:11:28,0
19:11:29,0
19:11:29,0
19:11:30,0
19:11:31,0
19:11:32,0
19:11:33,0
19:11:34,0
19:11:35,0
19:11:36,0
19:11:36,0
19:11:37,0
19:11:38,0
19:11:39,0
19:11:40,0
19:11:41,0
19:11:42,0
19:11:43,0
19:11:43,0
19:11:44,0
19:11:45,0
19:11:46,0
19:11:47,0
19:11:48,0
19:11:49,0
19:11:50,0
19:11:50,0
19:11:51,0
19:11:52,0
19:11:53,0
19:11:54,0
19:11:55,0
19:11:56,0
19:11:57,0
19:11:57,0
19:11:58,0
19:11:59,0
19:12:00,0
19:12:01,0
19:12:02,0
19:12:03,0
19:12:04,0
19:12:04,0
19:12:05,0
19:12:06,0
19:12:07,0
19:12:08,0
19:12:09,0
19:12:10,0
19:12:11,0
19:12:11,0
19:12:12,0
19:12:13,0
19:12:14,0
19:12:15,0
19:12:16,0
19:12:17,0
19:12:18,0
19:12:18,0
19:12:19,0
19:12:20,0
19:12:21,0
19:12:22,0
19:12:23,0
19:12:24,0
19:12:25,0
19:12:25,0
19:12:26,0
19:12:27,0
19:12:28,0
19:12:29,0
19:12:30,0
19:12:31,0
19:12:32,0
19:12:32,0
19:12:33,0
19:12:34,0
19:12:35,0
19:12:36,0
19:12:37,0
19:12:38,0
19:12:39,0
19:12:39,0
19:12:40,0
19:12:41,0
19:12:42,0
19:12:43,0
19:12:44,0
19:12:45,0
19:12:46,0
19:12:46,0
19:12:47,0
19:12:48,0
19:12:49,0
19:12:50,0
19:12:51,0
19:12:52,0
19:12:53,0
19:12:53,0
19:12:54,0
19:12:55,0
19:12:56,0
19:12:57,0
19:12:58,0
19:12:59,0
19:13:00,0
19:13:00,0
19:13:01,0
19:13:02,0
19:13:03,0
19:13:04,0
19:13:05,0
19:13:06,0
19:13:07,0
19:13:07,0
19:13:08,0
19:13:09,0
19:13:10,0
19:13:11,0
19:13:12,0
19:13:13,0
19:13:14,0
19:13:14,0
19:13:15,0
19:13:16,0
19:13:17,0
19:13:18,0
19:13:19,0
19:13:20,0
19:13:21,0
19:13:21,0
19:13:22,0
19:13:23,0
19:13:24,0
19:13:25,0
19:13:26,0
19:13:27,0
19:13:28,0
19:13:28,0
19:13:29,0
19:13:30,0
19:13:31,0
19:13:32,0
19:13:33,0
19:13:34,0
19:13:35,0
19:13:35,0
19:13:36,0
19:13:37,0
19:13:38,0
19:13:39,0
19:13:40,0
19:13:41,0
19:13:42,0
19:13:42,0
19:13:43,0
19:13:44,0
19:13:45,0
19:13:46,0
19:13:47,0
19:13:48,0
19:13:49,0
19:13:49,0
19:13:50,0
19:13:51,0
19:13:52,0
19:13:53,0
19:13:54,0
19:13:55,0
19:13:56,0
19:13:56,0
19:13:57,0
19:13:58,0
19:13:59,0
19:14:00,0
19:14:01,0
19:14:02,0
19:14:03,-4
19:14:03,-75
19:14:04,-75
19:14:05,-75
19:14:06,-75
19:14:07,-75
19:14:08,-75
19:14:09,-13
19:14:10,34
19:14:10,34
19:14:11,34
19:14:12,34
19:14:13,34
19:14:14,34
19:14:15,34
19:14:16,34
19:14:17,34
19:14:17,34
19:14:18,34
19:14:19,34
19:14:20,34
19:14:21,34
19:14:22,34
19:14:23,34
19:14:24,34
19:14:24,34
19:14:25,34
19:14:26,34
19:14:27,34
19:14:28,34
19:14:29,34
19:14:30,35
19:14:31,34
19:14:31,34
19:14:32,34
19:14:33,34
19:14:34,34
19:14:35,34
19:14:36,34
19:14:37,34
19:14:38,34
19:14:38,34
19:14:39,34
19:14:40,34
19:14:41,34
19:14:42,34
19:14:43,34
19:14:44,34
19:14:45,34
19:14:45,34
19:14:46,34
19:14:47,34
19:14:48,34
19:14:49,34
19:14:50,34
19:14:51,34
19:14:52,34
19:14:52,34
19:14:53,34
19:14:54,34
19:14:55,34
19:14:56,34
19:14:57,34
19:14:58,34
19:14:59,34
19:14:59,34
19:15:00,34
19:15:01,34
19:15:02,34
19:15:03,35
19:15:04,35
19:15:05,34
19:15:06,34
19:15:06,35
19:15:07,34
19:15:08,34
19:15:09,34
19:15:10,34
19:15:11,35
19:15:12,35
19:15:13,34
19:15:13,34
19:15:14,34
19:15:15,34
19:15:16,34
19:15:17,34
19:15:18,34
19:15:19,35
19:15:20,35
19:15:20,35
19:15:21,35
19:15:22,35
19:15:23,35
19:15:24,35
19:15:25,35
19:15:26,34
19:15:27,34
19:15:27,34
19:15:28,34
19:15:29,34
19:15:30,34
19:15:31,34
19:15:32,34
19:15:33,34
19:15:34,34
19:15:34,34
19:15:35,34
19:15:36,34
19:15:37,34
19:15:38,35
19:15:39,34
19:15:40,35
19:15:41,35
19:15:41,35
19:15:42,35
19:15:43,34
19:15:44,35
19:15:45,35
19:15:46,34
19:15:47,34
19:15:48,34
19:15:49,35
19:15:49,35
19:15:50,35
19:15:51,35
19:15:52,35
19:15:53,34
19:15:54,35
19:15:55,34
19:15:55,35
19:15:56,34
19:15:57,34
19:15:58,34
19:15:59,34
19:16:00,35
19:16:01,35
19:16:02,35
19:16:03,35
19:16:03,35
19:16:04,35
19:16:05,35
19:16:06,35
19:16:07,35
19:16:08,35
19:16:09,35
19:16:10,35
19:16:10,35
19:16:11,35
19:16:12,35
19:16:13,35
19:16:14,35
19:16:15,35
19:16:16,34
19:16:17,35
19:16:17,34
19:16:18,35
19:16:19,34
19:16:20,35
19:16:21,35
19:16:22,35
19:16:23,35
19:16:24,35
19:16:24,35
19:16:25,35
19:16:26,35
19:16:27,35
19:16:28,35
19:16:29,35
19:16:30,35
19:16:31,35
19:16:31,35
19:16:32,35
19:16:33,35
19:16:34,35
19:16:35,35
19:16:36,34
19:16:37,34
19:16:38,35
19:16:38,35
19:16:39,35
19:16:40,35
19:16:41,34
19:16:42,35
19:16:43,35
19:16:44,35
19:16:45,35
19:16:45,35
19:16:46,35
19:16:47,35
19:16:48,35
19:16:49,35
19:16:50,35
19:16:51,35
19:16:52,35
19:16:52,35
19:16:53,35
19:16:54,35
19:16:55,35
19:16:56,34
19:16:57,35
19:16:58,34
19:16:59,35
19:16:59,35
19:17:00,35
19:17:01,35
19:17:02,35
19:17:03,35
19:17:04,35
19:17:05,35
19:17:06,35
19:17:06,35
19:17:07,35
19:17:08,35
19:17:09,35
19:17:10,35
19:17:11,35
19:17:12,35
19:17:13,34
19:17:13,35
19:17:14,34
19:17:15,35
19:17:16,35
19:17:17,34
19:17:18,34
19:17:19,34
19:17:20,35
19:17:20,35
19:17:21,35
19:17:22,35
19:17:23,35
19:17:24,35
19:17:25,35
19:17:26,35
19:17:27,35
19:17:27,35
19:17:28,35
19:17:29,35
19:17:30,34
19:17:31,34
19:17:32,34
19:17:33,34
19:17:34,35
19:17:34,35
19:17:35,35
19:17:36,35
19:17:37,34
19:17:38,34
19:17:39,34
19:17:40,35
19:17:41,35
19:17:41,35
19:17:42,35
19:17:43,35
19:17:44,35
19:17:45,35
19:17:46,35
19:17:47,35
19:17:48,35
19:17:48,34
19:17:49,35
19:17:50,35
19:17:51,34
19:17:52,34
19:17:53,34
19:17:54,35
19:17:55,35
19:17:55,35
19:17:56,35
19:17:57,35
19:17:58,34
19:17:59,34
19:18:00,35
19:18:01,35
19:18:02,35
19:18:02,35
19:18:03,35
19:18:04,35
19:18:05,35
19:18:06,35
19:18:07,35
19:18:08,35
19:18:09,35
19:18:09,35
19:18:10,35
19:18:11,35
19:18:12,35
19:18:13,35
19:18:14,35
19:18:15,35
19:18:16,35
19:18:16,35
19:18:17,34
19:18:18,35
19:18:19,35
19:18:20,35
19:18:21,35
19:18:22,35
19:18:23,35
19:18:23,35
19:18:24,35
19:18:25,35
19:18:26,35
19:18:27,35
19:18:28,35
19:18:29,35
19:18:30,35
19:18:30,35
19:18:31,19
19:18:32,-75
19:18:33,-75
19:18:34,-75
19:18:35,-75
19:18:36,-75
19:18:37,-75
19:18:37,-25
19:18:38,0
19:18:39,0
19:18:40,0
19:18:41,0
19:18:42,0
19:18:43,0
19:18:44,0
19:18:44,0
19:18:45,0
19:18:46,0
19:18:47,0
19:18:48,0
19:18:49,0
19:18:50,0
19:18:51,0
19:18:51,0
19:18:52,0
19:18:53,0
19:18:54,0
19:18:55,0
19:18:56,0
19:18:57,0
19:18:58,0
19:18:58,0
19:18:59,0
19:19:00,0
19:19:01,0
19:19:02,0
19:19:03,0
19:19:04,0
19:19:05,0
19:19:05,0
19:19:06,0
19:19:07,0
19:19:08,0
19:19:09,0
19:19:10,0
19:19:11,0
19:19:12,0
19:19:12,0
19:19:13,0
19:19:14,0
19:19:15,0
19:19:16,0
19:19:17,0
19:19:18,0
19:19:19,0
19:19:19,0
19:19:20,0
19:19:21,0
19:19:22,0
19:19:23,0
19:19:24,0
19:19:25,0
19:19:26,0
19:19:26,0
19:19:27,0
19:19:28,0
19:19:29,0
19:19:30,0
19:19:31,0
19:19:32,0
19:19:33,0
19:19:33,0
19:19:34,0
19:19:35,0
19:19:36,0
19:19:37,0
19:19:38,0
19:19:39,0
19:19:40,0
19:19:40,-60
19:19:41,-77
19:19:42,-77
19:19:43,-77
19:19:44,-77
19:19:45,-77
19:19:46,-77
19:19:47,-77
19:19:47,-76
19:19:48,16
19:19:49,32
19:19:50,32
19:19:51,32
19:19:52,32
19:19:53,32
19:19:54,31
19:19:54,31
19:19:55,31
19:19:56,31
19:19:57,31
19:19:58,31
19:19:59,31
19:20:00,31
19:20:01,31
19:20:02,31
19:20:02,31
19:20:03,31
19:20:04,31
19:20:05,31
19:20:06,31
19:20:07,31
19:20:08,31
19:20:08,31
19:20:09,31
19:20:10,31
19:20:11,31
19:20:12,31
19:20:13,31
19:20:14,31
19:20:15,31
19:20:16,31
19:20:16,31
19:20:17,31
19:20:18,31
19:20:19,31
19:20:20,31
19:20:21,31
19:20:22,31
19:20:23,31
19:20:23,31
19:20:24,31
19:20:25,31
19:20:26,31
19:20:27,31
19:20:28,31
19:20:29,31
19:20:30,31
19:20:30,31
19:20:31,31
19:20:32,31
19:20:33,31
19:20:34,31
19:20:35,31
19:20:36,31
19:20:37,31
19:20:37,31
19:20:38,31
19:20:39,31
19:20:40,31
19:20:41,31
19:20:42,31
19:20:43,31
19:20:44,31
19:20:44,31
19:20:45,31
19:20:46,31
19:20:47,31
19:20:48,31
19:20:49,31
19:20:50,31
19:20:51,31
19:20:51,31
19:20:52,31
19:20:53,31
19:20:54,31
19:20:55,31
19:20:56,31
19:20:57,31
19:20:58,31
19:20:58,31
19:20:59,31
19:21:00,31
19:21:01,31
19:21:02,31
19:21:03,31
19:21:04,31
19:21:05,31
19:21:05,31
19:21:06,31
19:21:07,31
19:21:08,31
19:21:09,31
19:21:10,31
19:21:11,31
19:21:12,31
19:21:12,31
19:21:13,31
19:21:14,31
19:21:15,31
19:21:16,31
19:21:17,31
19:21:18,31
19:21:19,31
19:21:19,31
19:21:20,31
19:21:21,31
19:21:22,31
19:21:23,31
19:21:24,31
19:21:25,31
19:21:26,31
19:21:26,31
19:21:27,31
19:21:28,31
19:21:29,31
19:21:30,31
19:21:31,31
19:21:32,31
19:21:33,31
19:21:33,31
19:21:34,31
19:21:35,31
19:21:36,31
19:21:37,31
19:21:38,31
19:21:39,31
19:21:40,31
19:21:40,31
19:21:41,31
19:21:42,31
19:21:43,31
19:21:44,31
19:21:45,31
19:21:46,31
19:21:47,31
19:21:47,31
19:21:48,31
19:21:49,31
19:21:50,31
19:21:51,31
19:21:52,31
19:21:53,31
19:21:54,31
19:21:54,31
19:21:55,31
19:21:56,31
19:21:57,31
19:21:58,31
19:21:59,31
19:22:00,31
19:22:01,31
19:22:01,31
19:22:02,31
19:22:03,31
19:22:04,31
19:22:05,31
19:22:06,31
19:22:07,31
19:22:08,31
19:22:08,31
19:22:09,31
19:22:10,31
19:22:11,31
19:22:12,31
19:22:13,31
19:22:14,31
19:22:15,31
19:22:15,31
19:22:16,31
19:22:17,31
19:22:18,31
19:22:19,31
19:22:20,31
19:22:21,31
19:22:22,31
19:22:22,31
19:22:23,31
19:22:24,31
19:22:25,31
19:22:26,31
19:22:27,31
19:22:28,31
19:22:29,31
19:22:29,31
19:22:30,31
19:22:31,31
19:22:32,31
19:22:33,31
19:22:34,31
19:22:35,31
19:22:36,31
19:22:36,31
19:22:37,31
19:22:38,31
19:22:39,31
19:22:40,31
19:22:41,31
19:22:42,31
19:22:43,31
19:22:43,31
19:22:44,31
19:22:45,31
19:22:46,31
19:22:47,31
19:22:48,31
19:22:49,31
19:22:50,31
19:22:50,31
19:22:51,31
19:22:52,31
19:22:53,31
19:22:54,31
19:22:55,31
19:22:56,31
19:22:57,31
19:22:57,31
19:22:58,31
19:22:59,31
19:23:00,31
19:23:01,31
19:23:02,31
19:23:03,31
19:23:04,31
19:23:04,31
19:23:05,31
19:23:06,31
19:23:07,31
19:23:08,31
19:23:09,31
19:23:10,31
19:23:11,31
19:23:11,31
19:23:12,31
19:23:13,31
19:23:14,31
19:23:15,31
19:23:16,31
19:23:17,31
19:23:18,31
19:23:18,31
19:23:19,31
19:23:20,31
19:23:21,31
19:23:22,31
19:23:23,31
19:23:24,31
19:23:25,31
19:23:26,31
19:23:26,31
19:23:27,31
19:23:28,31
19:23:29,31
19:23:30,31
19:23:31,31
19:23:32,31
19:23:32,31
19:23:33,31
19:23:34,31
19:23:35,31
19:23:36,31
19:23:37,31
19:23:38,31
19:23:39,31
19:23:39,31
19:23:40,31
19:23:41,31
19:23:42,31
19:23:43,31
19:23:44,31
19:23:45,31
19:23:46,31
19:23:46,31
19:23:47,31
19:23:48,31
19:23:49,31
19:23:50,31
19:23:51,31
19:23:52,31
19:23:53,31
19:23:53,31
19:23:54,31
19:23:55,31
19:23:56,31
19:23:57,31
19:23:58,31
19:23:59,31
19:24:00,31
19:24:00,31
19:24:01,31
19:24:02,31
19:24:03,31
19:24:04,31
19:24:05,31
19:24:06,31
19:24:07,31
19:24:07,31
19:24:08,31
19:24:09,31
19:24:10,31
19:24:11,31
19:24:12,31
19:24:13,31
19:24:14,31
19:24:14,31
19:24:15,31
19:24:16,31
19:24:17,31
19:24:18,31
19:24:19,31
19:24:20,31
19:24:21,31
19:24:21,31
19:24:22,31
19:24:23,31
19:24:24,31
19:24:25,31
19:24:26,31
19:24:27,31
19:24:28,31
19:24:29,31
19:24:29,31
19:24:30,31
19:24:31,31
19:24:32,31
19:24:33,31
19:24:34,31
19:24:35,31
19:24:36,31
19:24:36,31
19:24:37,31
19:24:38,31
19:24:39,31
19:24:40,31
19:24:41,31
19:24:42,31
19:24:43,31
19:24:43,31
19:24:44,31
19:24:45,31
19:24:46,31
19:24:47,31
19:24:48,31
19:24:49,31
19:24:50,31
19:24:50,31
19:24:51,31
19:24:52,31
19:24:53,31
19:24:54,31
19:24:55,31
19:24:56,31
19:24:57,31
19:24:57,31
19:24:58,31
19:24:59,31
19:25:00,31
19:25:01,31
19:25:02,31
19:25:03,31
19:25:04,31
19:25:04,31
19:25:05,31
19:25:06,31
19:25:07,31
19:25:08,31
19:25:09,31
19:25:10,31
19:25:11,31
19:25:11,31
19:25:12,31
19:25:13,31
19:25:14,31
19:25:15,31
19:25:16,31
19:25:17,31
19:25:18,31
19:25:18,31
19:25:19,31
19:25:20,31
19:25:21,31
19:25:22,31
19:25:23,31
19:25:24,31
19:25:25,31
19:25:25,31
19:25:26,31
19:25:27,31
19:25:28,31
19:25:29,31
19:25:30,31
19:25:31,31
19:25:32,31
19:25:32,31
19:25:33,31
19:25:34,31
19:25:35,31
19:25:36,31
19:25:37,31
19:25:38,31
19:25:39,31
19:25:39,31
19:25:40,31
19:25:41,31
19:25:42,31
19:25:43,31
19:25:44,31
19:25:45,31
19:25:46,31
19:25:46,31
19:25:47,31
19:25:48,31
19:25:49,31
19:25:50,31
19:25:51,31
19:25:52,31
19:25:53,31
19:25:53,31
19:25:54,31
19:25:55,31
19:25:56,31
19:25:57,31
19:25:58,31
19:25:59,31
19:26:00,31
19:26:00,31
19:26:01,31
19:26:02,31
19:26:03,31
19:26:04,31
19:26:05,31
19:26:06,31
19:26:07,31
19:26:07,31
19:26:08,31
19:26:09,31
19:26:10,31
19:26:11,31
19:26:12,31
19:26:13,31
19:26:14,31
19:26:14,31
19:26:15,31
19:26:16,31
19:26:17,31
19:26:18,31
19:26:19,31
19:26:20,31
19:26:21,31
19:26:21,31
19:26:22,31
19:26:23,31
19:26:24,31
19:26:25,31
19:26:26,31
19:26:27,31
19:26:28,31
19:26:28,31
19:26:29,31
19:26:30,31
19:26:31,31
19:26:32,31
19:26:33,31
19:26:34,31
19:26:35,31
19:26:35,31
19:26:36,31
19:26:37,31
19:26:38,31
19:26:39,31
19:26:40,31
19:26:41,31
19:26:42,31
19:26:42,31
19:26:43,31
19:26:44,31
19:26:45,31
19:26:46,31
19:26:47,31
19:26:48,31
19:26:49,31
19:26:49,31
19:26:50,31
19:26:51,31
19:26:52,31
19:26:53,31
19:26:54,31
19:26:55,31
19:26:56,31
19:26:56,31
19:26:57,31
19:26:58,31
19:26:59,31
19:27:00,31
19:27:01,31
19:27:02,31
19:27:03,31
19:27:03,31
19:27:04,31
19:27:05,31
19:27:06,31
19:27:07,31
19:27:08,31
19:27:09,31
19:27:10,31
19:27:10,31
19:27:11,31
19:27:12,31
19:27:13,31
19:27:14,31
19:27:15,31
19:27:16,31
19:27:17,31
19:27:17,31
19:27:18,31
19:27:19,31
19:27:20,31
19:27:21,31
19:27:22,31
19:27:23,31
19:27:24,31
19:27:24,31
19:27:25,31
19:27:26,31
19:27:27,31
19:27:28,31
19:27:29,31
19:27:30,31
19:27:31,31
19:27:31,31
19:27:32,31
19:27:33,31
19:27:34,31
19:27:35,31
19:27:36,31
19:27:37,31
19:27:38,31
19:27:38,31
19:27:39,31
19:27:40,31
19:27:41,31
19:27:42,31
19:27:43,31
19:27:44,31
19:27:45,31
19:27:45,31
19:27:46,31
19:27:47,31
19:27:48,31
19:27:49,31
19:27:50,31
19:27:51,31
19:27:52,31
19:27:52,31
19:27:53,31
19:27:54,31
19:27:55,31
19:27:56,31
19:27:57,31
19:27:58,31
19:27:59,31
19:27:59,31
19:28:00,31
19:28:01,31
19:28:02,31
19:28:03,31
19:28:04,31
19:28:05,31
19:28:06,31
19:28:07,31
19:28:07,31
19:28:08,31
19:28:09,31
19:28:10,31
19:28:11,31
19:28:12,31
19:28:13,31
19:28:13,31
19:28:14,31
19:28:15,31
19:28:16,31
19:28:17,31
19:28:18,31
19:28:19,31
19:28:20,31
19:28:20,31
19:28:21,31
19:28:22,31
19:28:23,31
19:28:24,31
19:28:25,31
19:28:26,31
19:28:27,31
19:28:27,31
19:28:28,31
19:28:29,31
19:28:30,31
19:28:31,31
19:28:32,31
19:28:33,31
19:28:34,31
19:28:35,31
19:28:35,31
19:28:36,31
19:28:37,31
19:28:38,31
19:28:39,31
19:28:40,31
19:28:41,31
19:28:41,-62
19:28:42,-74
19:28:43,-74
19:28:44,-74
19:28:45,-74
19:28:46,-74
19:28:47,-74
19:28:48,-74
19:28:49,-74
19:28:49,-74
19:28:50,-74
19:28:51,-40
19:28:52,-1
19:28:53,-1
19:28:54,0
19:28:55,0
19:28:56,0
19:28:56,0
19:28:57,0
19:28:58,0
19:28:59,0
19:29:00,0
19:29:01,0
19:29:02,0
19:29:03,0
19:29:03,0
19:29:04,0
19:29:05,0
19:29:06,0
19:29:07,0
19:29:08,0
19:29:09,0
19:29:10,0
19:29:10,0
19:29:11,0
19:29:12,0
19:29:13,0
19:29:14,0
19:29:15,0
19:29:16,0
19:29:17,0
19:29:17,0
19:29:18,0
19:29:19,0
19:29:20,0
19:29:21,0
19:29:22,0
19:29:23,0
19:29:24,0
19:29:24,0
19:29:25,0
19:29:26,0
19:29:27,0
19:29:28,0
19:29:29,0
19:29:30,0
19:29:31,0
19:29:31,0
19:29:32,0
19:29:33,0
19:29:34,0
19:29:35,0
19:29:36,0
19:29:37,0
19:29:38,0
19:29:38,0
19:29:39,0
19:29:40,0
19:29:41,0
19:29:42,0
19:29:43,0
19:29:44,0
19:29:45,0
19:29:45,0
19:29:46,0
19:29:47,0
19:29:48,0
19:29:49,0
19:29:50,0
19:29:51,0
19:29:52,0
19:29:52,0
19:29:53,0
19:29:54,0
19:29:55,0
19:29:56,0
19:29:57,0
19:29:58,0
19:29:59,0
19:29:59,0
19:30:00,0
19:30:01,0
19:30:02,0
19:30:03,0
19:30:04,0
19:30:05,0
19:30:06,0
19:30:06,0
19:30:07,0
19:30:08,0
19:30:09,0
19:30:10,0
19:30:11,0
19:30:12,0
19:30:13,0
19:30:13,0
19:30:14,0
19:30:15,0
19:30:16,0
19:30:17,0
19:30:18,0
19:30:19,0
19:30:20,0
19:30:20,0
19:30:21,0
19:30:22,0
19:30:23,0
19:30:24,0
19:30:25,0
19:30:26,0
19:30:27,0
19:30:27,0
19:30:28,0
19:30:29,0
19:30:30,0
19:30:31,0
19:30:32,0
19:30:33,0
19:30:34,0
19:30:34,0
19:30:35,0
19:30:36,0
19:30:37,0
19:30:38,0
19:30:39,0
19:30:40,0
19:30:41,0
19:30:41,0
19:30:42,0
19:30:43,0
19:30:44,0
19:30:45,0
19:30:46,0
19:30:47,0
19:30:48,0
19:30:48,0
19:30:49,0
19:30:50,0
19:30:51,0
19:30:52,0
19:30:53,0
19:30:54,0
19:30:55,0
19:30:55,0
19:30:56,0
19:30:57,0
19:30:58,0
19:30:59,0
19:31:00,0
19:31:01,0
19:31:02,0
19:31:02,0
19:31:03,0
19:31:04,0
19:31:05,0
19:31:06,0
19:31:07,0
19:31:08,0
19:31:09,0
19:31:09,0
19:31:10,0
19:31:11,0
19:31:12,0
19:31:13,0
19:31:14,0
19:31:15,0
19:31:16,0
19:31:16,0
19:31:17,0
19:31:18,0
19:31:19,0
19:31:20,0
19:31:21,0
19:31:22,0
19:31:23,0
19:31:23,0
19:31:24,0
19:31:25,0
19:31:26,0
19:31:27,0
19:31:28,0
19:31:29,0
19:31:30,0
19:31:30,0
19:31:31,0
19:31:32,0
19:31:33,0
19:31:34,0
19:31:35,0
19:31:36,0
19:31:37,0
19:31:38,0
19:31:38,0
19:31:39,0
19:31:40,0
19:31:41,0
19:31:42,0
19:31:43,0
19:31:44,0
19:31:44,0
19:31:45,0
19:31:46,0
19:31:47,0
19:31:48,0
19:31:49,0
19:31:50,0
19:31:51,0
19:31:51,0
19:31:52,0
19:31:53,0
19:31:54,0
19:31:55,0
19:31:56,0
19:31:57,0
19:31:58,0
19:31:58,0
19:31:59,0
19:32:00,0
19:32:01,0
19:32:02,0
19:32:03,0
19:32:04,0
19:32:05,0
19:32:05,0
19:32:06,0
19:32:07,0
19:32:08,0
19:32:09,0
19:32:10,0
19:32:11,0
19:32:12,0
19:32:12,0
19:32:13,0
19:32:14,0
19:32:15,0
19:32:16,0
19:32:17,0
19:32:18,0
19:32:19,0
19:32:19,0
19:32:20,0
19:32:21,0
19:32:22,0
19:32:23,0
19:32:24,0
19:32:25,0
19:32:26,0
19:32:26,0
19:32:27,0
19:32:28,0
19:32:29,0
19:32:30,0
19:32:31,0
19:32:32,0
19:32:33,0
19:32:33,0
19:32:34,0
19:32:35,0
19:32:36,0
19:32:37,0
19:32:38,0
19:32:39,0
19:32:40,0
19:32:40,-25
19:32:41,-77
19:32:42,-77
19:32:43,-77
19:32:44,-77
19:32:45,-77
19:32:46,-77
19:32:47,-77
19:32:47,-77
19:32:48,-77
19:32:49,-77
19:32:50,-77
19:32:51,-77
19:32:52,-77
19:32:53,-77
19:32:54,-77
19:32:55,-77
19:32:55,0
19:32:56,24
19:32:57,24
19:32:58,24
19:32:59,24
19:33:00,24
19:33:01,24
19:33:01,24
19:33:02,24
19:33:03,24
19:33:04,24
19:33:05,24
19:33:06,24
19:33:07,24
19:33:08,24
19:33:08,24
19:33:09,24
19:33:10,24
19:33:11,24
19:33:12,24
19:33:13,23
19:33:14,24
19:33:15,23
19:33:15,23
19:33:16,23
19:33:17,23
19:33:18,23
19:33:19,23
19:33:20,23
19:33:21,23
19:33:22,24
19:33:23,24
19:33:23,24
19:33:24,23
19:33:25,23
19:33:26,23
19:33:27,23
19:33:28,23
19:33:29,23
19:33:30,23
19:33:30,23
19:33:31,24
19:33:32,24
19:33:33,23
19:33:34,23
19:33:35,23
19:33:36,23
19:33:37,23
19:33:37,23
19:33:38,23
19:33:39,23
19:33:40,23
19:33:41,23
19:33:42,23
19:33:43,23
19:33:44,23
19:33:44,22
19:33:45,22
19:33:46,22
19:33:47,22
19:33:48,22
19:33:49,22
19:33:50,22
19:33:51,23
19:33:51,-19
19:33:52,-77
19:33:53,-77
19:33:54,-77
19:33:55,-77
19:33:56,-77
19:33:57,-77
19:33:58,-77
19:33:58,-78
19:33:59,-78
19:34:00,-78
19:34:01,-77
19:34:02,-5
19:34:03,-1
19:34:04,-1
19:34:05,-1
19:34:05,-1
19:34:06,-1
19:34:07,-1
19:34:08,-1
19:34:09,-1
19:34:10,-1
19:34:11,-1
19:34:12,-1
19:34:12,-1
19:34:13,-1
19:34:14,-1
19:34:15,-1
19:34:16,-1
19:34:17,-9
19:34:18,-75
19:34:19,-75
19:34:19,-75
19:34:20,-75
19:34:21,-75
19:34:22,-75
19:34:23,-75
19:34:24,-75
19:34:25,-14
19:34:26,28
19:34:26,28
19:34:27,28
19:34:28,28
19:34:29,28
19:34:30,28
19:34:31,28
19:34:32,28
19:34:33,28
19:34:33,28
19:34:34,28
19:34:35,28
19:34:36,28
19:34:37,28
19:34:38,29
19:34:39,28
19:34:40,28
19:34:40,28
19:34:41,29
19:34:42,28
19:34:43,29
19:34:44,29
19:34:45,29
19:34:46,29
19:34:47,28
19:34:47,29
19:34:48,29
19:34:49,29
19:34:50,29
19:34:51,29
19:34:52,29
19:34:53,29
19:34:54,29
19:34:54,29
19:34:55,29
19:34:56,29
19:34:57,29
19:34:58,29
19:34:59,29
19:35:00,29
19:35:01,29
19:35:01,29
19:35:02,29
19:35:03,29
19:35:04,29
19:35:05,29
19:35:06,29
19:35:07,29
19:35:08,29
19:35:08,29
19:35:09,29
19:35:10,29
19:35:11,29
19:35:12,29
19:35:13,29
19:35:14,29
19:35:15,29
19:35:15,29
19:35:16,29
19:35:17,29
19:35:18,29
19:35:19,29
19:35:20,29
19:35:21,29
19:35:22,29
19:35:22,29
19:35:23,29
19:35:24,29
19:35:25,29
19:35:26,29
19:35:27,29
19:35:28,29
19:35:29,29
19:35:29,29
19:35:30,29
19:35:31,29
19:35:32,29
19:35:33,29
19:35:34,29
19:35:35,29
19:35:36,29
19:35:36,29
19:35:37,29
19:35:38,29
19:35:39,29
19:35:40,29
19:35:41,29
19:35:42,29
19:35:43,29
19:35:43,29
19:35:44,29
19:35:45,29
19:35:46,29
19:35:47,29
19:35:48,29
19:35:49,29
19:35:50,29
19:35:50,29
19:35:51,29
19:35:52,29
19:35:53,29
19:35:54,29
19:35:55,29
19:35:56,29
19:35:57,29
19:35:57,29
19:35:58,29
19:35:59,29
19:36:00,29
19:36:01,29
19:36:02,29
19:36:03,29
19:36:04,29
19:36:04,29
19:36:05,29
19:36:06,29
19:36:07,29
19:36:08,29
19:36:09,29
19:36:10,29
19:36:11,29
19:36:12,29
19:36:12,29
19:36:13,29
19:36:14,29
19:36:15,29
19:36:16,29
19:36:17,29
19:36:18,29
19:36:18,29
19:36:19,29
19:36:20,29
19:36:21,29
19:36:22,29
19:36:23,29
19:36:24,29
19:36:25,29
19:36:25,29
19:36:26,29
19:36:27,29
19:36:28,29
19:36:29,29
19:36:30,29
19:36:31,29
19:36:32,29
19:36:32,29
19:36:33,29
19:36:34,29
19:36:35,29
19:36:36,29
19:36:37,29
19:36:38,29
19:36:39,29
19:36:39,29
19:36:40,29
19:36:41,29
19:36:42,29
19:36:43,29
19:36:44,29
19:36:45,29
19:36:46,29
19:36:47,29
19:36:47,29
19:36:48,29
19:36:49,29
19:36:50,29
19:36:51,29
19:36:52,29
19:36:53,29
19:36:54,29
19:36:54,29
19:36:55,29
19:36:56,29
19:36:57,29
19:36:58,29
19:36:59,29
19:37:00,29
19:37:01,29
19:37:01,29
19:37:02,29
19:37:03,29
19:37:04,29
19:37:05,29
19:37:06,29
19:37:07,29
19:37:08,29
19:37:08,29
19:37:09,29
19:37:10,29
19:37:11,29
19:37:12,29
19:37:13,29
19:37:14,29
19:37:15,29
19:37:15,29
19:37:16,29
19:37:17,29
19:37:18,29
19:37:19,29
19:37:20,29
19:37:21,29
19:37:22,29
19:37:22,29
19:37:23,29
19:37:24,29
19:37:25,29
19:37:26,29
19:37:27,29
19:37:28,29
19:37:29,29
19:37:29,29
19:37:30,29
19:37:31,29
19:37:32,29
19:37:33,29
19:37:34,29
19:37:35,29
19:37:36,29
19:37:36,29
19:37:37,29
19:37:38,29
19:37:39,29
19:37:40,29
19:37:41,29
19:37:42,29
19:37:43,29
19:37:43,29
19:37:44,29
19:37:45,29
19:37:46,29
19:37:47,-45
19:37:48,-75
19:37:49,-75
19:37:50,-75
19:37:50,-75
19:37:51,-75
19:37:52,-75
19:37:53,-75
19:37:54,-75
19:37:55,-75
19:37:56,-46
19:37:57,0
19:37:57,0
19:37:58,0
19:37:59,0
19:38:00,1
19:38:01,1
19:38:02,1
19:38:03,1
19:38:04,1
19:38:04,1
19:38:05,1
19:38:06,1
19:38:07,1
19:38:08,1
19:38:09,1
19:38:10,1
19:38:11,1
19:38:11,1
19:38:12,1
19:38:13,1
19:38:14,1
19:38:15,1
19:38:16,1
19:38:17,1
19:38:18,1
19:38:18,1
19:38:19,1
19:38:20,1
19:38:21,1
19:38:22,1
19:38:23,1
19:38:24,1
19:38:25,0
19:38:25,0
19:38:26,0
19:38:27,0
19:38:28,0
19:38:29,0
19:38:30,0
19:38:31,0
19:38:32,1
19:38:32,0
19:38:33,0
19:38:34,0
19:38:35,0
19:38:36,0
19:38:37,0
19:38:38,0
19:38:39,0
19:38:39,0
19:38:40,0
19:38:41,1
19:38:42,1
19:38:43,1
19:38:44,1
19:38:45,0
19:38:46,0
19:38:47,0
19:38:47,0
19:38:48,1
19:38:49,1
19:38:50,1
19:38:51,1
19:38:52,1
19:38:53,1
19:38:53,0
19:38:54,0
19:38:55,1
19:38:56,-26
19:38:57,-76
19:38:58,-76
19:38:59,-76
19:39:00,-76
19:39:00,-74
19:39:01,23
19:39:02,33
19:39:03,33
19:39:04,33
19:39:05,33
19:39:06,33
19:39:07,33
19:39:07,33
19:39:08,33
19:39:09,33
19:39:10,33
19:39:11,34
19:39:12,34
19:39:13,34
19:39:14,34
19:39:14,34
19:39:15,34
19:39:16,34
19:39:17,34
19:39:18,34
19:39:19,34
19:39:20,34
19:39:21,34
19:39:21,34
19:39:22,34
19:39:23,34
19:39:24,34
19:39:25,34
19:39:26,33
19:39:27,33
19:39:28,34
19:39:28,34
19:39:29,34
19:39:30,34
19:39:31,34
19:39:32,33
19:39:33,34
19:39:34,34
19:39:35,33
19:39:36,34
19:39:36,34
19:39:37,33
19:39:38,34
19:39:39,34
19:39:40,34
19:39:41,34
19:39:42,34
19:39:43,34
19:39:43,34
19:39:44,34
19:39:45,34
19:39:46,34
19:39:47,33
19:39:48,34
19:39:49,34
19:39:50,34
19:39:50,34
19:39:51,34
19:39:52,34
19:39:53,34
19:39:54,34
19:39:55,34
19:39:56,34
19:39:57,34
19:39:57,34
19:39:58,34
19:39:59,34
19:40:00,34
19:40:01,34
19:40:02,34
19:40:03,33
19:40:04,34
19:40:04,34
19:40:05,34
19:40:06,34
19:40:07,34
19:40:08,34
19:40:09,34
19:40:10,34
19:40:11,33
19:40:11,34
19:40:12,34
19:40:13,34
19:40:14,34
19:40:15,34
19:40:16,34
19:40:17,34
19:40:18,34
19:40:18,34
19:40:19,34
19:40:20,34
19:40:21,34
19:40:22,34
19:40:23,34
19:40:24,34
19:40:25,34
19:40:25,34
19:40:26,34
19:40:27,34
19:40:28,33
19:40:29,33
19:40:30,33
19:40:31,33
19:40:32,33
19:40:32,34
19:40:33,34
19:40:34,34
19:40:35,34
19:40:36,34
19:40:37,33
19:40:38,33
19:40:39,33
19:40:39,33
19:40:40,33
19:40:41,33
19:40:42,33
19:40:43,34
19:40:44,34
19:40:45,34
19:40:46,34
19:40:46,34
19:40:47,34
19:40:48,33
19:40:49,33
19:40:50,33
19:40:51,33
19:40:52,33
19:40:53,34
19:40:53,34
19:40:54,34
19:40:55,34
19:40:56,34
19:40:57,33
19:40:58,33
19:40:59,33
19:41:00,33
19:41:00,33
19:41:01,33
19:41:02,33
19:41:03,34
19:41:04,33
19:41:05,34
19:41:06,34
19:41:07,34
19:41:07,34
19:41:08,33
19:41:09,33
19:41:10,33
19:41:11,33
19:41:12,33
19:41:13,33
19:41:14,34
19:41:14,34
19:41:15,34
19:41:16,34
19:41:17,34
19:41:18,33
19:41:19,33
19:41:20,33
19:41:21,33
19:41:21,33
19:41:22,33
19:41:23,33
19:41:24,33
19:41:25,33
19:41:26,34
19:41:27,34
19:41:28,34
19:41:28,34
19:41:29,33
19:41:30,33
19:41:31,33
19:41:32,33
19:41:33,33
19:41:34,33
19:41:35,33
19:41:35,33
19:41:36,34
19:41:37,33
19:41:38,33
19:41:39,33
19:41:40,33
19:41:41,33
19:41:42,33
19:41:42,33
19:41:43,33
19:41:44,33
19:41:45,33
19:41:46,34
19:41:47,33
19:41:48,34
19:41:49,34
19:41:49,34
19:41:50,33
19:41:51,34
19:41:52,33
19:41:53,33
19:41:54,33
19:41:55,33
19:41:56,34
19:41:56,34
19:41:57,34
19:41:58,34
19:41:59,33
19:42:00,33
19:42:01,33
19:42:02,33
19:42:03,33
19:42:03,33
19:42:04,33
19:42:05,33
19:42:06,33
19:42:07,34
19:42:08,34
19:42:09,34
19:42:10,34
19:42:10,33
19:42:11,33
19:42:12,33
19:42:13,33
19:42:14,33
19:42:15,33
19:42:16,33
19:42:17,33
19:42:17,33
19:42:18,33
19:42:19,33
19:42:20,33
19:42:21,33
19:42:22,33
19:42:23,33
19:42:24,33
19:42:24,33
19:42:25,33
19:42:26,34
19:42:27,33
19:42:28,33
19:42:29,34
19:42:30,34
19:42:31,33
19:42:32,33
19:42:32,33
19:42:33,33
19:42:34,33
19:42:35,33
19:42:36,33
19:42:37,33
19:42:38,34
19:42:38,34
19:42:39,34
19:42:40,33
19:42:41,33
19:42:42,33
19:42:43,33
19:42:44,33
19:42:45,33
19:42:45,33
19:42:46,33
19:42:47,33
19:42:48,33
19:42:49,34
19:42:50,34
19:42:51,34
19:42:52,33
19:42:53,33
19:42:53,33
19:42:54,34
19:42:55,34
19:42:56,34
19:42:57,34
19:42:58,34
19:42:59,34
19:42:59,34
19:43:00,34
19:43:01,34
19:43:02,34
19:43:03,34
19:43:04,34
19:43:05,34
19:43:06,34
19:43:07,34
19:43:07,34
19:43:08,34
19:43:09,34
19:43:10,34
19:43:11,34
19:43:12,34
19:43:13,34
19:43:14,34
19:43:14,34
19:43:15,34
19:43:16,34
19:43:17,34
19:43:18,34
19:43:19,34
19:43:20,34
19:43:21,33
19:43:21,34
19:43:22,34
19:43:23,34
19:43:24,34
19:43:25,34
19:43:26,34
19:43:27,34
19:43:28,34
19:43:28,34
19:43:29,34
19:43:30,34
19:43:31,34
19:43:32,34
19:43:33,34
19:43:34,34
19:43:35,34
19:43:35,34
19:43:36,34
19:43:37,34
19:43:38,34
19:43:39,34
19:43:40,34
19:43:41,34
19:43:42,34
19:43:42,34
19:43:43,34
19:43:44,34
19:43:45,34
19:43:46,34
19:43:47,34
19:43:48,34
19:43:49,34
19:43:49,34
19:43:50,34
19:43:51,34
19:43:52,34
19:43:53,34
19:43:54,34
19:43:55,34
19:43:56,34
19:43:56,34
19:43:57,34
19:43:58,34
19:43:59,34
19:44:00,34
19:44:01,34
19:44:02,34
19:44:03,34
19:44:03,34
19:44:04,34
19:44:05,34
19:44:06,34
19:44:07,34
19:44:08,34
19:44:09,34
19:44:10,34
19:44:10,34
19:44:11,34
19:44:12,34
19:44:13,34
19:44:14,34
19:44:15,34
19:44:16,34
19:44:17,34
19:44:17,34
19:44:18,34
19:44:19,34
19:44:20,34
19:44:21,34
19:44:22,34
19:44:23,34
19:44:24,34
19:44:24,34
19:44:25,34
19:44:26,34
19:44:27,34
19:44:28,34
19:44:29,34
19:44:30,34
19:44:31,34
19:44:31,34
19:44:32,34
19:44:33,34
19:44:34,34
19:44:35,34
19:44:36,33
19:44:37,-70
19:44:38,-75
19:44:38,-75
19:44:39,-75
19:44:40,-75
19:44:41,-67
19:44:42,0
19:44:43,0
19:44:44,0
19:44:45,0
19:44:45,0
19:44:46,0
19:44:47,0
19:44:48,0
19:44:49,0
19:44:50,0
19:44:51,0
19:44:52,0
19:44:52,0
19:44:53,0
19:44:54,0
19:44:55,0
19:44:56,0
19:44:57,0
19:44:58,0
19:44:59,0
19:45:00,0
19:45:00,0
19:45:01,0
19:45:02,0
19:45:03,0
19:45:04,0
19:45:05,0
19:45:06,0
19:45:06,0
19:45:07,0
19:45:08,0
19:45:09,0
19:45:10,0
19:45:11,0
19:45:12,0
19:45:13,0
19:45:13,0
19:45:14,0
19:45:15,0
19:45:16,0
19:45:17,0
19:45:18,0
19:45:19,0
19:45:20,0
19:45:20,0
19:45:21,0
19:45:22,0
19:45:23,0
19:45:24,0
19:45:25,0
19:45:26,-7
19:45:27,-75
19:45:27,-75
19:45:28,-75
19:45:29,-75
19:45:30,-75
19:45:31,13
19:45:32,35
19:45:33,35
19:45:34,35
19:45:34,35
19:45:35,36
19:45:36,36
19:45:37,36
19:45:38,36
19:45:39,36
19:45:40,36
19:45:41,36
19:45:41,36
19:45:42,36
19:45:43,36
19:45:44,36
19:45:45,36
19:45:46,36
19:45:47,36
19:45:48,36
19:45:49,36
19:45:49,36
19:45:50,36
19:45:51,36
19:45:52,36
19:45:53,36
19:45:54,36
19:45:55,36
19:45:56,36
19:45:56,36
19:45:57,36
19:45:58,36
19:45:59,36
19:46:00,36
19:46:01,36
19:46:02,36
19:46:02,36
19:46:03,36
19:46:04,36
19:46:05,36
19:46:06,36
19:46:07,36
19:46:08,36
19:46:09,36
19:46:09,36
19:46:10,36
19:46:11,36
19:46:12,36
19:46:13,36
19:46:14,36
19:46:15,36
19:46:16,36
19:46:17,36
19:46:17,36
19:46:18,36
19:46:19,36
19:46:20,36
19:46:21,36
19:46:22,36
19:46:23,36
19:46:24,36
19:46:24,36
19:46:25,36
19:46:26,36
19:46:27,36
19:46:28,36
19:46:29,36
19:46:30,36
19:46:31,36
19:46:31,36
19:46:32,36
19:46:33,36
19:46:34,36
19:46:35,36
19:46:36,36
19:46:37,36
19:46:38,36
19:46:38,36
19:46:39,36
19:46:40,36
19:46:41,36
19:46:42,36
19:46:43,36
19:46:44,36
19:46:45,36
19:46:45,36
19:46:46,36
19:46:47,36
19:46:48,36
19:46:49,36
19:46:50,36
19:46:51,36
19:46:52,36
19:46:52,36
19:46:53,36
19:46:54,36
19:46:55,36
19:46:56,36
19:46:57,36
19:46:58,36
19:46:59,36
19:46:59,36
19:47:00,36
19:47:01,36
19:47:02,36
19:47:03,36
19:47:04,36
19:47:05,36
19:47:06,36
19:47:06,36
19:47:07,36
19:47:08,36
19:47:09,36
19:47:10,36
19:47:11,36
19:47:12,36
19:47:13,36
19:47:13,36
19:47:14,36
19:47:15,36
19:47:16,36
19:47:17,36
19:47:18,36
19:47:19,36
19:47:20,36
19:47:20,36
19:47:21,36
19:47:22,36
19:47:23,36
19:47:24,36
19:47:25,36
19:47:26,36
19:47:27,36
19:47:27,36
19:47:28,36
19:47:29,36
19:47:30,36
19:47:31,36
19:47:32,36
19:47:33,36
19:47:34,36
19:47:34,36
19:47:35,36
19:47:36,36
19:47:37,36
19:47:38,36
19:47:39,36
19:47:40,36
19:47:41,36
19:47:41,36
19:47:42,36
19:47:43,36
19:47:44,36
19:47:45,36
19:47:46,36
19:47:47,36
19:47:48,36
19:47:48,36
19:47:49,36
19:47:50,36
19:47:51,36
19:47:52,36
19:47:53,36
19:47:54,36
19:47:55,36
19:47:55,36
19:47:56,36
19:47:57,36
19:47:58,36
19:47:59,36
19:48:00,36
19:48:01,36
19:48:02,36
19:48:02,36
19:48:03,36
19:48:04,36
19:48:05,36
19:48:06,36
19:48:07,36
19:48:08,36
19:48:09,36
19:48:09,36
19:48:10,36
19:48:11,36
19:48:12,36
19:48:13,36
19:48:14,36
19:48:15,36
19:48:16,36
19:48:16,36
19:48:17,36
19:48:18,36
19:48:19,36
19:48:20,36
19:48:21,36
19:48:22,36
19:48:23,36
19:48:23,36
19:48:24,36
19:48:25,36
19:48:26,36
19:48:27,36
19:48:28,36
19:48:29,36
19:48:30,36
19:48:30,36
19:48:31,36
19:48:32,36
19:48:33,36
19:48:34,36
19:48:35,36
19:48:36,36
19:48:37,36
19:48:37,36
19:48:38,36
19:48:39,36
19:48:40,36
19:48:41,36
19:48:42,36
19:48:43,36
19:48:44,36
19:48:44,36
19:48:45,36
19:48:46,36
19:48:47,36
19:48:48,36
19:48:49,36
19:48:50,36
19:48:51,36
19:48:51,36
19:48:52,36
19:48:53,36
19:48:54,36
19:48:55,36
19:48:56,36
19:48:57,36
19:48:58,36
19:48:58,36
19:48:59,36
19:49:00,36
19:49:01,36
19:49:02,36
19:49:03,36
19:49:04,36
19:49:05,36
19:49:05,36
19:49:06,36
19:49:07,36
19:49:08,36
19:49:09,36
19:49:10,36
19:49:11,36
19:49:12,36
19:49:13,36
19:49:13,36
19:49:14,36
19:49:15,36
19:49:16,36
19:49:17,36
19:49:18,36
19:49:19,36
19:49:19,36
19:49:20,36
19:49:21,36
19:49:22,36
19:49:23,36
19:49:24,36
19:49:25,36
19:49:26,36
19:49:26,36
19:49:27,36
19:49:28,36
19:49:29,36
19:49:30,36
19:49:31,36
19:49:32,36
19:49:33,36
19:49:33,36
19:49:34,36
19:49:35,36
19:49:36,36
19:49:37,36
19:49:38,36
19:49:39,36
19:49:40,36
19:49:40,36
19:49:41,36
19:49:42,36
19:49:43,36
19:49:44,36
19:49:45,36
19:49:46,36
19:49:47,36
19:49:47,36
19:49:48,36
19:49:49,36
19:49:50,36
19:49:51,36
19:49:52,36
19:49:53,35
19:49:54,36
19:49:54,36
19:49:55,36
19:49:56,36
19:49:57,36
19:49:58,36
19:49:59,36
19:50:00,36
19:50:01,36
19:50:01,36
19:50:02,36
19:50:03,36
19:50:04,36
19:50:05,36
19:50:06,36
19:50:07,36
19:50:08,36
19:50:08,36
19:50:09,36
19:50:10,36
19:50:11,36
19:50:12,36
19:50:13,36
19:50:14,36
19:50:15,36
19:50:16,36
19:50:16,36
19:50:17,36
19:50:18,36
19:50:19,36
19:50:20,36
19:50:21,36
19:50:22,36
19:50:23,36
19:50:23,36
19:50:24,36
19:50:25,36
19:50:26,36
19:50:27,36
19:50:28,36
19:50:29,36
19:50:30,36
19:50:30,36
19:50:31,36
19:50:32,36
19:50:33,36
19:50:34,35
19:50:35,36
19:50:36,36
19:50:37,36
19:50:37,36
19:50:38,36
19:50:39,36
19:50:40,36
19:50:41,36
19:50:42,36
19:50:43,36
19:50:44,36
19:50:44,36
19:50:45,36
19:50:46,36
19:50:47,36
19:50:48,36
19:50:49,36
19:50:50,36
19:50:51,36
19:50:51,36
19:50:52,36
19:50:53,36
19:50:54,36
19:50:55,36
19:50:56,36
19:50:57,36
19:50:58,36
19:50:58,36
19:50:59,36
19:51:00,36
19:51:01,36
19:51:02,36
19:51:03,36
19:51:04,36
19:51:05,36
19:51:05,36
19:51:06,36
19:51:07,36
19:51:08,36
19:51:09,36
19:51:10,36
19:51:11,36
19:51:12,36
19:51:12,36
19:51:13,36
19:51:14,35
19:51:15,36
19:51:16,36
19:51:17,36
19:51:18,36
19:51:19,36
19:51:19,36
19:51:20,36
19:51:21,36
19:51:22,36
19:51:23,-67
19:51:24,-76
19:51:25,-76
19:51:26,-76
19:51:26,-76
19:51:27,-76
19:51:28,-76
19:51:29,-36
19:51:30,0
19:51:31,0
19:51:32,0
19:51:33,0
19:51:33,0
19:51:34,0
19:51:35,0
19:51:36,0
19:51:37,0
19:51:38,0
19:51:39,0
19:51:40,0
19:51:40,0
19:51:41,0
19:51:42,0
19:51:43,0
19:51:44,0
19:51:45,0
19:51:46,0
19:51:47,0
19:51:47,0
19:51:48,0
19:51:49,0
19:51:50,0
19:51:51,0
19:51:52,0
19:51:53,0
19:51:54,0
19:51:54,0
19:51:55,0
19:51:56,0
19:51:57,0
19:51:58,0
19:51:59,0
19:52:00,0
19:52:01,0
19:52:01,0
19:52:02,0
19:52:03,0
19:52:04,0
19:52:05,0
19:52:06,0
19:52:07,0
19:52:08,0
19:52:08,0
19:52:09,0
19:52:10,0
19:52:11,0
19:52:12,0
19:52:13,0
19:52:14,0
19:52:15,0
19:52:15,0
19:52:16,0
19:52:17,0
19:52:18,0
19:52:19,0
19:52:20,0
19:52:21,0
19:52:22,0
19:52:22,0
19:52:23,-8
19:52:24,-76
19:52:25,-75
19:52:26,-75
19:52:27,-75
19:52:28,-75
19:52:29,-76
19:52:29,-12
19:52:30,38
19:52:31,38
19:52:32,38
19:52:33,38
19:52:34,38
19:52:35,39
19:52:36,39
19:52:36,38
19:52:37,38
19:52:38,38
19:52:39,38
19:52:40,38
19:52:41,38
19:52:42,38
19:52:43,38
19:52:43,38
19:52:44,38
19:52:45,38
19:52:46,38
19:52:47,38
19:52:48,38
19:52:49,38
19:52:50,38
19:52:50,38
19:52:51,38
19:52:52,38
19:52:53,38
19:52:54,38
19:52:55,39
19:52:56,39
19:52:57,38
19:52:57,38
19:52:58,38
19:52:59,38
19:53:00,38
19:53:01,38
19:53:02,38
19:53:03,38
19:53:04,38
19:53:04,38
19:53:05,38
19:53:06,38
19:53:07,39
19:53:08,39
19:53:09,38
19:53:10,38
19:53:11,38
19:53:11,38
19:53:12,38
19:53:13,38
19:53:14,38
19:53:15,38
19:53:16,39
19:53:17,38
19:53:18,38
19:53:18,38
19:53:19,38
19:53:20,38
19:53:21,38
19:53:22,38
19:53:23,38
19:53:24,38
19:53:25,38
19:53:25,38
19:53:26,38
19:53:27,39
19:53:28,38
19:53:29,38
19:53:30,38
19:53:31,38
19:53:32,38
19:53:33,38
19:53:33,38
19:53:34,38
19:53:35,38
19:53:36,38
19:53:37,39
19:53:38,38
19:53:39,38
19:53:40,38
19:53:40,38
19:53:41,38
19:53:42,38
19:53:43,38
19:53:44,38
19:53:45,38
19:53:46,38
19:53:47,38
19:53:47,38
19:53:48,39
19:53:49,39
19:53:50,38
19:53:51,38
19:53:52,38
19:53:53,38
19:53:54,38
19:53:54,38
19:53:55,38
19:53:56,39
19:53:57,38
19:53:58,38
19:53:59,38
19:54:00,38
19:54:01,38
19:54:01,38
19:54:02,38
19:54:03,38
19:54:04,38
19:54:05,38
19:54:06,38
19:54:07,38
19:54:08,38
19:54:08,39
19:54:09,39
19:54:10,39
19:54:11,38
19:54:12,38
19:54:13,38
19:54:14,38
19:54:15,38
19:54:15,38
19:54:16,38
19:54:17,39
19:54:18,39
19:54:19,39
19:54:20,38
19:54:21,38
19:54:22,38
19:54:22,38
19:54:23,38
19:54:24,38
19:54:25,38
19:54:26,38
19:54:27,38
19:54:28,38
19:54:29,38
19:54:29,39
19:54:30,38
19:54:31,38
19:54:32,38
19:54:33,38
19:54:34,38
19:54:35,38
19:54:36,38
19:54:36,38
19:54:37,38
19:54:38,39
19:54:39,39
19:54:40,38
19:54:41,38
19:54:42,38
19:54:43,38
19:54:43,38
19:54:44,38
19:54:45,38
19:54:46,38
19:54:47,38
19:54:48,38
19:54:49,38
19:54:50,38
19:54:50,39
19:54:51,38
19:54:52,38
19:54:53,38
19:54:54,38
19:54:55,38
19:54:56,38
19:54:57,38
19:54:57,38
19:54:58,39
19:54:59,39
19:55:00,39
19:55:01,38
19:55:02,38
19:55:03,38
19:55:04,38
19:55:04,38
19:55:05,38
19:55:06,38
19:55:07,38
19:55:08,38
19:55:09,38
19:55:10,39
19:55:11,39
19:55:11,38
19:55:12,38
19:55:13,38
19:55:14,38
19:55:15,38
19:55:16,38
19:55:17,38
19:55:18,38
19:55:18,38
19:55:19,39
19:55:20,39
19:55:21,38
19:55:22,38
19:55:23,38
19:55:24,38
19:55:25,38
19:55:26,38
19:55:26,38
19:55:27,38
19:55:28,38
19:55:29,38
19:55:30,39
19:55:31,39
19:55:32,39
19:55:33,39
19:55:33,38
19:55:34,38
19:55:35,38
19:55:36,38
19:55:37,38
19:55:38,38
19:55:39,38
19:55:39,38
19:55:40,39
19:55:41,39
19:55:42,38
19:55:43,38
19:55:44,38
19:55:45,38
19:55:46,38
19:55:47,38
19:55:47,38
19:55:48,38
19:55:49,38
19:55:50,38
19:55:51,39
19:55:52,39
19:55:53,39
19:55:53,39
19:55:54,38
19:55:55,38
19:55:56,38
19:55:57,38
19:55:58,38
19:55:59,38
19:56:00,38
19:56:01,39
19:56:01,39
19:56:02,38
19:56:03,38
19:56:04,38
19:56:05,38
19:56:06,38
19:56:07,38
19:56:07,38
19:56:08,38
19:56:09,38
19:56:10,38
19:56:11,39
19:56:12,39
19:56:13,39
19:56:14,39
19:56:14,38
19:56:15,38
19:56:16,38
19:56:17,38
19:56:18,38
19:56:19,38
19:56:20,38
19:56:21,-13
19:56:21,-76
19:56:22,-76
19:56:23,-76
19:56:24,-76
19:56:25,-76
19:56:26,-76
19:56:27,-76
19:56:28,-76
19:56:29,-76
19:56:29,-76
19:56:30,-76
19:56:31,-76
19:56:32,-76
19:56:33,-76
19:56:34,-76
19:56:35,-76
19:56:36,-76
19:56:36,-76
19:56:37,-76
19:56:38,-76
19:56:39,-76
19:56:40,-76
19:56:41,-76
19:56:42,-76
19:56:43,-76
19:56:43,-76
19:56:44,-76
19:56:45,-76
19:56:46,-26
19:56:47,0
19:56:48,0
19:56:49,0
19:56:50,0
19:56:50,0
19:56:51,0
19:56:52,0
19:56:53,0
19:56:54,0
19:56:55,0
19:56:56,0
19:56:57,0
19:56:57,0
19:56:58,0
19:56:59,0
19:57:00,0
19:57:01,0
19:57:02,0
19:57:03,0
19:57:04,0
19:57:04,0
19:57:05,0
19:57:06,0
19:57:07,0
19:57:08,0
19:57:09,0
19:57:10,0
19:57:11,0
19:57:11,0
19:57:12,0
19:57:13,0
19:57:14,0
19:57:15,0
19:57:16,0
19:57:17,0
19:57:18,0
19:57:18,0
19:57:19,0
19:57:20,0
19:57:21,0
19:57:22,0
19:57:23,0
19:57:24,0
19:57:25,0
19:57:25,0
19:57:26,0
19:57:27,0
19:57:28,0
19:57:29,0
19:57:30,0
19:57:31,0
19:57:32,0
19:57:32,0
19:57:33,0
19:57:34,0
19:57:35,0
19:57:36,0
19:57:37,0
19:57:38,0
19:57:39,0
19:57:39,0
19:57:40,0
19:57:41,0
19:57:42,0
19:57:43,0
19:57:44,0
19:57:45,0
19:57:46,0
19:57:46,0
19:57:47,0
19:57:48,0
19:57:49,0
19:57:50,0
19:57:51,0
19:57:52,0
19:57:53,0
19:57:53,0
19:57:54,0
19:57:55,0
19:57:56,0
19:57:57,0
19:57:58,0
19:57:59,0
19:58:00,0
19:58:00,0
19:58:01,0
19:58:02,0
19:58:03,0
19:58:04,0
19:58:05,0
19:58:06,0
19:58:07,0
19:58:07,0
19:58:08,0
19:58:09,0
19:58:10,0
19:58:11,0
19:58:12,0
19:58:13,0
19:58:14,0
19:58:14,0
19:58:15,0
19:58:16,0
19:58:17,0
19:58:18,0
19:58:19,0
19:58:20,0
19:58:21,0
19:58:21,0
19:58:22,0
19:58:23,0
19:58:24,0
19:58:25,0
19:58:26,0
19:58:27,0
19:58:28,0
19:58:28,0
19:58:29,0
19:58:30,-3
19:58:31,-74
19:58:32,-75
19:58:33,-75
19:58:34,-75
19:58:35,-75
19:58:35,-75
19:58:36,10
19:58:37,43
19:58:38,43
19:58:39,43
19:58:40,43
19:58:41,43
19:58:42,43
19:58:42,43
19:58:43,43
19:58:44,43
19:58:45,43
19:58:46,43
19:58:47,-67
19:58:48,-75
19:58:49,-75
19:58:49,-75
19:58:50,-75
19:58:51,-74
19:58:52,-74
19:58:53,-74
19:58:54,-74
19:58:55,-74
19:58:56,-74
19:58:56,-74
19:58:57,-73
19:58:58,-70
19:58:59,-73
19:59:00,-76
19:59:01,-76
19:59:02,-76
19:59:03,-76
19:59:03,-76
19:59:04,-69
19:59:05,24
19:59:06,25
19:59:07,25
19:59:08,25
19:59:09,25
19:59:10,25
19:59:10,25
19:59:11,25
19:59:12,25
19:59:13,25
19:59:14,25
19:59:15,25
19:59:16,25
19:59:17,25
19:59:18,25
19:59:18,25
19:59:19,25
19:59:20,25
19:59:21,25
19:59:22,25
19:59:23,25
19:59:24,25
19:59:25,25
19:59:25,25
19:59:26,25
19:59:27,25
19:59:28,25
19:59:29,25
19:59:30,25
19:59:31,25
19:59:32,25
19:59:32,25
19:59:33,25
19:59:34,25
19:59:35,25
19:59:36,25
19:59:37,25
19:59:38,25
19:59:39,25
19:59:39,25
19:59:40,25
19:59:41,25
19:59:42,25
19:59:43,25
19:59:44,25
19:59:45,25
19:59:46,25
19:59:46,26
19:59:47,26
19:59:48,25
19:59:49,25
19:59:50,25
19:59:51,25
19:59:52,25
19:59:53,25
19:59:53,25
19:59:54,25
19:59:55,25
19:59:56,25
19:59:57,25
19:59:58,26
19:59:59,26
20:00:00,25
20:00:00,25
20:00:01,25
20:00:02,25
20:00:03,25
20:00:04,25
20:00:05,25
20:00:06,25
20:00:07,25
20:00:07,26
20:00:08,26
20:00:09,25
20:00:10,25
20:00:11,25
20:00:12,25
20:00:13,25
20:00:14,25
20:00:14,25
20:00:15,25
20:00:16,25
20:00:17,25
20:00:18,26
20:00:19,26
20:00:20,26
20:00:21,26
20:00:21,26
20:00:22,25
20:00:23,25
20:00:24,25
20:00:25,26
20:00:26,25
20:00:27,26
20:00:28,26
20:00:28,26
20:00:29,26
20:00:30,25
20:00:31,25
20:00:32,25
20:00:33,25
20:00:34,25
20:00:35,25
20:00:35,25
20:00:36,25
20:00:37,25
20:00:38,26
20:00:39,26
20:00:40,26
20:00:41,26
20:00:42,26
20:00:42,25
20:00:43,25
20:00:44,25
20:00:45,26
20:00:46,25
20:00:47,25
20:00:48,26
20:00:49,26
20:00:49,26
20:00:50,26
20:00:51,25
20:00:52,25
20:00:53,25
20:00:54,26
20:00:55,25
20:00:56,26
20:00:56,26
20:00:57,26
20:00:58,26
20:00:59,26
20:01:00,26
20:01:01,26
20:01:02,26
20:01:03,26
20:01:03,26
20:01:04,25
20:01:05,25
20:01:06,25
20:01:07,26
20:01:08,25
20:01:09,26
20:01:10,26
20:01:10,26
20:01:11,25
20:01:12,26
20:01:13,26
20:01:14,26
20:01:15,26
20:01:16,25
20:01:17,26
20:01:17,26
20:01:18,26
20:01:19,26
20:01:20,26
20:01:21,26
20:01:22,26
20:01:23,26
20:01:24,25
20:01:24,26
20:01:25,26
20:01:26,26
20:01:27,26
20:01:28,25
20:01:29,26
20:01:30,26
20:01:31,26
20:01:31,26
20:01:32,26
20:01:33,26
20:01:34,26
20:01:35,26
20:01:36,26
20:01:37,25
20:01:38,25
20:01:38,25
20:01:39,25
20:01:40,26
20:01:41,26
20:01:42,26
20:01:43,26
20:01:44,26
20:01:45,25
20:01:45,25
20:01:46,25
20:01:47,25
20:01:48,26
20:01:49,26
20:01:50,26
20:01:51,26
20:01:52,26
20:01:52,25
20:01:53,25
20:01:54,25
20:01:55,25
20:01:56,25
20:01:57,25
20:01:58,25
20:01:59,25
20:01:59,25
20:02:00,26
20:02:01,26
20:02:02,26
20:02:03,26
20:02:04,26
20:02:05,25
20:02:06,25
20:02:06,25
20:02:07,25
20:02:08,25
20:02:09,26
20:02:10,26
20:02:11,26
20:02:12,26
20:02:13,26
20:02:13,26
20:02:14,25
20:02:15,26
20:02:16,26
20:02:17,25
20:02:18,26
20:02:19,26
20:02:20,26
20:02:20,26
20:02:21,26
20:02:22,26
20:02:23,26
20:02:24,26
20:02:25,26
20:02:26,25
20:02:27,26
20:02:27,26
20:02:28,26
20:02:29,26
20:02:30,26
20:02:31,26
20:02:32,26
20:02:33,26
20:02:34,26
20:02:34,26
20:02:35,26
20:02:36,26
20:02:37,26
20:02:38,26
20:02:39,26
20:02:40,26
20:02:41,26
20:02:42,26
20:02:42,26
20:02:43,26
20:02:44,26
20:02:45,26
20:02:46,26
20:02:47,26
20:02:48,26
20:02:49,26
20:02:49,26
20:02:50,26
20:02:51,26
20:02:52,26
20:02:53,26
20:02:54,26
20:02:55,27
20:02:56,-53
20:02:56,-76
20:02:57,-76
20:02:58,-76
20:02:59,-76
20:03:00,-76
20:03:01,-76
20:03:02,-76
20:03:03,-39
20:03:03,0
20:03:04,1
20:03:05,-73
20:03:06,-75
20:03:07,-75
20:03:08,-75
20:03:09,-75
20:03:10,-75
20:03:10,-75
20:03:11,-75
20:03:12,-47
20:03:13,50
20:03:14,49
20:03:15,49
20:03:16,49
20:03:17,49
20:03:17,49
20:03:18,49
20:03:19,49
20:03:20,49
20:03:21,49
20:03:22,49
20:03:23,50
20:03:24,50
20:03:24,50
20:03:25,50
20:03:26,49
20:03:27,49
20:03:28,50
20:03:29,50
20:03:30,50
20:03:31,50
20:03:31,50
20:03:32,50
20:03:33,50
20:03:34,50
20:03:35,50
20:03:36,50
20:03:37,50
20:03:38,50
20:03:38,50
20:03:39,50
20:03:40,50
20:03:41,50
20:03:42,50
20:03:43,50
20:03:44,50
20:03:45,50
20:03:45,50
20:03:46,50
20:03:47,50
20:03:48,50
20:03:49,50
20:03:50,50
20:03:51,50
20:03:52,50
20:03:52,49
20:03:53,50
20:03:54,49
20:03:55,49
20:03:56,49
20:03:57,49
20:03:58,49
20:03:59,49
20:03:59,49
20:04:00,49
20:04:01,49
20:04:02,49
20:04:03,49
20:04:04,49
20:04:05,50
20:04:06,50
20:04:06,50
20:04:07,49
20:04:08,49
20:04:09,49
20:04:10,49
20:04:11,49
20:04:12,49
20:04:13,49
20:04:13,49
20:04:14,50
20:04:15,50
20:04:16,50
20:04:17,49
20:04:18,49
20:04:19,49
20:04:20,49
20:04:20,49
20:04:21,49
20:04:22,50
20:04:23,50
20:04:24,50
20:04:25,50
20:04:26,50
20:04:27,50
20:04:27,50
20:04:28,50
20:04:29,50
20:04:30,50
20:04:31,50
20:04:32,50
20:04:33,50
20:04:34,50
20:04:34,50
20:04:35,50
20:04:36,50
20:04:37,50
20:04:38,50
20:04:39,50
20:04:40,50
20:04:41,50
20:04:41,50
20:04:42,50
20:04:43,50
20:04:44,50
20:04:45,50
20:04:46,50
20:04:47,50
20:04:48,50
20:04:48,50
20:04:49,50
20:04:50,50
20:04:51,50
20:04:52,50
20:04:53,50
20:04:54,50
20:04:55,50
20:04:56,50
20:04:56,50
20:04:57,50
20:04:58,50
20:04:59,50
20:05:00,50
20:05:01,50
20:05:02,50
20:05:02,50
20:05:03,50
20:05:04,50
20:05:05,50
20:05:06,50
20:05:07,50
20:05:08,50
20:05:09,50
20:05:09,50
20:05:10,50
20:05:11,50
20:05:12,50
20:05:13,50
20:05:14,50
20:05:15,50
20:05:16,50
20:05:16,50
20:05:17,50
20:05:18,50
20:05:19,50
20:05:20,50
20:05:21,50
20:05:22,50
20:05:23,50
20:05:23,50
20:05:24,50
20:05:25,50
20:05:26,50
20:05:27,50
20:05:28,50
20:05:29,50
20:05:30,50
20:05:30,50
20:05:31,50
20:05:32,50
20:05:33,50
20:05:34,50
20:05:35,50
20:05:36,50
20:05:37,50
20:05:37,50
20:05:38,50
20:05:39,50
20:05:40,50
20:05:41,50
20:05:42,50
20:05:43,50
20:05:44,50
20:05:45,50
20:05:45,50
20:05:46,50
20:05:47,50
20:05:48,50
20:05:49,50
20:05:50,50
20:05:51,50
20:05:51,50
20:05:52,50
20:05:53,50
20:05:54,50
20:05:55,50
20:05:56,50
20:05:57,50
20:05:58,50
20:05:58,50
20:05:59,50
20:06:00,50
20:06:01,50
20:06:02,50
20:06:03,50
20:06:04,50
20:06:05,50
20:06:06,50
20:06:06,50
20:06:07,50
20:06:08,50
20:06:09,50
20:06:10,50
20:06:11,50
20:06:12,50
20:06:13,50
20:06:13,50
20:06:14,50
20:06:15,50
20:06:16,50
20:06:17,50
20:06:18,50
20:06:19,50
20:06:20,50
20:06:20,50
20:06:21,50
20:06:22,50
20:06:23,50
20:06:24,50
20:06:25,50
20:06:26,50
20:06:27,49
20:06:27,50
20:06:28,50
20:06:29,50
20:06:30,50
20:06:31,50
20:06:32,50
20:06:33,50
20:06:34,50
20:06:34,50
20:06:35,50
20:06:36,50
20:06:37,50
20:06:38,50
20:06:39,50
20:06:40,50
20:06:41,50
20:06:41,50
20:06:42,50
20:06:43,50
20:06:44,50
20:06:45,50
20:06:46,50
20:06:47,50
20:06:48,50
20:06:48,50
20:06:49,50
20:06:50,50
20:06:51,50
20:06:52,50
20:06:53,50
20:06:54,50
20:06:55,50
20:06:55,50
20:06:56,50
20:06:57,50
20:06:58,50
20:06:59,50
20:07:00,50
20:07:01,50
20:07:02,50
20:07:02,50
20:07:03,50
20:07:04,50
20:07:05,50
20:07:06,50
20:07:07,50
20:07:08,50
20:07:09,50
20:07:09,50
20:07:10,50
20:07:11,50
20:07:12,50
20:07:13,50
20:07:14,50
20:07:15,50
20:07:16,50
20:07:16,50
20:07:17,50
20:07:18,50
20:07:19,50
20:07:20,50
20:07:21,50
20:07:22,50
20:07:23,50
20:07:23,50
20:07:24,14
20:07:25,-75
20:07:26,-75
20:07:27,-75
20:07:28,-75
20:07:29,-75
20:07:30,-75
20:07:30,-75
20:07:31,-75
20:07:32,-71
20:07:33,14
20:07:34,15
20:07:35,15
20:07:36,15
20:07:37,15
20:07:37,15
20:07:38,15
20:07:39,15
20:07:40,15
20:07:41,15
20:07:42,14
20:07:43,14
20:07:44,14
20:07:44,14
20:07:45,15
20:07:46,15
20:07:47,15
20:07:48,15
20:07:49,15
20:07:50,15
20:07:51,15
20:07:51,15
20:07:52,15
20:07:53,15
20:07:54,15
20:07:55,15
20:07:56,15
20:07:57,15
20:07:58,15
20:07:58,15
20:07:59,15
20:08:00,15
20:08:01,15
20:08:02,21
20:08:03,17
20:08:04,16
20:08:05,16
20:08:05,33
20:08:06,47
20:08:07,53
20:08:08,-51
20:08:09,-77
20:08:10,-77
20:08:11,-77
20:08:12,-77
20:08:12,-77
20:08:13,-77
20:08:14,-77
20:08:15,-36
20:08:16,22
20:08:17,22
20:08:18,22
20:08:19,22
20:08:20,22
20:08:20,22
20:08:21,22
20:08:22,22
20:08:23,22
20:08:24,22
20:08:25,22
20:08:26,22
20:08:26,22
20:08:27,22
20:08:28,22
20:08:29,21
20:08:30,22
20:08:31,22
20:08:32,22
20:08:33,22
20:08:33,22
20:08:34,22
20:08:35,22
20:08:36,22
20:08:37,22
20:08:38,22
20:08:39,22
20:08:40,22
20:08:40,22
20:08:41,22
20:08:42,22
20:08:43,22
20:08:44,22
20:08:45,22
20:08:46,22
20:08:47,22
20:08:48,22
20:08:48,22
20:08:49,22
20:08:50,22
20:08:51,22
20:08:52,22
20:08:53,22
20:08:54,22
20:08:55,22
20:08:55,22
20:08:56,22
20:08:57,22
20:08:58,22
20:08:59,22
20:09:00,22
20:09:01,22
20:09:02,22
20:09:02,22
20:09:03,22
20:09:04,22
20:09:05,22
20:09:06,22
20:09:07,22
20:09:08,22
20:09:09,22
20:09:09,22
20:09:10,22
20:09:11,22
20:09:12,22
20:09:13,22
20:09:14,22
20:09:15,22
20:09:16,22
20:09:16,22
20:09:17,22
20:09:18,22
20:09:19,22
20:09:20,22
20:09:21,22
20:09:22,22
20:09:23,22
20:09:23,22
20:09:24,22
20:09:25,22
20:09:26,22
20:09:27,22
20:09:28,22
20:09:29,22
20:09:30,22
20:09:30,22
20:09:31,22
20:09:32,22
20:09:33,22
20:09:34,22
20:09:35,22
20:09:36,22
20:09:37,22
20:09:37,22
20:09:38,22
20:09:39,22
20:09:40,22
20:09:41,22
20:09:42,22
20:09:43,22
20:09:44,22
20:09:44,22
20:09:45,22
20:09:46,22
20:09:47,22
20:09:48,22
20:09:49,22
20:09:50,22
20:09:51,22
20:09:51,22
20:09:52,22
20:09:53,22
20:09:54,22
20:09:55,22
20:09:56,22
20:09:57,22
20:09:58,22
20:09:58,22
20:09:59,22
20:10:00,22
20:10:01,22
20:10:02,22
20:10:03,22
20:10:04,22
20:10:05,23
20:10:05,22
20:10:06,22
20:10:07,22
20:10:08,22
20:10:09,22
20:10:10,22
20:10:11,22
20:10:12,22
20:10:12,22
20:10:13,22
20:10:14,22
20:10:15,22
20:10:16,22
20:10:17,23
20:10:18,22
20:10:19,22
20:10:19,22
20:10:20,22
20:10:21,22
20:10:22,22
20:10:23,22
20:10:24,22
20:10:25,22
20:10:26,22
20:10:26,22
20:10:27,22
20:10:28,22
20:10:29,22
20:10:30,22
20:10:31,22
20:10:32,22
20:10:33,22
20:10:33,22
20:10:34,22
20:10:35,22
20:10:36,22
20:10:37,22
20:10:38,22
20:10:39,22
20:10:40,22
20:10:40,22
20:10:41,22
20:10:42,22
20:10:43,22
20:10:44,22
20:10:45,22
20:10:46,22
20:10:47,22
20:10:47,22
20:10:48,22
20:10:49,22
20:10:50,22
20:10:51,22
20:10:52,22
20:10:53,22
20:10:54,22
20:10:54,22
20:10:55,22
20:10:56,22
20:10:57,22
20:10:58,22
20:10:59,22
20:11:00,22
20:11:01,22
20:11:01,22
20:11:02,22
20:11:03,22
20:11:04,22
20:11:05,22
20:11:06,23
20:11:07,22
20:11:08,22
20:11:08,22
20:11:09,22
20:11:10,22
20:11:11,22
20:11:12,22
20:11:13,22
20:11:14,22
20:11:15,22
20:11:15,22
20:11:16,22
20:11:17,23
20:11:18,23
20:11:19,22
20:11:20,22
20:11:21,22
20:11:22,22
20:11:22,22
20:11:23,22
20:11:24,22
20:11:25,22
20:11:26,22
20:11:27,22
20:11:28,22
20:11:29,22
20:11:30,22
20:11:30,22
20:11:31,22
20:11:32,22
20:11:33,22
20:11:34,22
20:11:35,22
20:11:36,22
20:11:37,22
20:11:37,22
20:11:38,22
20:11:39,23
20:11:40,22
20:11:41,22
20:11:42,22
20:11:43,22
20:11:44,22
20:11:44,22
20:11:45,22
20:11:46,22
20:11:47,22
20:11:48,23
20:11:49,22
20:11:50,22
20:11:51,22
20:11:51,22
20:11:52,22
20:11:53,22
20:11:54,22
20:11:55,22
20:11:56,22
20:11:57,22
20:11:58,22
20:11:58,22
20:11:59,22
20:12:00,22
20:12:01,22
20:12:02,22
20:12:03,22
20:12:04,22
20:12:05,22
20:12:05,22
20:12:06,22
20:12:07,23
20:12:08,23
20:12:09,22
20:12:10,22
20:12:11,22
20:12:12,22
20:12:12,22
20:12:13,22
20:12:14,22
20:12:15,22
20:12:16,22
20:12:17,22
20:12:18,22
20:12:19,23
20:12:19,22
20:12:20,23
20:12:21,22
20:12:22,22
20:12:23,22
20:12:24,22
20:12:25,22
20:12:26,22
20:12:26,22
20:12:27,22
20:12:28,23
20:12:29,22
20:12:30,22
20:12:31,22
20:12:32,22
20:12:33,22
20:12:33,22
20:12:34,22
20:12:35,22
20:12:36,22
20:12:37,22
20:12:38,22
20:12:39,22
20:12:40,22
20:12:40,22
20:12:41,22
20:12:42,22
20:12:43,22
20:12:44,22
20:12:45,22
20:12:46,22
20:12:47,22
20:12:47,22
20:12:48,23
20:12:49,23
20:12:50,23
20:12:51,22
20:12:52,22
20:12:53,22
20:12:54,23
20:12:54,23
20:12:55,23
20:12:56,22
20:12:57,23
20:12:58,23
20:12:59,23
20:13:00,23
20:13:01,23
20:13:01,23
20:13:02,23
20:13:03,22
20:13:04,22
20:13:05,22
20:13:06,22
20:13:07,22
20:13:08,23
20:13:08,23
20:13:09,23
20:13:10,23
20:13:11,22
20:13:12,22
20:13:13,23
20:13:14,23
20:13:15,23
20:13:15,23
20:13:16,23
20:13:17,23
20:13:18,-48
20:13:19,-75
20:13:20,-75
20:13:21,-75
20:13:22,-75
20:13:23,-74
20:13:23,-1
20:13:24,-3
20:13:25,-3
20:13:26,-3
20:13:27,-3
20:13:28,-3
20:13:29,-3
20:13:29,-3
20:13:30,-3
20:13:31,-3
20:13:32,-3
20:13:33,-3
20:13:34,-3
20:13:35,-3
20:13:36,-3
20:13:36,-3
20:13:37,-3
20:13:38,-3
20:13:39,-3
20:13:40,-3
20:13:41,-3
20:13:42,-3
20:13:43,-3
20:13:44,-4
20:13:44,-3
20:13:45,-4
20:13:46,-4
20:13:47,-4
20:13:48,-4
20:13:49,-4
20:13:50,-4
20:13:50,-3
20:13:51,-3
20:13:52,-4
20:13:53,-4
20:13:54,-4
20:13:55,-4
20:13:56,-4
20:13:57,-4
20:13:57,-4
20:13:58,-4
20:13:59,-4
20:14:00,-4
20:14:01,-4
20:14:02,-4
20:14:03,-5
20:14:04,-5
20:14:04,-5
20:14:05,-5
20:14:06,-5
20:14:07,-5
20:14:08,-5
20:14:09,-5
20:14:10,-5
20:14:11,-5
20:14:11,-5
20:14:12,-5
20:14:13,-5
20:14:14,-5
20:14:15,-5
20:14:16,-5
20:14:17,-5
20:14:18,-5
20:14:18,-5
20:14:19,-5
20:14:20,-5
20:14:21,-5
20:14:22,-5
20:14:23,-5
20:14:24,-5
20:14:25,-5
20:14:25,-5
20:14:26,-5
20:14:27,-5
20:14:28,-5
20:14:29,-5
20:14:30,-5
20:14:31,-5
20:14:32,-5
20:14:33,-5
20:14:33,-5
20:14:34,-5
20:14:35,-5
20:14:36,-5
20:14:37,-5
20:14:38,-5
20:14:39,-5
20:14:40,-5
20:14:40,-5
20:14:41,-5
20:14:42,-5
20:14:43,-5
20:14:44,-5
20:14:45,-5
20:14:46,-5
20:14:47,-5
20:14:47,-5
20:14:48,-5
20:14:49,-5
20:14:50,-5
20:14:51,-5
20:14:52,-5
20:14:53,-5
20:14:54,-5
20:14:54,-5
20:14:55,-5
20:14:56,-5
20:14:57,-5
20:14:58,-5
20:14:59,-5
20:15:00,-5
20:15:01,-5
20:15:01,-5
20:15:02,-5
20:15:03,-5
20:15:04,-5
20:15:05,-5
20:15:06,-5
20:15:07,-5
20:15:08,-5
20:15:08,-5
20:15:09,-5
20:15:10,-24
20:15:11,4
20:15:12,6
20:15:13,6
20:15:14,6
20:15:15,5
20:15:15,5
20:15:16,5
20:15:17,6
20:15:18,4
20:15:19,4
20:15:20,4
20:15:21,4
20:15:22,4
20:15:22,4
20:15:23,4