19:16:30 ,0
19:16:31 ,0
19:16:32 ,0
19:16:32 ,0
19:16:33 ,0
19:16:34 ,0
19:16:35 ,0
19:16:36 ,0
19:16:37 ,0
19:16:38 ,0
19:16:39 ,0
19:16:40 ,0
19:16:41 ,0
19:16:42 ,0
19:16:43 ,0
19:16:44 ,0
19:16:44 ,0
19:16:45 ,0
19:16:46 ,0
19:16:47 ,0
19:16:48 ,4
19:16:49 ,16
19:16:50 ,30
19:16:51 ,34
19:16:52 ,34
19:16:53 ,34
19:16:54 ,34
19:16:55 ,34
19:16:55 ,34
19:16:56 ,34
19:16:57 ,12
19:16:58 ,-64
19:16:59 ,-64
19:17:00 ,-64
19:17:01 ,-64
19:17:02 ,-65
19:17:03 ,-65
19:17:04 ,-65
19:17:05 ,-20
19:17:06 ,0
19:17:07 ,0
19:17:07 ,0
19:17:08 ,0
19:17:09 ,0
19:17:10 ,0
19:17:11 ,0
19:17:12 ,0
19:17:13 ,0
19:17:14 ,0
19:17:15 ,0
19:17:16 ,0
19:17:17 ,0
19:17:18 ,0
19:17:18 ,0
19:17:19 ,0
19:17:20 ,0
19:17:21 ,0
19:17:22 ,0
19:17:23 ,0
19:17:24 ,0
19:17:25 ,0
19:17:26 ,0
19:17:27 ,0
19:17:28 ,0
19:17:29 ,0
19:17:30 ,0
19:17:30 ,0
19:17:31 ,0
19:17:32 ,0
19:17:33 ,0
19:17:34 ,0
19:17:35 ,0
19:17:36 ,0
19:17:37 ,0
19:17:38 ,0
19:17:39 ,0
19:17:40 ,0
19:17:41 ,0
19:17:42 ,0
19:17:42 ,0
19:17:43 ,0
19:17:44 ,0
19:17:45 ,0
19:17:46 ,0
19:17:47 ,0
19:17:48 ,0
19:17:49 ,0
19:17:50 ,0
19:17:51 ,0
19:17:52 ,0
19:17:53 ,0
19:17:53 ,0
19:17:54 ,0
19:17:55 ,0
19:17:56 ,0
19:17:57 ,0
19:17:58 ,0
19:17:59 ,0
19:18:00 ,0
19:18:01 ,0
19:18:02 ,0
19:18:03 ,0
19:18:04 ,0
19:18:05 ,0
19:18:06 ,0
19:18:06 ,0
19:18:07 ,0
19:18:08 ,0
19:18:09 ,0
19:18:10 ,0
19:18:11 ,0
19:18:12 ,0
19:18:13 ,0
19:18:14 ,0
19:18:15 ,0
19:18:16 ,0
19:18:16 ,0
19:18:17 ,0
19:18:18 ,0
19:18:19 ,0
19:18:20 ,0
19:18:21 ,0
19:18:22 ,8
19:18:23 ,23
19:18:24 ,35
19:18:25 ,35
19:18:26 ,35
19:18:27 ,35
19:18:28 ,35
19:18:29 ,35
19:18:29 ,35
19:18:30 ,35
19:18:31 ,35
19:18:32 ,35
19:18:33 ,35
19:18:34 ,35
19:18:35 ,35
19:18:36 ,36
19:18:37 ,36
19:18:38 ,36
19:18:39 ,36
19:18:40 ,36
19:18:40 ,36
19:18:41 ,36
19:18:42 ,36
19:18:43 ,36
19:18:44 ,36
19:18:45 ,36
19:18:46 ,35
19:18:47 ,36
19:18:48 ,36
19:18:49 ,36
19:18:50 ,36
19:18:51 ,36
19:18:51 ,36
19:18:52 ,36
19:18:53 ,36
19:18:54 ,36
19:18:55 ,36
19:18:56 ,36
19:18:57 ,36
19:18:58 ,36
19:18:59 ,36
19:19:00 ,36
19:19:01 ,36
19:19:02 ,36
19:19:03 ,36
19:19:03 ,36
19:19:04 ,-28
19:19:05 ,-63
19:19:06 ,-64
19:19:07 ,-64
19:19:08 ,-64
19:19:09 ,-64
19:19:10 ,-59
19:19:11 ,0
19:19:12 ,0
19:19:13 ,0
19:19:14 ,0
19:19:14 ,0
19:19:15 ,0
19:19:16 ,0
19:19:17 ,0
19:19:18 ,0
19:19:19 ,0
19:19:20 ,0
19:19:21 ,0
19:19:22 ,0
19:19:23 ,0
19:19:24 ,0
19:19:25 ,0
19:19:26 ,0
19:19:26 ,1
19:19:27 ,0
19:19:28 ,0
19:19:29 ,0
19:19:30 ,1
19:19:31 ,1
19:19:32 ,1
19:19:33 ,1
19:19:34 ,1
19:19:35 ,1
19:19:36 ,1
19:19:37 ,0
19:19:37 ,1
19:19:38 ,0
19:19:39 ,0
19:19:40 ,0
19:19:41 ,0
19:19:42 ,0
19:19:43 ,0
19:19:44 ,0
19:19:45 ,1
19:19:46 ,1
19:19:47 ,1
19:19:48 ,1
19:19:49 ,0
19:19:49 ,0
19:19:50 ,0
19:19:51 ,1
19:19:52 ,1
19:19:53 ,1
19:19:54 ,1
19:19:55 ,1
19:19:56 ,0
19:19:57 ,0
19:19:58 ,0
19:19:59 ,0
19:20:00 ,1
19:20:01 ,1
19:20:01 ,1
19:20:02 ,0
19:20:03 ,0
19:20:04 ,1
19:20:05 ,1
19:20:06 ,1
19:20:07 ,1
19:20:08 ,1
19:20:09 ,1
19:20:10 ,0
19:20:11 ,0
19:20:12 ,0
19:20:12 ,0
19:20:13 ,0
19:20:14 ,0
19:20:15 ,0
19:20:16 ,1
19:20:17 ,1
19:20:18 ,1
19:20:19 ,1
19:20:20 ,0
19:20:21 ,1
19:20:22 ,1
19:20:23 ,1
19:20:24 ,0
19:20:24 ,1
19:20:25 ,1
19:20:26 ,1
19:20:27 ,0
19:20:28 ,0
19:20:29 ,1
19:20:30 ,0
19:20:31 ,0
19:20:32 ,0
19:20:33 ,0
19:20:34 ,0
19:20:35 ,0
19:20:35 ,0
19:20:36 ,0
19:20:37 ,0
19:20:38 ,0
19:20:39 ,0
19:20:40 ,1
19:20:41 ,0
19:20:42 ,0
19:20:43 ,0
19:20:44 ,1
19:20:45 ,0
19:20:46 ,0
19:20:47 ,1
19:20:47 ,0
19:20:48 ,0
19:20:49 ,1
19:20:50 ,1
19:20:51 ,1
19:20:52 ,0
19:20:53 ,0
19:20:54 ,0
19:20:55 ,0
19:20:56 ,1
19:20:57 ,1
19:20:58 ,0
19:20:59 ,0
19:20:59 ,1
19:21:00 ,1
19:21:01 ,1
19:21:02 ,1
19:21:03 ,1
19:21:04 ,1
19:21:05 ,1
19:21:06 ,0
19:21:07 ,0
19:21:08 ,1
19:21:09 ,1
19:21:10 ,1
19:21:10 ,1
19:21:11 ,1
19:21:12 ,1
19:21:13 ,1
19:21:14 ,1
19:21:15 ,0
19:21:16 ,1
19:21:17 ,1
19:21:18 ,1
19:21:19 ,1
19:21:20 ,1
19:21:21 ,1
19:21:22 ,1
19:21:22 ,1
19:21:23 ,1
19:21:24 ,1
19:21:25 ,1
19:21:26 ,1
19:21:27 ,1
19:21:28 ,1
19:21:29 ,1
19:21:30 ,1
19:21:31 ,1
19:21:32 ,1
19:21:33 ,1
19:21:33 ,1
19:21:34 ,1
19:21:35 ,1
19:21:36 ,1
19:21:37 ,15
19:21:38 ,42
19:21:39 ,35
19:21:40 ,35
19:21:41 ,35
19:21:42 ,35
19:21:43 ,35
19:21:44 ,35
19:21:45 ,35
19:21:45 ,35
19:21:46 ,35
19:21:47 ,35
19:21:48 ,35
19:21:49 ,35
19:21:50 ,35
19:21:51 ,35
19:21:52 ,35
19:21:53 ,35
19:21:54 ,35
19:21:55 ,35
19:21:56 ,35
19:21:56 ,35
19:21:57 ,35
19:21:58 ,35
19:21:59 ,35
19:22:00 ,35
19:22:01 ,35
19:22:02 ,35
19:22:03 ,35
19:22:04 ,35
19:22:05 ,35
19:22:06 ,35
19:22:07 ,35
19:22:08 ,35
19:22:08 ,35
19:22:09 ,35
19:22:10 ,35
19:22:11 ,35
19:22:12 ,35
19:22:13 ,35
19:22:14 ,35
19:22:15 ,35
19:22:16 ,35
19:22:17 ,35
19:22:18 ,35
19:22:19 ,35
19:22:20 ,35
19:22:20 ,35
19:22:21 ,35
19:22:22 ,35
19:22:23 ,35
19:22:24 ,35
19:22:25 ,35
19:22:26 ,35
19:22:27 ,35
19:22:28 ,35
19:22:29 ,35
19:22:30 ,35
19:22:31 ,35
19:22:31 ,35
19:22:32 ,35
19:22:33 ,35
19:22:34 ,35
19:22:35 ,35
19:22:36 ,35
19:22:37 ,35
19:22:38 ,35
19:22:39 ,35
19:22:40 ,35
19:22:41 ,35
19:22:42 ,35
19:22:43 ,35
19:22:43 ,35
19:22:44 ,35
19:22:45 ,35
19:22:46 ,35
19:22:47 ,35
19:22:48 ,35
19:22:49 ,35
19:22:50 ,35
19:22:51 ,35
19:22:52 ,35
19:22:53 ,35
19:22:54 ,35
19:22:54 ,35
19:22:55 ,35
19:22:56 ,35
19:22:57 ,35
19:22:58 ,35
19:22:59 ,35
19:23:00 ,35
19:23:01 ,35
19:23:02 ,35
19:23:03 ,35
19:23:04 ,35
19:23:05 ,35
19:23:06 ,35
19:23:06 ,35
19:23:07 ,25
19:23:08 ,-63
19:23:09 ,-63
19:23:10 ,-63
19:23:11 ,-63
19:23:12 ,-63
19:23:13 ,-64
19:23:14 ,-43
19:23:15 ,0
19:23:16 ,0
19:23:17 ,0
19:23:17 ,1
19:23:18 ,1
19:23:19 ,1
19:23:20 ,1
19:23:21 ,1
19:23:22 ,1
19:23:23 ,1
19:23:24 ,1
19:23:25 ,1
19:23:26 ,1
19:23:27 ,1
19:23:28 ,1
19:23:29 ,1
19:23:29 ,1
19:23:30 ,1
19:23:31 ,1
19:23:32 ,1
19:23:33 ,1
19:23:34 ,1
19:23:35 ,1
19:23:36 ,1
19:23:37 ,1
19:23:38 ,1
19:23:39 ,1
19:23:40 ,1
19:23:40 ,1
19:23:41 ,1
19:23:42 ,1
19:23:43 ,1
19:23:44 ,1
19:23:45 ,1
19:23:46 ,1
19:23:47 ,1
19:23:48 ,1
19:23:49 ,1
19:23:50 ,1
19:23:51 ,1
19:23:52 ,1
19:23:52 ,1
19:23:53 ,1
19:23:54 ,1
19:23:55 ,1
19:23:56 ,1
19:23:57 ,1
19:23:58 ,1
19:23:59 ,1
19:24:00 ,1
19:24:01 ,1
19:24:02 ,1
19:24:03 ,1
19:24:04 ,1
19:24:04 ,1
19:24:05 ,1
19:24:06 ,1
19:24:07 ,1
19:24:08 ,1
19:24:09 ,1
19:24:10 ,1
19:24:11 ,1
19:24:12 ,1
19:24:13 ,1
19:24:14 ,1
19:24:15 ,1
19:24:16 ,1
19:24:16 ,1
19:24:17 ,1
19:24:18 ,1
19:24:19 ,1
19:24:20 ,1
19:24:21 ,1
19:24:22 ,1
19:24:23 ,1
19:24:24 ,1
19:24:25 ,1
19:24:26 ,1
19:24:27 ,1
19:24:27 ,1
19:24:28 ,1
19:24:29 ,1
19:24:30 ,1
19:24:31 ,1
19:24:32 ,1
19:24:33 ,1
19:24:34 ,1
19:24:35 ,1
19:24:36 ,1
19:24:37 ,1
19:24:38 ,1
19:24:38 ,1
19:24:39 ,1
19:24:40 ,1
19:24:41 ,1
19:24:42 ,1
19:24:43 ,1
19:24:44 ,1
19:24:45 ,1
19:24:46 ,1
19:24:47 ,1
19:24:48 ,1
19:24:49 ,1
19:24:50 ,1
19:24:50 ,1
19:24:51 ,1
19:24:52 ,1
19:24:53 ,1
19:24:54 ,1
19:24:55 ,1
19:24:56 ,1
19:24:57 ,1
19:24:58 ,1
19:24:59 ,1
19:25:00 ,1
19:25:01 ,1
19:25:01 ,1
19:25:02 ,1
19:25:03 ,1
19:25:04 ,1
19:25:05 ,1
19:25:06 ,1
19:25:07 ,1
19:25:08 ,1
19:25:09 ,1
19:25:10 ,1
19:25:11 ,1
19:25:12 ,1
19:25:13 ,1
19:25:13 ,1
19:25:14 ,1
19:25:15 ,1
19:25:16 ,1
19:25:17 ,1
19:25:18 ,1
19:25:19 ,1
19:25:20 ,1
19:25:21 ,1
19:25:22 ,1
19:25:23 ,1
19:25:24 ,1
19:25:25 ,1
19:25:25 ,1
19:25:26 ,1
19:25:27 ,1
19:25:28 ,1
19:25:29 ,1
19:25:30 ,1
19:25:31 ,1
19:25:32 ,1
19:25:33 ,1
19:25:34 ,1
19:25:35 ,1
19:25:36 ,1
19:25:36 ,1
19:25:37 ,1
19:25:38 ,1
19:25:39 ,1
19:25:40 ,1
19:25:41 ,1
19:25:42 ,1
19:25:43 ,1
19:25:44 ,1
19:25:45 ,1
19:25:46 ,1
19:25:47 ,1
19:25:48 ,1
19:25:48 ,1
19:25:49 ,1
19:25:50 ,1
19:25:51 ,1
19:25:52 ,1
19:25:53 ,1
19:25:54 ,1
19:25:55 ,1
19:25:56 ,1
19:25:57 ,1
19:25:58 ,1
19:25:59 ,1
19:25:59 ,1
19:26:00 ,1
19:26:01 ,1
19:26:02 ,1
19:26:03 ,1
19:26:04 ,1
19:26:05 ,1
19:26:06 ,1
19:26:07 ,1
19:26:08 ,1
19:26:09 ,1
19:26:10 ,1
19:26:11 ,1
19:26:11 ,1
19:26:12 ,1
19:26:13 ,1
19:26:14 ,1
19:26:15 ,1
19:26:16 ,1
19:26:17 ,1
19:26:18 ,1
19:26:19 ,1
19:26:20 ,1
19:26:21 ,1
19:26:22 ,1
19:26:22 ,1
19:26:23 ,1
19:26:24 ,1
19:26:25 ,1
19:26:26 ,1
19:26:27 ,1
19:26:28 ,1
19:26:29 ,1
19:26:30 ,1
19:26:31 ,1
19:26:32 ,1
19:26:33 ,1
19:26:34 ,1
19:26:34 ,1
19:26:35 ,1
19:26:36 ,1
19:26:37 ,1
19:26:38 ,1
19:26:39 ,1
19:26:40 ,1
19:26:41 ,1
19:26:42 ,1
19:26:43 ,1
19:26:44 ,1
19:26:45 ,1
19:26:46 ,1
19:26:46 ,1
19:26:47 ,1
19:26:48 ,25
19:26:49 ,48
19:26:50 ,34
19:26:51 ,34
19:26:52 ,34
19:26:53 ,34
19:26:54 ,34
19:26:55 ,34
19:26:56 ,34
19:26:57 ,34
19:26:57 ,34
19:26:58 ,34
19:26:59 ,34
19:27:00 ,34
19:27:01 ,34
19:27:02 ,34
19:27:03 ,34
19:27:04 ,34
19:27:05 ,35
19:27:06 ,34
19:27:07 ,34
19:27:08 ,34
19:27:09 ,34
19:27:09 ,34
19:27:10 ,34
19:27:11 ,34
19:27:12 ,34
19:27:13 ,34
19:27:14 ,34
19:27:15 ,34
19:27:16 ,34
19:27:17 ,34
19:27:18 ,34
19:27:19 ,34
19:27:20 ,34
19:27:20 ,34
19:27:21 ,34
19:27:22 ,34
19:27:23 ,34
19:27:24 ,34
19:27:25 ,34
19:27:26 ,34
19:27:27 ,34
19:27:28 ,34
19:27:29 ,34
19:27:30 ,34
19:27:31 ,34
19:27:32 ,34
19:27:32 ,34
19:27:33 ,35
19:27:34 ,35
19:27:35 ,35
19:27:36 ,35
19:27:37 ,35
19:27:38 ,35
19:27:39 ,35
19:27:40 ,35
19:27:41 ,35
19:27:42 ,34
19:27:43 ,34
19:27:43 ,34
19:27:44 ,34
19:27:45 ,35
19:27:46 ,35
19:27:47 ,35
19:27:48 ,35
19:27:49 ,35
19:27:50 ,35
19:27:51 ,35
19:27:52 ,35
19:27:53 ,35
19:27:54 ,34
19:27:55 ,34
19:27:55 ,34
19:27:56 ,34
19:27:57 ,34
19:27:58 ,34
19:27:59 ,34
19:28:00 ,34
19:28:01 ,34
19:28:02 ,34
19:28:03 ,34
19:28:04 ,34
19:28:05 ,34
19:28:06 ,34
19:28:07 ,34
19:28:07 ,34
19:28:08 ,34
19:28:09 ,34
19:28:10 ,34
19:28:11 ,34
19:28:12 ,34
19:28:13 ,34
19:28:14 ,34
19:28:15 ,34
19:28:16 ,34
19:28:17 ,34
19:28:18 ,34
19:28:18 ,34
19:28:19 ,34
19:28:20 ,34
19:28:21 ,34
19:28:22 ,34
19:28:23 ,34
19:28:24 ,35
19:28:25 ,35
19:28:26 ,35
19:28:27 ,35
19:28:28 ,35
19:28:29 ,34
19:28:30 ,34
19:28:30 ,34
19:28:31 ,34
19:28:32 ,34
19:28:33 ,34
19:28:34 ,34
19:28:35 ,34
19:28:36 ,34
19:28:37 ,34
19:28:38 ,34
19:28:39 ,34
19:28:40 ,34
19:28:41 ,34
19:28:41 ,34
19:28:42 ,34
19:28:43 ,35
19:28:44 ,35
19:28:45 ,35
19:28:46 ,35
19:28:47 ,35
19:28:48 ,34
19:28:49 ,35
19:28:50 ,35
19:28:51 ,42
19:28:52 ,12
19:28:53 ,-63
19:28:53 ,-63
19:28:54 ,-63
19:28:55 ,-64
19:28:56 ,-64
19:28:57 ,-64
19:28:58 ,-64
19:28:59 ,-62
19:29:00 ,0
19:29:01 ,1
19:29:02 ,1
19:29:03 ,1
19:29:04 ,1
19:29:04 ,1
19:29:05 ,1
19:29:06 ,1
19:29:07 ,1
19:29:08 ,1
19:29:09 ,1
19:29:10 ,1
19:29:11 ,1
19:29:12 ,1
19:29:13 ,1
19:29:14 ,1
19:29:15 ,1
19:29:16 ,1
19:29:16 ,1
19:29:17 ,1
19:29:18 ,1
19:29:19 ,1
19:29:20 ,1
19:29:21 ,1
19:29:22 ,1
19:29:23 ,1
19:29:24 ,1
19:29:25 ,1
19:29:26 ,1
19:29:27 ,1
19:29:27 ,1
19:29:28 ,1
19:29:29 ,1
19:29:30 ,1
19:29:31 ,1
19:29:32 ,1
19:29:33 ,1
19:29:34 ,1
19:29:35 ,1
19:29:36 ,1
19:29:37 ,1
19:29:38 ,1
19:29:39 ,1
19:29:39 ,1
19:29:40 ,1
19:29:41 ,1
19:29:42 ,1
19:29:43 ,1
19:29:44 ,1
19:29:45 ,1
19:29:46 ,1
19:29:47 ,1
19:29:48 ,1
19:29:49 ,1
19:29:50 ,1
19:29:51 ,1
19:29:51 ,1
19:29:52 ,1
19:29:53 ,1
19:29:54 ,1
19:29:55 ,1
19:29:56 ,1
19:29:57 ,1
19:29:58 ,1
19:29:59 ,1
19:30:00 ,1
19:30:01 ,1
19:30:02 ,1
19:30:02 ,1
19:30:03 ,1
19:30:04 ,1
19:30:05 ,1
19:30:06 ,1
19:30:07 ,1
19:30:08 ,1
19:30:09 ,1
19:30:10 ,1
19:30:11 ,1
19:30:12 ,1
19:30:13 ,1
19:30:14 ,1
19:30:14 ,1
19:30:15 ,1
19:30:16 ,1
19:30:17 ,1
19:30:18 ,1
19:30:19 ,1
19:30:20 ,1
19:30:21 ,1
19:30:22 ,1
19:30:23 ,1
19:30:24 ,1
19:30:25 ,1
19:30:25 ,1
19:30:26 ,1
19:30:27 ,1
19:30:28 ,1
19:30:29 ,1
19:30:30 ,1
19:30:31 ,1
19:30:32 ,1
19:30:33 ,1
19:30:34 ,1
19:30:35 ,1
19:30:36 ,1
19:30:37 ,1
19:30:37 ,1
19:30:38 ,1
19:30:39 ,1
19:30:40 ,1
19:30:41 ,1
19:30:42 ,1
19:30:43 ,1
19:30:44 ,1
19:30:45 ,1
19:30:46 ,1
19:30:47 ,1
19:30:48 ,1
19:30:48 ,1
19:30:49 ,1
19:30:50 ,1
19:30:51 ,1
19:30:52 ,1
19:30:53 ,1
19:30:54 ,1
19:30:55 ,1
19:30:56 ,1
19:30:57 ,1
19:30:58 ,1
19:30:59 ,1
19:31:00 ,1
19:31:00 ,1
19:31:01 ,1
19:31:02 ,1
19:31:03 ,1
19:31:04 ,1
19:31:05 ,1
19:31:06 ,1
19:31:07 ,1
19:31:08 ,1
19:31:09 ,1
19:31:10 ,1
19:31:11 ,1
19:31:11 ,1
19:31:12 ,1
19:31:13 ,1
19:31:14 ,1
19:31:15 ,1
19:31:16 ,1
19:31:17 ,1
19:31:18 ,1
19:31:19 ,1
19:31:20 ,1
19:31:21 ,1
19:31:22 ,1
19:31:23 ,1
19:31:23 ,1
19:31:24 ,1
19:31:25 ,1
19:31:26 ,1
19:31:27 ,1
19:31:28 ,1
19:31:29 ,1
19:31:30 ,1
19:31:31 ,1
19:31:32 ,1
19:31:33 ,1
19:31:34 ,1
19:31:34 ,1
19:31:35 ,1
19:31:36 ,1
19:31:37 ,1
19:31:38 ,1
19:31:39 ,1
19:31:40 ,1
19:31:41 ,1
19:31:42 ,1
19:31:43 ,1
19:31:44 ,1
19:31:45 ,1
19:31:46 ,1
19:31:46 ,1
19:31:47 ,1
19:31:48 ,1
19:31:49 ,6
19:31:50 ,25
19:31:51 ,33
19:31:52 ,36
19:31:53 ,36
19:31:54 ,36
19:31:55 ,36
19:31:56 ,36
19:31:57 ,36
19:31:58 ,36
19:31:58 ,36
19:31:59 ,36
19:32:00 ,36
19:32:01 ,36
19:32:02 ,36
19:32:03 ,36
19:32:04 ,36
19:32:05 ,36
19:32:06 ,36
19:32:07 ,36
19:32:08 ,36
19:32:09 ,36
19:32:09 ,36
19:32:10 ,36
19:32:11 ,36
19:32:12 ,36
19:32:13 ,36
19:32:14 ,36
19:32:15 ,36
19:32:16 ,36
19:32:17 ,36
19:32:18 ,36
19:32:19 ,36
19:32:20 ,36
19:32:21 ,36
19:32:21 ,36
19:32:22 ,36
19:32:23 ,36
19:32:24 ,36
19:32:25 ,36
19:32:26 ,36
19:32:27 ,36
19:32:28 ,36
19:32:29 ,36
19:32:30 ,36
19:32:31 ,36
19:32:32 ,36
19:32:32 ,36
19:32:33 ,36
19:32:34 ,36
19:32:35 ,36
19:32:36 ,36
19:32:37 ,36
19:32:38 ,36
19:32:39 ,36
19:32:40 ,36
19:32:41 ,36
19:32:42 ,36
19:32:43 ,36
19:32:44 ,36
19:32:44 ,36
19:32:45 ,36
19:32:46 ,36
19:32:47 ,36
19:32:48 ,36
19:32:49 ,36
19:32:50 ,36
19:32:51 ,36
19:32:52 ,36
19:32:53 ,36
19:32:54 ,36
19:32:55 ,36
19:32:55 ,36
19:32:56 ,36
19:32:57 ,36
19:32:58 ,36
19:32:59 ,36
19:33:00 ,36
19:33:01 ,36
19:33:02 ,36
19:33:03 ,36
19:33:04 ,36
19:33:05 ,36
19:33:06 ,36
19:33:07 ,36
19:33:07 ,36
19:33:08 ,36
19:33:09 ,36
19:33:10 ,36
19:33:11 ,36
19:33:12 ,36
19:33:13 ,36
19:33:14 ,36
19:33:15 ,36
19:33:16 ,36
19:33:17 ,36
19:33:18 ,36
19:33:19 ,36
19:33:19 ,36
19:33:20 ,36
19:33:21 ,36
19:33:22 ,36
19:33:23 ,36
19:33:24 ,36
19:33:25 ,36
19:33:26 ,36
19:33:27 ,36
19:33:28 ,36
19:33:29 ,36
19:33:30 ,36
19:33:30 ,36
19:33:31 ,36
19:33:32 ,36
19:33:33 ,36
19:33:34 ,36
19:33:35 ,36
19:33:36 ,36
19:33:37 ,36
19:33:38 ,36
19:33:39 ,36
19:33:40 ,36
19:33:41 ,36
19:33:42 ,36
19:33:42 ,36
19:33:43 ,36
19:33:44 ,36
19:33:45 ,36
19:33:46 ,36
19:33:47 ,36
19:33:48 ,36
19:33:49 ,36
19:33:50 ,36
19:33:51 ,36
19:33:52 ,36
19:33:53 ,36
19:33:53 ,36
19:33:54 ,36
19:33:55 ,36
19:33:56 ,36
19:33:57 ,36
19:33:58 ,36
19:33:59 ,36
19:34:00 ,36
19:34:01 ,36
19:34:02 ,36
19:34:03 ,36
19:34:04 ,36
19:34:05 ,36
19:34:05 ,36
19:34:06 ,36
19:34:07 ,36
19:34:08 ,36
19:34:09 ,36
19:34:10 ,36
19:34:11 ,36
19:34:12 ,36
19:34:13 ,36
19:34:14 ,36
19:34:15 ,36
19:34:16 ,36
19:34:16 ,36
19:34:17 ,36
19:34:18 ,36
19:34:19 ,36
19:34:20 ,36
19:34:21 ,36
19:34:22 ,18
19:34:23 ,-63
19:34:24 ,-63
19:34:25 ,-63
19:34:26 ,-63
19:34:27 ,-64
19:34:28 ,-64
19:34:28 ,-64
19:34:29 ,-64
19:34:30 ,-64
19:34:31 ,-64
19:34:32 ,-54
19:34:33 ,1
19:34:34 ,0
19:34:35 ,1
19:34:36 ,0
19:34:37 ,0
19:34:38 ,1
19:34:39 ,1
19:34:39 ,1
19:34:40 ,1
19:34:41 ,1
19:34:42 ,1
19:34:43 ,1
19:34:44 ,1
19:34:45 ,1
19:34:46 ,1
19:34:47 ,1
19:34:48 ,1
19:34:49 ,1
19:34:50 ,1
19:34:51 ,1
19:34:51 ,1
19:34:52 ,1
19:34:53 ,1
19:34:54 ,1
19:34:55 ,1
19:34:56 ,1
19:34:57 ,1
19:34:58 ,1
19:34:59 ,1
19:35:00 ,1
19:35:01 ,1
19:35:02 ,1
19:35:03 ,1
19:35:03 ,1
19:35:04 ,1
19:35:05 ,1
19:35:06 ,1
19:35:07 ,1
19:35:08 ,1
19:35:09 ,1
19:35:10 ,1
19:35:11 ,1
19:35:12 ,1
19:35:13 ,1
19:35:14 ,1
19:35:14 ,1
19:35:15 ,1
19:35:16 ,1
19:35:17 ,1
19:35:18 ,1
19:35:19 ,1
19:35:20 ,1
19:35:21 ,1
19:35:22 ,1
19:35:23 ,1
19:35:24 ,1
19:35:25 ,1
19:35:26 ,1
19:35:26 ,1
19:35:27 ,1
19:35:28 ,1
19:35:29 ,1
19:35:30 ,1
19:35:31 ,1
19:35:32 ,1
19:35:33 ,1
19:35:34 ,1
19:35:35 ,1
19:35:36 ,1
19:35:37 ,1
19:35:37 ,1
19:35:38 ,1
19:35:39 ,1
19:35:40 ,1
19:35:41 ,1
19:35:42 ,1
19:35:43 ,1
19:35:44 ,1
19:35:45 ,1
19:35:46 ,1
19:35:47 ,1
19:35:48 ,1
19:35:49 ,1
19:35:49 ,1
19:35:50 ,1
19:35:51 ,1
19:35:52 ,1
19:35:53 ,1
19:35:54 ,1
19:35:55 ,1
19:35:56 ,1
19:35:57 ,1
19:35:58 ,2
19:35:59 ,-57
19:36:00 ,-64
19:36:00 ,-64
19:36:01 ,-64
19:36:02 ,-64
19:36:03 ,-64
19:36:04 ,-64
19:36:05 ,-6
19:36:06 ,30
19:36:07 ,30
19:36:08 ,31
19:36:09 ,31
19:36:10 ,31
19:36:11 ,31
19:36:12 ,31
19:36:12 ,31
19:36:13 ,31
19:36:14 ,31
19:36:15 ,31
19:36:16 ,31
19:36:17 ,31
19:36:18 ,31
19:36:19 ,31
19:36:20 ,31
19:36:21 ,31
19:36:22 ,31
19:36:23 ,32
19:36:23 ,32
19:36:24 ,31
19:36:25 ,32
19:36:26 ,31
19:36:27 ,32
19:36:28 ,31
19:36:29 ,31
19:36:30 ,31
19:36:31 ,31
19:36:32 ,31
19:36:33 ,31
19:36:34 ,32
19:36:35 ,32
19:36:35 ,32
19:36:36 ,32
19:36:37 ,31
19:36:38 ,31
19:36:39 ,32
19:36:40 ,32
19:36:41 ,31
19:36:42 ,31
19:36:43 ,32
19:36:44 ,32
19:36:45 ,32
19:36:46 ,31
19:36:47 ,31
19:36:47 ,32
19:36:48 ,31
19:36:49 ,31
19:36:50 ,31
19:36:51 ,32
19:36:52 ,32
19:36:53 ,32
19:36:54 ,32
19:36:55 ,32
19:36:56 ,32
19:36:57 ,32
19:36:58 ,32
19:36:58 ,32
19:36:59 ,32
19:37:00 ,32
19:37:01 ,32
19:37:02 ,32
19:37:03 ,32
19:37:04 ,32
19:37:05 ,32
19:37:06 ,32
19:37:07 ,32
19:37:08 ,32
19:37:09 ,32
19:37:10 ,32
19:37:10 ,32
19:37:11 ,32
19:37:12 ,32
19:37:13 ,32
19:37:14 ,32
19:37:15 ,32
19:37:16 ,32
19:37:17 ,32
19:37:18 ,32
19:37:19 ,32
19:37:20 ,32
19:37:21 ,32
19:37:21 ,32
19:37:22 ,32
19:37:23 ,32
19:37:24 ,32
19:37:25 ,32
19:37:26 ,32
19:37:27 ,32
19:37:28 ,32
19:37:29 ,32
19:37:30 ,32
19:37:31 ,32
19:37:32 ,32
19:37:33 ,32
19:37:33 ,32
19:37:34 ,32
19:37:35 ,32
19:37:36 ,32
19:37:37 ,32
19:37:38 ,32
19:37:39 ,32
19:37:40 ,32
19:37:41 ,32
19:37:42 ,32
19:37:43 ,32
19:37:44 ,32
19:37:44 ,32
19:37:45 ,32
19:37:46 ,32
19:37:47 ,32
19:37:48 ,32
19:37:49 ,32
19:37:50 ,32
19:37:51 ,32
19:37:52 ,32
19:37:53 ,32
19:37:54 ,32
19:37:55 ,32
19:37:56 ,32
19:37:56 ,32
19:37:57 ,32
19:37:58 ,32
19:37:59 ,32
19:38:00 ,32
19:38:01 ,32
19:38:02 ,32
19:38:03 ,32
19:38:04 ,32
19:38:05 ,32
19:38:06 ,32
19:38:07 ,32
19:38:07 ,32
19:38:08 ,32
19:38:09 ,32
19:38:10 ,32
19:38:11 ,32
19:38:12 ,32
19:38:13 ,32
19:38:14 ,32
19:38:15 ,32
19:38:16 ,32
19:38:17 ,32
19:38:18 ,32
19:38:19 ,32
19:38:19 ,32
19:38:20 ,32
19:38:21 ,32
19:38:22 ,32
19:38:23 ,32
19:38:24 ,32
19:38:25 ,32
19:38:26 ,32
19:38:27 ,32
19:38:28 ,32
19:38:29 ,32
19:38:30 ,32
19:38:31 ,32
19:38:31 ,32
19:38:32 ,32
19:38:33 ,32
19:38:34 ,32
19:38:35 ,32
19:38:36 ,32
19:38:37 ,32
19:38:38 ,32
19:38:39 ,32
19:38:40 ,32
19:38:41 ,32
19:38:42 ,32
19:38:42 ,32
19:38:43 ,32
19:38:44 ,32
19:38:45 ,32
19:38:46 ,6
19:38:47 ,-63
19:38:48 ,-63
19:38:49 ,-63
19:38:50 ,-63
19:38:51 ,-63
19:38:52 ,-64
19:38:53 ,-64
19:38:54 ,-64
19:38:54 ,-64
19:38:55 ,-64
19:38:56 ,-64
19:38:57 ,-64
19:38:58 ,-44
19:38:59 ,0
19:39:00 ,0
19:39:01 ,0
19:39:02 ,0
19:39:03 ,0
19:39:04 ,0
19:39:05 ,0
19:39:05 ,0
19:39:06 ,0
19:39:07 ,0
19:39:08 ,0
19:39:09 ,0
19:39:10 ,0
19:39:11 ,0
19:39:12 ,0
19:39:13 ,0
19:39:14 ,0
19:39:15 ,0
19:39:16 ,1
19:39:17 ,1
19:39:17 ,1
19:39:18 ,0
19:39:19 ,1
19:39:20 ,0
19:39:21 ,1
19:39:22 ,1
19:39:23 ,1
19:39:24 ,1
19:39:25 ,1
19:39:26 ,1
19:39:27 ,1
19:39:28 ,1
19:39:28 ,1
19:39:29 ,1
19:39:30 ,1
19:39:31 ,1
19:39:32 ,1
19:39:33 ,1
19:39:34 ,1
19:39:35 ,1
19:39:36 ,1
19:39:37 ,1
19:39:38 ,1
19:39:39 ,1
19:39:40 ,1
19:39:40 ,1
19:39:41 ,1
19:39:42 ,1
19:39:43 ,1
19:39:44 ,1
19:39:45 ,1
19:39:46 ,1
19:39:47 ,1
19:39:48 ,1
19:39:49 ,1
19:39:50 ,1
19:39:51 ,1
19:39:51 ,1
19:39:52 ,1
19:39:53 ,1
19:39:54 ,1
19:39:55 ,1
19:39:56 ,1
19:39:57 ,1
19:39:58 ,1
19:39:59 ,1
19:40:00 ,1
19:40:01 ,1
19:40:02 ,1
19:40:03 ,1
19:40:03 ,1
19:40:04 ,1
19:40:05 ,1
19:40:06 ,1
19:40:07 ,1
19:40:08 ,1
19:40:09 ,1
19:40:10 ,1
19:40:11 ,1
19:40:12 ,1
19:40:13 ,1
19:40:14 ,1
19:40:14 ,1
19:40:15 ,1
19:40:16 ,1
19:40:17 ,1
19:40:18 ,1
19:40:19 ,1
19:40:20 ,1
19:40:21 ,1
19:40:22 ,1
19:40:23 ,1
19:40:24 ,1
19:40:25 ,1
19:40:26 ,1
19:40:26 ,1
19:40:27 ,1
19:40:28 ,1
19:40:29 ,1
19:40:30 ,1
19:40:31 ,1
19:40:32 ,1
19:40:33 ,1
19:40:34 ,1
19:40:35 ,1
19:40:36 ,1
19:40:37 ,1
19:40:38 ,1
19:40:38 ,1
19:40:39 ,1
19:40:40 ,1
19:40:41 ,1
19:40:42 ,1
19:40:43 ,1
19:40:44 ,1
19:40:45 ,1
19:40:46 ,1
19:40:47 ,1
19:40:48 ,1
19:40:49 ,1
19:40:49 ,1
19:40:50 ,1
19:40:51 ,1
19:40:52 ,1
19:40:53 ,1
19:40:54 ,1
19:40:55 ,1
19:40:56 ,1
19:40:57 ,1
19:40:58 ,1
19:40:59 ,1
19:41:00 ,1
19:41:01 ,1
19:41:01 ,1
19:41:02 ,1
19:41:03 ,1
19:41:04 ,1
19:41:05 ,1
19:41:06 ,1
19:41:07 ,1
19:41:08 ,1
19:41:09 ,1
19:41:10 ,1
19:41:11 ,1
19:41:12 ,1
19:41:12 ,1
19:41:13 ,1
19:41:14 ,1
19:41:15 ,1
19:41:16 ,1
19:41:17 ,1
19:41:18 ,1
19:41:19 ,1
19:41:20 ,1
19:41:21 ,1
19:41:22 ,1
19:41:23 ,1
19:41:24 ,1
19:41:25 ,1
19:41:25 ,1
19:41:26 ,1
19:41:27 ,1
19:41:28 ,1
19:41:29 ,1
19:41:30 ,1
19:41:31 ,1
19:41:32 ,1
19:41:33 ,1
19:41:34 ,1
19:41:35 ,1
19:41:35 ,1
19:41:36 ,1
19:41:37 ,1
19:41:38 ,1
19:41:39 ,1
19:41:40 ,1
19:41:41 ,1
19:41:42 ,1
19:41:43 ,1
19:41:44 ,1
19:41:45 ,1
19:41:46 ,1
19:41:47 ,1
19:41:47 ,1
19:41:48 ,1
19:41:49 ,1
19:41:50 ,1
19:41:51 ,1
19:41:52 ,1
19:41:53 ,1
19:41:54 ,1
19:41:55 ,1
19:41:56 ,1
19:41:57 ,1
19:41:58 ,1
19:41:59 ,1
19:41:59 ,1
19:42:00 ,1
19:42:01 ,1
19:42:02 ,1
19:42:03 ,1
19:42:04 ,1
19:42:05 ,1
19:42:06 ,1
19:42:07 ,1
19:42:08 ,1
19:42:09 ,1
19:42:10 ,1
19:42:10 ,1
19:42:11 ,1
19:42:12 ,1
19:42:13 ,1
19:42:14 ,1
19:42:15 ,1
19:42:16 ,1
19:42:17 ,1
19:42:18 ,1
19:42:19 ,1
19:42:20 ,1
19:42:21 ,1
19:42:22 ,1
19:42:22 ,1
19:42:23 ,1
19:42:24 ,1
19:42:25 ,19
19:42:26 ,32
19:42:27 ,30
19:42:28 ,30
19:42:29 ,30
19:42:30 ,30
19:42:31 ,30
19:42:32 ,30
19:42:33 ,30
19:42:33 ,31
19:42:34 ,31
19:42:35 ,30
19:42:36 ,30
19:42:37 ,30
19:42:38 ,30
19:42:39 ,31
19:42:40 ,30
19:42:41 ,31
19:42:42 ,31
19:42:43 ,30
19:42:44 ,30
19:42:45 ,30
19:42:45 ,31
19:42:46 ,31
19:42:47 ,31
19:42:48 ,31
19:42:49 ,31
19:42:50 ,31
19:42:51 ,30
19:42:52 ,31
19:42:53 ,30
19:42:54 ,30
19:42:55 ,30
19:42:56 ,30
19:42:56 ,30
19:42:57 ,31
19:42:58 ,31
19:42:59 ,30
19:43:00 ,31
19:43:01 ,31
19:43:02 ,31
19:43:03 ,31
19:43:04 ,31
19:43:05 ,31
19:43:06 ,31
19:43:07 ,31
19:43:08 ,31
19:43:08 ,31
19:43:09 ,31
19:43:10 ,31
19:43:11 ,31
19:43:12 ,31
19:43:13 ,31
19:43:14 ,31
19:43:15 ,31
19:43:16 ,31
19:43:17 ,31
19:43:18 ,31
19:43:19 ,31
19:43:19 ,31
19:43:20 ,31
19:43:21 ,31
19:43:22 ,31
19:43:23 ,31
19:43:24 ,31
19:43:25 ,31
19:43:26 ,31
19:43:27 ,31
19:43:28 ,30
19:43:29 ,31
19:43:30 ,31
19:43:31 ,31
19:43:31 ,31
19:43:32 ,31
19:43:33 ,31
19:43:34 ,31
19:43:35 ,30
19:43:36 ,31
19:43:37 ,30
19:43:38 ,31
19:43:39 ,31
19:43:40 ,31
19:43:41 ,31
19:43:42 ,31
19:43:43 ,31
19:43:43 ,31
19:43:44 ,31
19:43:45 ,31
19:43:46 ,31
19:43:47 ,31
19:43:48 ,31
19:43:49 ,31
19:43:50 ,31
19:43:51 ,31
19:43:52 ,31
19:43:53 ,31
19:43:54 ,31
19:43:54 ,31
19:43:55 ,31
19:43:56 ,31
19:43:57 ,31
19:43:58 ,31
19:43:59 ,31
19:44:00 ,31
19:44:01 ,31
19:44:02 ,31
19:44:03 ,31
19:44:04 ,31
19:44:05 ,31
19:44:06 ,31
19:44:06 ,31
19:44:07 ,31
19:44:08 ,31
19:44:09 ,31
19:44:10 ,31
19:44:11 ,31
19:44:12 ,31
19:44:13 ,31
19:44:14 ,31
19:44:15 ,31
19:44:16 ,31
19:44:17 ,31
19:44:17 ,31
19:44:18 ,31
19:44:19 ,31
19:44:20 ,31
19:44:21 ,31
19:44:22 ,31
19:44:23 ,31
19:44:24 ,31
19:44:25 ,31
19:44:26 ,31
19:44:27 ,30
19:44:28 ,30
19:44:29 ,31
19:44:29 ,31
19:44:30 ,31
19:44:31 ,31
19:44:32 ,31
19:44:33 ,31
19:44:34 ,31
19:44:35 ,31
19:44:36 ,31
19:44:37 ,31
19:44:38 ,31
19:44:39 ,31
19:44:40 ,31
19:44:40 ,31
19:44:41 ,31
19:44:42 ,31
19:44:43 ,31
19:44:44 ,31
19:44:45 ,31
19:44:46 ,31
19:44:47 ,31
19:44:48 ,31
19:44:49 ,31
19:44:50 ,31
19:44:51 ,31
19:44:52 ,31
19:44:52 ,31
19:44:53 ,31
19:44:54 ,31
19:44:55 ,31
19:44:56 ,31
19:44:57 ,31
19:44:58 ,31
19:44:59 ,31
19:45:00 ,31
19:45:01 ,31
19:45:02 ,31
19:45:03 ,31
19:45:03 ,31
19:45:04 ,31
19:45:05 ,31
19:45:06 ,31
19:45:07 ,31
19:45:08 ,31
19:45:09 ,31
19:45:10 ,31
19:45:11 ,31
19:45:12 ,31
19:45:13 ,31
19:45:14 ,31
19:45:15 ,31
19:45:15 ,31
19:45:16 ,31
19:45:17 ,31
19:45:18 ,31
19:45:19 ,31
19:45:20 ,31
19:45:21 ,31
19:45:22 ,31
19:45:23 ,31
19:45:24 ,31
19:45:25 ,31
19:45:26 ,31
19:45:26 ,31
19:45:27 ,31
19:45:28 ,31
19:45:29 ,31
19:45:30 ,31
19:45:31 ,31
19:45:32 ,31
19:45:33 ,31
19:45:34 ,31
19:45:35 ,31
19:45:36 ,31
19:45:37 ,31
19:45:38 ,31
19:45:38 ,31
19:45:39 ,31
19:45:40 ,31
19:45:41 ,31
19:45:42 ,31
19:45:43 ,31
19:45:44 ,31
19:45:45 ,31
19:45:46 ,31
19:45:47 ,31
19:45:48 ,31
19:45:49 ,31
19:45:50 ,31
19:45:50 ,31
19:45:51 ,31
19:45:52 ,31
19:45:53 ,31
19:45:54 ,31
19:45:55 ,31
19:45:56 ,31
19:45:57 ,-7
19:45:58 ,-62
19:45:59 ,-63
19:46:00 ,-63
19:46:01 ,-63
19:46:01 ,-63
19:46:02 ,-63
19:46:03 ,-63
19:46:04 ,-63
19:46:05 ,-64
19:46:06 ,-64
19:46:07 ,-64
19:46:08 ,-64
19:46:09 ,-64
19:46:10 ,-55
19:46:11 ,2
19:46:12 ,1
19:46:12 ,1
19:46:13 ,1
19:46:14 ,1
19:46:15 ,1
19:46:16 ,1
19:46:17 ,1
19:46:18 ,1
19:46:19 ,1
19:46:20 ,1
19:46:21 ,1
19:46:22 ,1
19:46:23 ,1
19:46:24 ,1
19:46:24 ,1
19:46:25 ,1
19:46:26 ,1
19:46:27 ,1
19:46:28 ,1
19:46:29 ,1
19:46:30 ,1
19:46:31 ,1
19:46:32 ,1
19:46:33 ,1
19:46:34 ,1
19:46:35 ,1
19:46:36 ,1
19:46:36 ,1
19:46:37 ,1
19:46:38 ,1
19:46:39 ,1
19:46:40 ,1
19:46:41 ,1
19:46:42 ,1
19:46:43 ,1
19:46:44 ,1
19:46:45 ,1
19:46:46 ,1
19:46:47 ,1
19:46:47 ,1
19:46:48 ,1
19:46:49 ,1
19:46:50 ,1
19:46:51 ,1
19:46:52 ,1
19:46:53 ,1
19:46:54 ,1
19:46:55 ,1
19:46:56 ,1
19:46:57 ,1
19:46:58 ,1
19:46:59 ,1
19:46:59 ,1
19:47:00 ,1
19:47:01 ,1
19:47:02 ,1
19:47:03 ,1
19:47:04 ,1
19:47:05 ,1
19:47:06 ,1
19:47:07 ,1
19:47:08 ,1
19:47:09 ,1
19:47:10 ,1
19:47:11 ,1
19:47:11 ,1
19:47:12 ,1
19:47:13 ,1
19:47:14 ,1
19:47:15 ,1
19:47:16 ,1
19:47:17 ,1
19:47:18 ,1
19:47:19 ,1
19:47:20 ,1
19:47:21 ,1
19:47:22 ,1
19:47:22 ,1
19:47:23 ,1
19:47:24 ,1
19:47:25 ,1
19:47:26 ,1
19:47:27 ,1
19:47:28 ,1
19:47:29 ,1
19:47:30 ,1
19:47:31 ,1
19:47:32 ,1
19:47:33 ,1
19:47:33 ,1
19:47:34 ,1
19:47:35 ,1
19:47:36 ,1
19:47:37 ,1
19:47:38 ,1
19:47:39 ,1
19:47:40 ,1
19:47:41 ,1
19:47:42 ,1
19:47:43 ,1
19:47:44 ,1
19:47:45 ,1
19:47:45 ,1
19:47:46 ,1
19:47:47 ,1
19:47:48 ,1
19:47:49 ,1
19:47:50 ,1
19:47:51 ,1
19:47:52 ,1
19:47:53 ,1
19:47:54 ,1
19:47:55 ,1
19:47:56 ,1
19:47:56 ,1
19:47:57 ,1
19:47:58 ,1
19:47:59 ,1
19:48:00 ,1
19:48:01 ,1
19:48:02 ,1
19:48:03 ,1
19:48:04 ,1
19:48:05 ,1
19:48:06 ,1
19:48:07 ,1
19:48:08 ,1
19:48:08 ,1
19:48:09 ,1
19:48:10 ,1
19:48:11 ,1
19:48:12 ,1
19:48:13 ,1
19:48:14 ,1
19:48:15 ,1
19:48:16 ,1
19:48:17 ,1
19:48:18 ,1
19:48:19 ,1
19:48:20 ,1
19:48:20 ,1
19:48:21 ,1
19:48:22 ,1
19:48:23 ,1
19:48:24 ,1
19:48:25 ,1
19:48:26 ,1
19:48:27 ,1
19:48:28 ,1
19:48:29 ,1
19:48:30 ,1
19:48:31 ,1
19:48:31 ,1
19:48:32 ,1
19:48:33 ,1
19:48:34 ,1
19:48:35 ,1
19:48:36 ,1
19:48:37 ,1
19:48:38 ,1
19:48:39 ,1
19:48:40 ,1
19:48:41 ,1
19:48:42 ,1
19:48:43 ,1
19:48:43 ,1
19:48:44 ,1
19:48:45 ,1
19:48:46 ,1
19:48:47 ,1
19:48:48 ,1
19:48:49 ,1
19:48:50 ,1
19:48:51 ,1
19:48:52 ,1
19:48:53 ,1
19:48:54 ,1
19:48:55 ,1
19:48:55 ,1
19:48:56 ,1
19:48:57 ,1
19:48:58 ,1
19:48:59 ,1
19:49:00 ,1
19:49:01 ,1
19:49:02 ,1
19:49:03 ,1
19:49:04 ,1
19:49:05 ,1
19:49:06 ,1
19:49:06 ,1
19:49:07 ,1
19:49:08 ,1
19:49:09 ,1
19:49:10 ,1
19:49:11 ,1
19:49:12 ,1
19:49:13 ,1
19:49:14 ,1
19:49:15 ,1
19:49:16 ,1
19:49:17 ,1
19:49:17 ,1
19:49:18 ,1
19:49:19 ,1
19:49:20 ,1
19:49:21 ,1
19:49:22 ,1
19:49:23 ,1
19:49:24 ,1
19:49:25 ,1
19:49:26 ,1
19:49:27 ,1
19:49:28 ,1
19:49:29 ,1
19:49:29 ,1
19:49:30 ,1
19:49:31 ,1
19:49:32 ,1
19:49:33 ,1
19:49:34 ,1
19:49:35 ,1
19:49:36 ,1
19:49:37 ,1
19:49:38 ,1
19:49:39 ,1
19:49:40 ,1
19:49:40 ,1
19:49:41 ,1
19:49:42 ,1
19:49:43 ,1
19:49:44 ,1
19:49:45 ,1
19:49:46 ,1
19:49:47 ,1
19:49:48 ,1
19:49:49 ,1
19:49:50 ,1
19:49:51 ,1
19:49:52 ,1
19:49:52 ,1
19:49:53 ,1
19:49:54 ,1
19:49:55 ,1
19:49:56 ,1
19:49:57 ,1
19:49:58 ,1
19:49:59 ,1
19:50:00 ,1
19:50:01 ,1
19:50:02 ,1
19:50:03 ,1
19:50:03 ,1
19:50:04 ,1
19:50:05 ,1
19:50:06 ,1
19:50:07 ,1
19:50:08 ,1
19:50:09 ,1
19:50:10 ,1
19:50:11 ,1
19:50:12 ,1
19:50:13 ,1
19:50:14 ,1
19:50:15 ,1
19:50:15 ,1
19:50:16 ,1
19:50:17 ,1
19:50:18 ,1
19:50:19 ,1
19:50:20 ,1
19:50:21 ,1
19:50:22 ,1
19:50:23 ,1
19:50:24 ,1
19:50:25 ,1
19:50:26 ,1
19:50:27 ,1
19:50:27 ,1
19:50:28 ,1
19:50:29 ,1
19:50:30 ,1
19:50:31 ,1
19:50:32 ,1
19:50:33 ,1
19:50:34 ,1
19:50:35 ,1
19:50:36 ,1
19:50:37 ,1
19:50:38 ,1
19:50:38 ,1
19:50:39 ,1
19:50:40 ,1
19:50:41 ,1
19:50:42 ,1
19:50:43 ,7
19:50:44 ,30
19:50:45 ,34
19:50:46 ,34
19:50:47 ,34
19:50:48 ,35
19:50:49 ,35
19:50:50 ,35
19:50:50 ,35
19:50:51 ,34
19:50:52 ,35
19:50:53 ,35
19:50:54 ,35
19:50:55 ,35
19:50:56 ,35
19:50:57 ,35
19:50:58 ,35
19:50:59 ,35
19:51:00 ,35
19:51:01 ,35
19:51:01 ,34
19:51:02 ,34
19:51:03 ,34
19:51:04 ,34
19:51:05 ,35
19:51:06 ,35
19:51:07 ,35
19:51:08 ,35
19:51:09 ,35
19:51:10 ,35
19:51:11 ,35
19:51:12 ,35
19:51:13 ,35
19:51:13 ,34
19:51:14 ,34
19:51:15 ,35
19:51:16 ,35
19:51:17 ,35
19:51:18 ,35
19:51:19 ,35
19:51:20 ,35
19:51:21 ,35
19:51:22 ,35
19:51:23 ,35
19:51:24 ,35
19:51:24 ,35
19:51:25 ,35
19:51:26 ,35
19:51:27 ,35
19:51:28 ,35
19:51:29 ,35
19:51:30 ,35
19:51:31 ,35
19:51:32 ,35
19:51:33 ,35
19:51:34 ,35
19:51:35 ,35
19:51:36 ,35
19:51:36 ,35
19:51:37 ,35
19:51:38 ,35
19:51:39 ,35
19:51:40 ,35
19:51:41 ,35
19:51:42 ,35
19:51:43 ,35
19:51:44 ,35
19:51:45 ,35
19:51:46 ,35
19:51:47 ,35
19:51:47 ,35
19:51:48 ,35
19:51:49 ,35
19:51:50 ,35
19:51:51 ,35
19:51:52 ,35
19:51:53 ,35
19:51:54 ,35
19:51:55 ,35
19:51:56 ,35
19:51:57 ,35
19:51:58 ,35
19:51:59 ,35
19:51:59 ,35
19:52:00 ,35
19:52:01 ,35
19:52:02 ,35
19:52:03 ,35
19:52:04 ,35
19:52:05 ,35
19:52:06 ,35
19:52:07 ,37
19:52:08 ,-46
19:52:09 ,-63
19:52:10 ,-63
19:52:10 ,-63
19:52:11 ,-63
19:52:12 ,-64
19:52:13 ,-64
19:52:14 ,-64
19:52:15 ,-64
19:52:16 ,-64
19:52:17 ,-64
19:52:18 ,-64
19:52:19 ,-64
19:52:20 ,-64
19:52:21 ,-64
19:52:22 ,-64
19:52:22 ,-64
19:52:23 ,-64
19:52:24 ,-64
19:52:25 ,-64
19:52:26 ,-64
19:52:27 ,-64
19:52:28 ,-64
19:52:29 ,-64
19:52:30 ,-64
19:52:31 ,-64
19:52:32 ,-64
19:52:33 ,-64
19:52:33 ,-64
19:52:34 ,-64
19:52:35 ,-64
19:52:36 ,-64
19:52:37 ,-64
19:52:38 ,-64
19:52:39 ,-64
19:52:40 ,-64
19:52:41 ,-64
19:52:42 ,-64
19:52:43 ,-64
19:52:44 ,-64
19:52:45 ,-64
19:52:45 ,-64
19:52:46 ,-64
19:52:47 ,-64
19:52:48 ,-64
19:52:49 ,-64
19:52:50 ,-64
19:52:51 ,-64
19:52:52 ,-64
19:52:53 ,-64
19:52:54 ,-36
19:52:55 ,0
19:52:56 ,0
19:52:56 ,0
19:52:57 ,0
19:52:58 ,0
19:52:59 ,0
19:53:00 ,0
19:53:01 ,0
19:53:02 ,0
19:53:03 ,0
19:53:04 ,0
19:53:05 ,0
19:53:06 ,0
19:53:07 ,0
19:53:08 ,0
19:53:08 ,0
19:53:09 ,0
19:53:10 ,1
19:53:11 ,1
19:53:12 ,1
19:53:13 ,1
19:53:14 ,0
19:53:15 ,0
19:53:16 ,1
19:53:17 ,1
19:53:18 ,1
19:53:19 ,1
19:53:20 ,1
19:53:20 ,1
19:53:21 ,1
19:53:22 ,1
19:53:23 ,1
19:53:24 ,1
19:53:25 ,1
19:53:26 ,1
19:53:27 ,1
19:53:28 ,1
19:53:29 ,1
19:53:30 ,1
19:53:31 ,1
19:53:31 ,1
19:53:32 ,1
19:53:33 ,0
19:53:34 ,1
19:53:35 ,1
19:53:36 ,1
19:53:37 ,1
19:53:38 ,1
19:53:39 ,1
19:53:40 ,1
19:53:41 ,1
19:53:42 ,1
19:53:43 ,1
19:53:43 ,1
19:53:44 ,1
19:53:45 ,1
19:53:46 ,1
19:53:47 ,1
19:53:48 ,1
19:53:49 ,1
19:53:50 ,1
19:53:51 ,1
19:53:52 ,1
19:53:53 ,1
19:53:54 ,1
19:53:54 ,1
19:53:55 ,1
19:53:56 ,1
19:53:57 ,1
19:53:58 ,1
19:53:59 ,1
19:54:00 ,1
19:54:01 ,1
19:54:02 ,1
19:54:03 ,1
19:54:04 ,1
19:54:05 ,1
19:54:06 ,1
19:54:06 ,1
19:54:07 ,1
19:54:08 ,1
19:54:09 ,1
19:54:10 ,1
19:54:11 ,1
19:54:12 ,1
19:54:13 ,1
19:54:14 ,1
19:54:15 ,1
19:54:16 ,1
19:54:17 ,1
19:54:17 ,1
19:54:18 ,1
19:54:19 ,1
19:54:20 ,1
19:54:21 ,1
19:54:22 ,1
19:54:23 ,1
19:54:24 ,1
19:54:25 ,1
19:54:26 ,1
19:54:27 ,1
19:54:28 ,1
19:54:29 ,1
19:54:29 ,1
19:54:30 ,1
19:54:31 ,1
19:54:32 ,1
19:54:33 ,1
19:54:34 ,1
19:54:35 ,1
19:54:36 ,1
19:54:37 ,1
19:54:38 ,1
19:54:39 ,1
19:54:40 ,1
19:54:40 ,1
19:54:41 ,1
19:54:42 ,1
19:54:43 ,1
19:54:44 ,1
19:54:45 ,1
19:54:46 ,1
19:54:47 ,1
19:54:48 ,1
19:54:49 ,1
19:54:50 ,1
19:54:51 ,1
19:54:52 ,1
19:54:52 ,1
19:54:53 ,1
19:54:54 ,1
19:54:55 ,1
19:54:56 ,1
19:54:57 ,1
19:54:58 ,1
19:54:59 ,1
19:55:00 ,1
19:55:01 ,1
19:55:02 ,1
19:55:03 ,1
19:55:03 ,1
19:55:04 ,1
19:55:05 ,1
19:55:06 ,1
19:55:07 ,1
19:55:08 ,1
19:55:09 ,1
19:55:10 ,1
19:55:11 ,1
19:55:12 ,1
19:55:13 ,1
19:55:14 ,1
19:55:15 ,1
19:55:15 ,1
19:55:16 ,1
19:55:17 ,1
19:55:18 ,1
19:55:19 ,1
19:55:20 ,1
19:55:21 ,1
19:55:22 ,1
19:55:23 ,1
19:55:24 ,1
19:55:25 ,1
19:55:26 ,1
19:55:26 ,1
19:55:27 ,1
19:55:28 ,1
19:55:29 ,1
19:55:30 ,1
19:55:31 ,1
19:55:32 ,1
19:55:33 ,1
19:55:34 ,1
19:55:35 ,1
19:55:36 ,1
19:55:37 ,1
19:55:38 ,1
19:55:38 ,1
19:55:39 ,1
19:55:40 ,1
19:55:41 ,1
19:55:42 ,1
19:55:43 ,1
19:55:44 ,1
19:55:45 ,1
19:55:46 ,1
19:55:47 ,1
19:55:48 ,1
19:55:49 ,1
19:55:49 ,1
19:55:50 ,1
19:55:51 ,1
19:55:52 ,1
19:55:53 ,1
19:55:54 ,1
19:55:55 ,1
19:55:56 ,1
19:55:57 ,1
19:55:58 ,1
19:55:59 ,1
19:56:00 ,1
19:56:01 ,1
19:56:01 ,1
19:56:02 ,1
19:56:03 ,1
19:56:04 ,1
19:56:05 ,1
19:56:06 ,1
19:56:07 ,1
19:56:08 ,1
19:56:09 ,1
19:56:10 ,1
19:56:11 ,1
19:56:12 ,1
19:56:13 ,1
19:56:13 ,1
19:56:14 ,1
19:56:15 ,1
19:56:16 ,1
19:56:17 ,1
19:56:18 ,1
19:56:19 ,1
19:56:20 ,1
19:56:21 ,1
19:56:22 ,1
19:56:23 ,1
19:56:24 ,1
19:56:24 ,1
19:56:25 ,1
19:56:26 ,1
19:56:27 ,1
19:56:28 ,1
19:56:29 ,1
19:56:30 ,1
19:56:31 ,1
19:56:32 ,1
19:56:33 ,1
19:56:34 ,1
19:56:35 ,1
19:56:35 ,1
19:56:36 ,1
19:56:37 ,1
19:56:38 ,1
19:56:39 ,1
19:56:40 ,1
19:56:41 ,1
19:56:42 ,1
19:56:43 ,1
19:56:44 ,1
19:56:45 ,1
19:56:46 ,1
19:56:47 ,1
19:56:47 ,1
19:56:48 ,1
19:56:49 ,1
19:56:50 ,1
19:56:51 ,1
19:56:52 ,1
19:56:53 ,1
19:56:54 ,1
19:56:55 ,1
19:56:56 ,1
19:56:57 ,6
19:56:58 ,38
19:56:58 ,63
19:56:59 ,35
19:57:00 ,33
19:57:01 ,33
19:57:02 ,33
19:57:03 ,32
19:57:04 ,33
19:57:05 ,32
19:57:06 ,32
19:57:07 ,32
19:57:08 ,32
19:57:09 ,32
19:57:10 ,32
19:57:10 ,33
19:57:11 ,32
19:57:12 ,32
19:57:13 ,33
19:57:14 ,33
19:57:15 ,32
19:57:16 ,32
19:57:17 ,33
19:57:18 ,32
19:57:19 ,32
19:57:20 ,32
19:57:21 ,32
19:57:21 ,32
19:57:22 ,32
19:57:23 ,32
19:57:24 ,32
19:57:25 ,32
19:57:26 ,32
19:57:27 ,32
19:57:28 ,32
19:57:29 ,32
19:57:30 ,32
19:57:31 ,32
19:57:32 ,32
19:57:33 ,32
19:57:33 ,32
19:57:34 ,32
19:57:35 ,32
19:57:36 ,33
19:57:37 ,32
19:57:38 ,32
19:57:39 ,32
19:57:40 ,32
19:57:41 ,32
19:57:42 ,32
19:57:43 ,32
19:57:44 ,33
19:57:44 ,32
19:57:45 ,33
19:57:46 ,32
19:57:47 ,32
19:57:48 ,32
19:57:49 ,32
19:57:50 ,32
19:57:51 ,32
19:57:52 ,32
19:57:53 ,32
19:57:54 ,32
19:57:55 ,32
19:57:56 ,32
19:57:57 ,32
19:57:57 ,32
19:57:58 ,32
19:57:59 ,32
19:58:00 ,32
19:58:01 ,32
19:58:02 ,32
19:58:03 ,32
19:58:04 ,32
19:58:05 ,32
19:58:06 ,32
19:58:07 ,32
19:58:08 ,32
19:58:08 ,32
19:58:09 ,32
19:58:10 ,32
19:58:11 ,32
19:58:12 ,32
19:58:13 ,32
19:58:14 ,32
19:58:15 ,32
19:58:16 ,32
19:58:17 ,32
19:58:18 ,32
19:58:19 ,32
19:58:19 ,32
19:58:20 ,32
19:58:21 ,32
19:58:22 ,32
19:58:23 ,32
19:58:24 ,32
19:58:25 ,32
19:58:26 ,32
19:58:27 ,32
19:58:28 ,32
19:58:29 ,32
19:58:30 ,32
19:58:31 ,32
19:58:31 ,32
19:58:32 ,32
19:58:33 ,32
19:58:34 ,32
19:58:35 ,32
19:58:36 ,32
19:58:37 ,32
19:58:38 ,32
19:58:39 ,32
19:58:40 ,32
19:58:41 ,32
19:58:42 ,32
19:58:42 ,32
19:58:43 ,33
19:58:44 ,33
19:58:45 ,33
19:58:46 ,33
19:58:47 ,33
19:58:48 ,33
19:58:49 ,33
19:58:50 ,33
19:58:51 ,33
19:58:52 ,33
19:58:53 ,33
19:58:54 ,33
19:58:54 ,33
19:58:55 ,33
19:58:56 ,32
19:58:57 ,32
19:58:58 ,32
19:58:59 ,32
19:59:00 ,33
19:59:01 ,33
19:59:02 ,32
19:59:03 ,32
19:59:04 ,32
19:59:05 ,32
19:59:05 ,32
19:59:06 ,32
19:59:07 ,32
19:59:08 ,32
19:59:09 ,32
19:59:10 ,32
19:59:11 ,33
19:59:12 ,32
19:59:13 ,33
19:59:14 ,32
19:59:15 ,32
19:59:16 ,32
19:59:17 ,32
19:59:17 ,32
19:59:18 ,32
19:59:19 ,32
19:59:20 ,32
19:59:21 ,32
19:59:22 ,32
19:59:23 ,32
19:59:24 ,32
19:59:25 ,32
19:59:26 ,32
19:59:27 ,32
19:59:28 ,32
19:59:29 ,32
19:59:29 ,32
19:59:30 ,32
19:59:31 ,32
19:59:32 ,32
19:59:33 ,32
19:59:34 ,32
19:59:35 ,32
19:59:36 ,32
19:59:37 ,33
19:59:38 ,32
19:59:39 ,32
19:59:40 ,32
19:59:40 ,32
19:59:41 ,32
19:59:42 ,32
19:59:43 ,32
19:59:44 ,32
19:59:45 ,-26
19:59:46 ,-63
19:59:47 ,-63
19:59:48 ,-64
19:59:49 ,-64
19:59:50 ,-64
19:59:51 ,-49
19:59:52 ,1
19:59:52 ,1
19:59:53 ,1
19:59:54 ,1
19:59:55 ,1
19:59:56 ,1
19:59:57 ,1
19:59:58 ,1
19:59:59 ,1
20:00:00 ,1
20:00:01 ,1
20:00:02 ,1
20:00:03 ,1
20:00:03 ,1
20:00:04 ,1
20:00:05 ,1
20:00:06 ,1
20:00:07 ,1
20:00:08 ,1
20:00:09 ,1
20:00:10 ,1
20:00:11 ,1
20:00:12 ,1
20:00:13 ,1
20:00:14 ,1
20:00:15 ,1
20:00:15 ,1
20:00:16 ,1
20:00:17 ,1
20:00:18 ,1
20:00:19 ,1
20:00:20 ,1
20:00:21 ,1
20:00:22 ,1
20:00:23 ,1
20:00:24 ,1
20:00:25 ,1
20:00:26 ,1
20:00:26 ,1
20:00:27 ,1
20:00:28 ,1
20:00:29 ,1
20:00:30 ,1
20:00:31 ,1
20:00:32 ,1
20:00:33 ,1
20:00:34 ,1
20:00:35 ,1
20:00:36 ,1
20:00:37 ,1
20:00:38 ,1
20:00:38 ,1
20:00:39 ,1
20:00:40 ,1
20:00:41 ,1
20:00:42 ,1
20:00:43 ,1
20:00:44 ,1
20:00:45 ,1
20:00:46 ,1
20:00:47 ,1
20:00:48 ,1
20:00:49 ,1
20:00:50 ,1
20:00:50 ,1
20:00:51 ,1
20:00:52 ,1
20:00:53 ,1
20:00:54 ,1
20:00:55 ,1
20:00:56 ,1
20:00:57 ,1
20:00:58 ,1
20:00:59 ,1
20:01:00 ,1
20:01:01 ,1
20:01:01 ,1
20:01:02 ,1
20:01:03 ,1
20:01:04 ,1
20:01:05 ,1
20:01:06 ,1
20:01:07 ,1
20:01:08 ,0
20:01:09 ,1
20:01:10 ,1
20:01:11 ,1
20:01:12 ,1
20:01:13 ,1
20:01:13 ,1
20:01:14 ,1
20:01:15 ,1
20:01:16 ,1
20:01:17 ,1
20:01:18 ,1
20:01:19 ,1
20:01:20 ,1
20:01:21 ,1
20:01:22 ,1
20:01:23 ,1
20:01:24 ,1
20:01:24 ,1
20:01:25 ,1
20:01:26 ,1
20:01:27 ,1
20:01:28 ,1
20:01:29 ,1
20:01:30 ,1
20:01:31 ,1
20:01:32 ,1
20:01:33 ,1
20:01:34 ,1
20:01:35 ,1
20:01:36 ,1
20:01:36 ,1
20:01:37 ,1
20:01:38 ,1
20:01:39 ,1
20:01:40 ,1
20:01:41 ,1
20:01:42 ,1
20:01:43 ,1
20:01:44 ,1
20:01:45 ,1
20:01:46 ,1
20:01:47 ,1
20:01:48 ,0
20:01:48 ,0
20:01:49 ,0
20:01:50 ,0
20:01:51 ,0
20:01:52 ,0
20:01:53 ,1
20:01:54 ,1
20:01:55 ,1
20:01:56 ,1
20:01:57 ,1
20:01:58 ,0
20:01:59 ,1
20:01:59 ,1
20:02:00 ,0
20:02:01 ,0
20:02:02 ,1
20:02:03 ,1
20:02:04 ,1
20:02:05 ,1
20:02:06 ,1
20:02:07 ,0
20:02:08 ,0
20:02:09 ,0
20:02:10 ,0
20:02:11 ,1
20:02:11 ,1
20:02:12 ,0
20:02:13 ,0
20:02:14 ,0
20:02:15 ,1
20:02:16 ,1
20:02:17 ,1
20:02:18 ,1
20:02:19 ,1
20:02:20 ,1
20:02:21 ,1
20:02:22 ,1
20:02:22 ,1
20:02:23 ,1
20:02:24 ,1
20:02:25 ,1
20:02:26 ,0
20:02:27 ,1
20:02:28 ,1
20:02:29 ,1
20:02:30 ,1
20:02:31 ,1
20:02:32 ,1
20:02:33 ,0
20:02:34 ,0
20:02:34 ,0
20:02:35 ,0
20:02:36 ,0
20:02:37 ,0
20:02:38 ,0
20:02:39 ,0
20:02:40 ,0
20:02:41 ,0
20:02:42 ,1
20:02:43 ,0
20:02:44 ,0
20:02:45 ,0
20:02:45 ,1
20:02:46 ,1
20:02:47 ,1
20:02:48 ,0
20:02:49 ,0
20:02:50 ,0
20:02:51 ,0
20:02:52 ,0
20:02:53 ,1
20:02:54 ,0
20:02:55 ,0
20:02:56 ,0
20:02:57 ,0
20:02:57 ,1
20:02:58 ,1
20:02:59 ,1
20:03:00 ,1
20:03:01 ,1
20:03:02 ,0
20:03:03 ,1
20:03:04 ,1
20:03:05 ,1
20:03:06 ,1
20:03:07 ,1
20:03:08 ,1
20:03:09 ,1
20:03:09 ,1
20:03:10 ,1
20:03:11 ,1
20:03:12 ,1
20:03:13 ,1
20:03:14 ,1
20:03:15 ,1
20:03:16 ,1
20:03:17 ,1
20:03:18 ,1
20:03:19 ,0
20:03:20 ,0
20:03:20 ,0
20:03:21 ,0
20:03:22 ,0
20:03:23 ,0
20:03:24 ,0
20:03:25 ,0
20:03:26 ,0
20:03:27 ,0
20:03:28 ,0
20:03:29 ,0
20:03:30 ,0
20:03:31 ,0
20:03:32 ,0
20:03:32 ,0
20:03:33 ,0
20:03:34 ,0
20:03:35 ,0
20:03:36 ,0
20:03:37 ,0
20:03:38 ,0
20:03:39 ,0
20:03:40 ,0
20:03:41 ,0
20:03:42 ,0
20:03:43 ,0
20:03:43 ,0
20:03:44 ,0
20:03:45 ,0
20:03:46 ,0
20:03:47 ,0
20:03:48 ,0
20:03:49 ,0
20:03:50 ,0
20:03:51 ,0
20:03:52 ,0
20:03:53 ,0
20:03:54 ,0
20:03:55 ,0
20:03:55 ,0
20:03:56 ,0
20:03:57 ,0
20:03:58 ,0
20:03:59 ,0
20:04:00 ,0
20:04:01 ,0
20:04:02 ,0
20:04:03 ,0
20:04:04 ,0
20:04:05 ,0
20:04:06 ,0
20:04:07 ,0
20:04:07 ,0
20:04:08 ,0
20:04:09 ,0
20:04:10 ,0
20:04:11 ,0
20:04:12 ,0
20:04:13 ,6
20:04:14 ,10
20:04:15 ,21
20:04:16 ,34
20:04:17 ,36
20:04:18 ,36
20:04:18 ,37
20:04:19 ,37
20:04:20 ,37
20:04:21 ,37
20:04:22 ,37
20:04:23 ,37
20:04:24 ,37
20:04:25 ,37
20:04:26 ,37
20:04:27 ,37
20:04:28 ,37
20:04:29 ,37
20:04:30 ,37
20:04:30 ,37
20:04:31 ,37
20:04:32 ,37
20:04:33 ,37
20:04:34 ,37
20:04:35 ,37
20:04:36 ,37
20:04:37 ,37
20:04:38 ,37
20:04:39 ,37
20:04:40 ,37
20:04:41 ,37
20:04:42 ,37
20:04:42 ,37
20:04:43 ,37
20:04:44 ,37
20:04:45 ,37
20:04:46 ,37
20:04:47 ,37
20:04:48 ,37
20:04:49 ,37
20:04:50 ,37
20:04:51 ,37
20:04:52 ,37
20:04:53 ,37
20:04:53 ,37
20:04:54 ,37
20:04:55 ,37
20:04:56 ,37
20:04:57 ,37
20:04:58 ,37
20:04:59 ,37
20:05:00 ,37
20:05:01 ,37
20:05:02 ,37
20:05:03 ,37
20:05:04 ,37
20:05:05 ,37
20:05:05 ,37
20:05:06 ,38
20:05:07 ,37
20:05:08 ,37
20:05:09 ,38
20:05:10 ,38
20:05:11 ,38
20:05:12 ,38
20:05:13 ,38
20:05:14 ,38
20:05:15 ,38
20:05:16 ,38
20:05:17 ,38
20:05:17 ,38
20:05:18 ,38
20:05:19 ,38
20:05:20 ,38
20:05:21 ,38
20:05:22 ,38
20:05:23 ,38
20:05:24 ,38
20:05:25 ,38
20:05:26 ,38
20:05:27 ,38
20:05:28 ,38
20:05:28 ,38
20:05:29 ,38
20:05:30 ,38
20:05:31 ,38
20:05:32 ,38
20:05:33 ,38
20:05:34 ,38
20:05:35 ,38
20:05:36 ,38
20:05:37 ,38
20:05:38 ,38
20:05:39 ,38
20:05:40 ,38
20:05:40 ,38
20:05:41 ,38
20:05:42 ,38
20:05:43 ,38
20:05:44 ,38
20:05:45 ,38
20:05:46 ,38
20:05:47 ,38
20:05:48 ,38
20:05:49 ,38
20:05:50 ,38
20:05:51 ,38
20:05:52 ,37
20:05:52 ,38
20:05:53 ,38
20:05:54 ,38
20:05:55 ,38
20:05:56 ,38
20:05:57 ,38
20:05:58 ,38
20:05:59 ,38
20:06:00 ,38
20:06:01 ,38
20:06:02 ,38
20:06:03 ,38
20:06:04 ,38
20:06:04 ,38
20:06:05 ,38
20:06:06 ,38
20:06:07 ,38
20:06:08 ,38
20:06:09 ,38
20:06:10 ,38
20:06:11 ,38
20:06:12 ,38
20:06:13 ,38
20:06:14 ,38
20:06:15 ,38
20:06:15 ,38
20:06:16 ,38
20:06:17 ,38
20:06:18 ,38
20:06:19 ,38
20:06:20 ,38
20:06:21 ,38
20:06:22 ,38
20:06:23 ,38
20:06:24 ,38
20:06:25 ,38
20:06:26 ,38
20:06:27 ,38
20:06:27 ,38
20:06:28 ,38
20:06:29 ,38
20:06:30 ,38
20:06:31 ,38
20:06:32 ,38
20:06:33 ,38
20:06:34 ,38
20:06:35 ,38
20:06:36 ,38
20:06:37 ,38
20:06:38 ,38
20:06:39 ,38
20:06:39 ,38
20:06:40 ,38
20:06:41 ,38
20:06:42 ,38
20:06:43 ,38
20:06:44 ,38
20:06:45 ,38
20:06:46 ,38
20:06:47 ,38
20:06:48 ,38
20:06:49 ,38
20:06:50 ,38
20:06:50 ,38
20:06:51 ,38
20:06:52 ,38
20:06:53 ,38
20:06:54 ,38
20:06:55 ,38
20:06:56 ,38
20:06:57 ,38
20:06:58 ,38
20:06:59 ,38
20:07:00 ,38
20:07:01 ,38
20:07:02 ,38
20:07:02 ,38
20:07:03 ,38
20:07:04 ,38
20:07:05 ,38
20:07:06 ,38
20:07:07 ,38
20:07:08 ,38
20:07:09 ,38
20:07:10 ,38
20:07:11 ,38
20:07:12 ,38
20:07:13 ,38
20:07:13 ,38
20:07:14 ,38
20:07:15 ,38
20:07:16 ,38
20:07:17 ,38
20:07:18 ,38
20:07:19 ,38
20:07:20 ,38
20:07:21 ,38
20:07:22 ,38
20:07:23 ,38
20:07:24 ,38
20:07:25 ,38
20:07:25 ,38
20:07:26 ,38
20:07:27 ,38
20:07:28 ,38
20:07:29 ,38
20:07:30 ,38
20:07:31 ,38
20:07:32 ,38
20:07:33 ,38
20:07:34 ,38
20:07:35 ,38
20:07:36 ,38
20:07:37 ,38
20:07:37 ,38
20:07:38 ,38
20:07:39 ,38
20:07:40 ,38
20:07:41 ,38
20:07:42 ,38
20:07:43 ,38
20:07:44 ,38
20:07:45 ,38
20:07:46 ,38
20:07:47 ,38
20:07:48 ,38
20:07:48 ,38
20:07:49 ,38
20:07:50 ,38
20:07:51 ,38
20:07:52 ,38
20:07:53 ,38
20:07:54 ,38
20:07:55 ,38
20:07:56 ,38
20:07:57 ,38
20:07:58 ,38
20:07:59 ,38
20:08:00 ,38
20:08:00 ,38
20:08:01 ,38
20:08:02 ,38
20:08:03 ,38
20:08:04 ,38
20:08:05 ,38
20:08:06 ,38
20:08:07 ,38
20:08:08 ,38
20:08:09 ,38
20:08:10 ,38
20:08:11 ,38
20:08:11 ,38
20:08:12 ,38
20:08:13 ,38
20:08:14 ,38
20:08:15 ,38
20:08:16 ,38
20:08:17 ,38
20:08:18 ,38
20:08:19 ,38
20:08:20 ,38
20:08:21 ,38
20:08:22 ,38
20:08:23 ,38
20:08:23 ,38
20:08:24 ,38
20:08:25 ,38
20:08:26 ,38
20:08:27 ,38
20:08:28 ,38
20:08:29 ,38
20:08:30 ,38
20:08:31 ,37
20:08:32 ,38
20:08:33 ,38
20:08:34 ,38
20:08:35 ,38
20:08:36 ,38
20:08:36 ,38
20:08:37 ,38
20:08:38 ,38
20:08:39 ,38
20:08:40 ,38
20:08:41 ,38
20:08:42 ,38
20:08:43 ,38
20:08:44 ,38
20:08:45 ,38
20:08:46 ,38
20:08:46 ,38
20:08:47 ,38
20:08:48 ,38
20:08:49 ,38
20:08:50 ,38
20:08:51 ,38
20:08:52 ,38
20:08:53 ,38
20:08:54 ,38
20:08:55 ,38
20:08:56 ,38
20:08:57 ,38
20:08:58 ,38
20:08:58 ,38
20:08:59 ,38
20:09:00 ,38
20:09:01 ,38
20:09:02 ,38
20:09:03 ,38
20:09:04 ,38
20:09:05 ,38
20:09:06 ,38
20:09:07 ,38
20:09:08 ,38
20:09:09 ,38
20:09:10 ,38
20:09:10 ,38
20:09:11 ,38
20:09:12 ,38
20:09:13 ,38
20:09:14 ,38
20:09:15 ,38
20:09:16 ,38
20:09:17 ,38
20:09:18 ,38
20:09:19 ,38
20:09:20 ,38
20:09:21 ,38
20:09:21 ,38
20:09:22 ,38
20:09:23 ,38
20:09:24 ,38
20:09:25 ,38
20:09:26 ,38
20:09:27 ,38
20:09:28 ,38
20:09:29 ,38
20:09:30 ,38
20:09:31 ,38
20:09:32 ,38
20:09:33 ,38
20:09:33 ,38
20:09:34 ,38
20:09:35 ,38
20:09:36 ,38
20:09:37 ,38
20:09:38 ,38
20:09:39 ,38
20:09:40 ,38
20:09:41 ,38
20:09:42 ,38
20:09:43 ,38
20:09:44 ,38
20:09:45 ,38
20:09:45 ,38
20:09:46 ,38
20:09:47 ,38
20:09:48 ,38
20:09:49 ,38
20:09:50 ,38
20:09:51 ,38
20:09:52 ,38
20:09:53 ,38
20:09:54 ,38
20:09:55 ,38
20:09:56 ,38
20:09:56 ,38
20:09:57 ,38
20:09:58 ,38
20:09:59 ,38
20:10:00 ,38
20:10:01 ,38
20:10:02 ,38
20:10:03 ,38
20:10:04 ,38
20:10:05 ,37
20:10:06 ,37
20:10:07 ,37
20:10:08 ,38
20:10:08 ,38
20:10:09 ,38
20:10:10 ,38
20:10:11 ,38
20:10:12 ,38
20:10:13 ,38
20:10:14 ,38
20:10:15 ,38
20:10:16 ,38
20:10:17 ,37
20:10:18 ,37
20:10:19 ,37
20:10:20 ,38
20:10:20 ,38
20:10:21 ,38
20:10:22 ,38
20:10:23 ,38
20:10:24 ,38
20:10:25 ,38
20:10:26 ,38
20:10:27 ,38
20:10:28 ,38
20:10:29 ,38
20:10:30 ,38
20:10:31 ,38
20:10:31 ,38
20:10:32 ,38
20:10:33 ,38
20:10:34 ,37
20:10:35 ,37
20:10:36 ,37
20:10:37 ,38
20:10:38 ,37
20:10:39 ,37
20:10:40 ,37
20:10:41 ,37
20:10:42 ,37
20:10:43 ,38
20:10:44 ,38
20:10:44 ,38
20:10:45 ,38
20:10:46 ,38
20:10:47 ,38
20:10:48 ,38
20:10:49 ,38
20:10:50 ,38
20:10:51 ,38
20:10:52 ,38
20:10:53 ,38
20:10:54 ,38
20:10:55 ,38
20:10:55 ,38
20:10:56 ,38
20:10:57 ,38
20:10:58 ,38
20:10:59 ,38
20:11:00 ,38
20:11:01 ,38
20:11:02 ,38
20:11:03 ,38
20:11:04 ,38
20:11:05 ,38
20:11:06 ,38
20:11:07 ,38
20:11:07 ,38
20:11:08 ,38
20:11:09 ,38
20:11:10 ,38
20:11:11 ,38
20:11:12 ,37
20:11:13 ,37
20:11:14 ,37
20:11:15 ,37
20:11:16 ,37
20:11:17 ,37
20:11:18 ,37
20:11:18 ,37
20:11:19 ,37
20:11:20 ,38
20:11:21 ,37
20:11:22 ,37
20:11:23 ,38
20:11:24 ,38
20:11:25 ,38
20:11:26 ,38
20:11:27 ,38
20:11:28 ,38
20:11:29 ,38
20:11:29 ,38
20:11:30 ,38
20:11:31 ,38
20:11:32 ,38
20:11:33 ,37
20:11:34 ,38
20:11:35 ,37
20:11:36 ,37
20:11:37 ,37
20:11:38 ,37
20:11:39 ,38
20:11:40 ,38
20:11:41 ,38
20:11:41 ,38
20:11:42 ,38
20:11:43 ,38
20:11:44 ,37
20:11:45 ,37
20:11:46 ,38
20:11:47 ,38
20:11:48 ,38
20:11:49 ,38
20:11:50 ,38
20:11:51 ,38
20:11:52 ,38
20:11:53 ,38
20:11:53 ,38
20:11:54 ,38
20:11:55 ,37
20:11:56 ,38
20:11:57 ,38
20:11:58 ,38
20:11:59 ,38
20:12:00 ,38
20:12:01 ,38
20:12:02 ,38
20:12:03 ,38
20:12:04 ,38
20:12:04 ,38
20:12:05 ,38
20:12:06 ,38
20:12:07 ,38
20:12:08 ,38
20:12:09 ,38
20:12:10 ,37
20:12:11 ,37
20:12:12 ,37
20:12:13 ,38
20:12:14 ,38
20:12:15 ,37
20:12:16 ,37
20:12:16 ,37
20:12:17 ,37
20:12:18 ,37
20:12:19 ,37
20:12:20 ,37
20:12:21 ,37
20:12:22 ,37
20:12:23 ,37
20:12:24 ,37
20:12:25 ,37
20:12:26 ,37
20:12:27 ,37
20:12:28 ,37
20:12:28 ,37
20:12:29 ,38
20:12:30 ,38
20:12:31 ,37
20:12:32 ,38
20:12:33 ,38
20:12:34 ,38
20:12:35 ,38
20:12:36 ,38
20:12:37 ,38
20:12:38 ,38
20:12:39 ,38
20:12:40 ,38
20:12:40 ,38
20:12:41 ,38
20:12:42 ,38
20:12:43 ,38
20:12:44 ,38
20:12:45 ,38
20:12:46 ,38
20:12:47 ,38
20:12:48 ,38
20:12:49 ,38
20:12:50 ,38
20:12:51 ,38
20:12:51 ,37
20:12:52 ,37
20:12:53 ,37
20:12:54 ,37
20:12:55 ,37
20:12:56 ,37
20:12:57 ,37
20:12:58 ,37
20:12:59 ,38
20:13:00 ,38
20:13:01 ,38
20:13:02 ,38
20:13:03 ,38
20:13:03 ,38
20:13:04 ,38
20:13:05 ,38
20:13:06 ,38
20:13:07 ,38
20:13:08 ,38
20:13:09 ,38
20:13:10 ,38
20:13:11 ,38
20:13:12 ,38
20:13:13 ,38
20:13:14 ,37
20:13:14 ,38
20:13:15 ,38
20:13:16 ,37
20:13:17 ,37
20:13:18 ,37
20:13:19 ,38
20:13:20 ,37
20:13:21 ,37
20:13:22 ,37
20:13:23 ,37
20:13:24 ,38
20:13:25 ,38
20:13:26 ,38
20:13:26 ,38
20:13:27 ,38
20:13:28 ,37
20:13:29 ,37
20:13:30 ,37
20:13:31 ,37
20:13:32 ,37
20:13:33 ,37
20:13:34 ,37
20:13:35 ,37
20:13:36 ,37
20:13:37 ,37
20:13:38 ,37
20:13:38 ,37
20:13:39 ,37
20:13:40 ,37
20:13:41 ,37
20:13:42 ,37
20:13:43 ,37
20:13:44 ,37
20:13:45 ,37
20:13:46 ,37
20:13:47 ,38
20:13:48 ,38
20:13:49 ,38
20:13:49 ,38
20:13:50 ,38
20:13:51 ,37
20:13:52 ,38
20:13:53 ,38
20:13:54 ,38
20:13:55 ,38
20:13:56 ,38
20:13:57 ,38
20:13:58 ,37
20:13:59 ,37
20:14:00 ,37
20:14:01 ,37
20:14:01 ,37
20:14:02 ,37
20:14:03 ,38
20:14:04 ,38
20:14:05 ,38
20:14:06 ,38
20:14:07 ,38
20:14:08 ,38
20:14:09 ,38
20:14:10 ,38
20:14:11 ,38
20:14:12 ,38
20:14:13 ,38
20:14:13 ,37
20:14:14 ,37
20:14:15 ,38
20:14:16 ,38
20:14:17 ,37
20:14:18 ,37
20:14:19 ,37
20:14:20 ,37
20:14:21 ,38
20:14:22 ,37
20:14:23 ,37
20:14:24 ,37
20:14:24 ,37
20:14:25 ,38
20:14:26 ,38
20:14:27 ,38
20:14:28 ,37
20:14:29 ,37
20:14:30 ,37
20:14:31 ,37
20:14:32 ,37
20:14:33 ,37
20:14:34 ,37
20:14:35 ,37
20:14:36 ,37
20:14:36 ,37
20:14:37 ,37
20:14:38 ,37
20:14:39 ,37
20:14:40 ,37
20:14:41 ,37
20:14:42 ,37
20:14:43 ,37
20:14:44 ,37
20:14:45 ,37
20:14:46 ,37
20:14:47 ,37
20:14:48 ,37
20:14:48 ,37
20:14:49 ,37
20:14:50 ,37
20:14:51 ,37
20:14:52 ,37
20:14:53 ,37
20:14:54 ,37
20:14:55 ,38
20:14:56 ,37
20:14:57 ,37
20:14:58 ,37
20:14:59 ,37
20:14:59 ,37
20:15:00 ,37
20:15:01 ,37
20:15:02 ,37
20:15:03 ,38
20:15:04 ,38
20:15:05 ,38
20:15:06 ,38
20:15:07 ,38
20:15:08 ,38
20:15:09 ,38
20:15:10 ,38
20:15:11 ,37
20:15:11 ,47
20:15:12 ,122
20:15:13 ,3
20:15:14 ,-63
20:15:15 ,-63
20:15:16 ,-64
20:15:17 ,-64
20:15:18 ,-64
20:15:19 ,-64
20:15:20 ,-64
20:15:21 ,-64
20:15:22 ,-64
20:15:23 ,1
20:15:23 ,0
20:15:24 ,0
20:15:25 ,0
20:15:26 ,0
20:15:27 ,0
20:15:28 ,0
20:15:29 ,0
20:15:30 ,0
20:15:31 ,0
20:15:32 ,0
20:15:33 ,0
20:15:34 ,0
20:15:34 ,0
20:15:35 ,0
20:15:36 ,0
20:15:37 ,0
20:15:38 ,0
20:15:39 ,0
20:15:40 ,0
20:15:41 ,0
20:15:42 ,0
20:15:43 ,0
20:15:44 ,0
20:15:45 ,0
20:15:46 ,0
20:15:46 ,0
20:15:47 ,0
20:15:48 ,0
20:15:49 ,0
20:15:50 ,0
20:15:51 ,0
20:15:52 ,0
20:15:53 ,0
20:15:54 ,0
20:15:55 ,0
20:15:56 ,0
20:15:57 ,0
20:15:58 ,0
20:15:58 ,0
20:15:59 ,0
20:16:00 ,0
20:16:01 ,0
20:16:02 ,0
20:16:03 ,0
20:16:04 ,0
20:16:05 ,0
20:16:06 ,0
20:16:07 ,0
20:16:08 ,0
20:16:09 ,0
20:16:10 ,0
20:16:10 ,0
20:16:11 ,0
20:16:12 ,0
20:16:13 ,0
20:16:14 ,0
20:16:15 ,0
20:16:16 ,0
20:16:17 ,0
20:16:18 ,0
20:16:19 ,0
20:16:20 ,0
20:16:21 ,0
20:16:21 ,0
20:16:22 ,0
20:16:23 ,0
20:16:24 ,0
20:16:25 ,0
20:16:26 ,0
20:16:27 ,0
20:16:28 ,0
20:16:29 ,0
20:16:30 ,0
20:16:31 ,0
20:16:32 ,0
20:16:33 ,0
20:16:33 ,0
20:16:34 ,0
20:16:35 ,0
20:16:36 ,0
20:16:37 ,0
20:16:38 ,0
20:16:39 ,0
20:16:40 ,0
20:16:41 ,0
20:16:42 ,0
20:16:43 ,0
20:16:44 ,0
20:16:44 ,0
20:16:45 ,0
20:16:46 ,0
20:16:47 ,0
20:16:48 ,0
20:16:49 ,0
20:16:50 ,0
20:16:51 ,0
20:16:52 ,0
20:16:53 ,0
20:16:54 ,0
20:16:55 ,0
20:16:56 ,0
20:16:56 ,0
20:16:57 ,0
20:16:58 ,0
20:16:59 ,0
20:17:00 ,0
20:17:01 ,0
20:17:02 ,0
20:17:03 ,0
20:17:04 ,0
20:17:05 ,0
20:17:06 ,0
20:17:07 ,0
20:17:08 ,0
20:17:08 ,0
20:17:09 ,0
20:17:10 ,0
20:17:11 ,0
20:17:12 ,0
20:17:13 ,0
20:17:14 ,0
20:17:15 ,0
20:17:16 ,0
20:17:17 ,0
20:17:18 ,0
20:17:19 ,0
20:17:19 ,0
20:17:20 ,0
20:17:21 ,0
20:17:22 ,0
20:17:23 ,0
20:17:24 ,0
20:17:25 ,0
20:17:26 ,0
20:17:27 ,0
20:17:28 ,0
20:17:29 ,0
20:17:30 ,0
20:17:31 ,0
20:17:31 ,0
20:17:32 ,0
20:17:33 ,0
20:17:34 ,0
20:17:35 ,0
20:17:36 ,0
20:17:37 ,0
20:17:38 ,0
20:17:39 ,0
20:17:40 ,0
20:17:41 ,0
20:17:42 ,0
20:17:43 ,0
20:17:43 ,0
20:17:44 ,0
20:17:45 ,0
20:17:46 ,0
20:17:47 ,0
20:17:48 ,0
20:17:49 ,0
20:17:50 ,0
20:17:51 ,0
20:17:52 ,0
20:17:53 ,0
20:17:54 ,0
20:17:54 ,0
20:17:55 ,0
20:17:56 ,0
20:17:57 ,0
20:17:58 ,0
20:17:59 ,0
20:18:00 ,0
20:18:01 ,0
20:18:02 ,0
20:18:03 ,0
20:18:04 ,0
20:18:05 ,0
20:18:06 ,0
20:18:06 ,0
20:18:07 ,0
20:18:08 ,0
20:18:09 ,0
20:18:10 ,0
20:18:11 ,0
20:18:12 ,0
20:18:13 ,0
20:18:14 ,0
20:18:15 ,0
20:18:16 ,0
20:18:17 ,0
20:18:17 ,0
20:18:18 ,0
20:18:19 ,0
20:18:20 ,0
20:18:21 ,0
20:18:22 ,0
20:18:23 ,0
20:18:24 ,0
20:18:25 ,0
20:18:26 ,0
20:18:27 ,0
20:18:28 ,0
20:18:29 ,0
20:18:29 ,0
20:18:30 ,0
20:18:31 ,0
20:18:32 ,0
20:18:33 ,0
20:18:34 ,0
20:18:35 ,0
20:18:36 ,0
20:18:37 ,5
20:18:38 ,17
20:18:39 ,35
20:18:40 ,40
20:18:41 ,41
20:18:41 ,41
20:18:42 ,41
20:18:43 ,41
20:18:44 ,41
20:18:45 ,41
20:18:46 ,41
20:18:47 ,41
20:18:48 ,41
20:18:49 ,41
20:18:50 ,41
20:18:51 ,41
20:18:52 ,41
20:18:53 ,41
20:18:53 ,41
20:18:54 ,41
20:18:55 ,41
20:18:56 ,41
20:18:57 ,41
20:18:58 ,41
20:18:59 ,41
20:19:00 ,41
20:19:01 ,41
20:19:02 ,41
20:19:03 ,41
20:19:04 ,41
20:19:04 ,41
20:19:05 ,41
20:19:06 ,41
20:19:07 ,42
20:19:08 ,42
20:19:09 ,41
20:19:10 ,41
20:19:11 ,41
20:19:12 ,42
20:19:13 ,42
20:19:14 ,42
20:19:15 ,41
20:19:16 ,41
20:19:16 ,41
20:19:17 ,41
20:19:18 ,41
20:19:19 ,41
20:19:20 ,41
20:19:21 ,41
20:19:22 ,41
20:19:23 ,41
20:19:24 ,41
20:19:25 ,41
20:19:26 ,41
20:19:27 ,41
20:19:27 ,41
20:19:28 ,41
20:19:29 ,41
20:19:30 ,41
20:19:31 ,41
20:19:32 ,41
20:19:33 ,41
20:19:34 ,41
20:19:35 ,41
20:19:36 ,41
20:19:37 ,41
20:19:38 ,41
20:19:39 ,41
20:19:40 ,41
20:19:40 ,41
20:19:41 ,41
20:19:42 ,41
20:19:43 ,41
20:19:44 ,41
20:19:45 ,41
20:19:46 ,41
20:19:47 ,41
20:19:48 ,41
20:19:49 ,41
20:19:50 ,41
20:19:51 ,41
20:19:51 ,41
20:19:52 ,42
20:19:53 ,41
20:19:54 ,41
20:19:55 ,41
20:19:56 ,41
20:19:57 ,41
20:19:58 ,41
20:19:59 ,41
20:20:00 ,41
20:20:01 ,41
20:20:02 ,41
20:20:02 ,41
20:20:03 ,41
20:20:04 ,41
20:20:05 ,41
20:20:06 ,41
20:20:07 ,41
20:20:08 ,41
20:20:09 ,41
20:20:10 ,41
20:20:11 ,41
20:20:12 ,41
20:20:13 ,41
20:20:14 ,41
20:20:14 ,41
20:20:15 ,42
20:20:16 ,42
20:20:17 ,42
20:20:18 ,42
20:20:19 ,42
20:20:20 ,42
20:20:21 ,41
20:20:22 ,42
20:20:23 ,42
20:20:24 ,42
20:20:25 ,42
20:20:26 ,42
20:20:26 ,41
20:20:27 ,42
20:20:28 ,42
20:20:29 ,42
20:20:30 ,42
20:20:31 ,42
20:20:32 ,42
20:20:33 ,42
20:20:34 ,42
20:20:35 ,41
20:20:36 ,42
20:20:37 ,42
20:20:37 ,41
20:20:38 ,41
20:20:39 ,41
20:20:40 ,41
20:20:41 ,42
20:20:42 ,42
20:20:43 ,42
20:20:44 ,42
20:20:45 ,42
20:20:46 ,42
20:20:47 ,42
20:20:48 ,42
20:20:49 ,42
20:20:49 ,42
20:20:50 ,41
20:20:51 ,42
20:20:52 ,42
20:20:53 ,42
20:20:54 ,42
20:20:55 ,42
20:20:56 ,42
20:20:57 ,42
20:20:58 ,42
20:20:59 ,42
20:21:00 ,42
20:21:01 ,42
20:21:01 ,42
20:21:02 ,42
20:21:03 ,42
20:21:04 ,42
20:21:05 ,42
20:21:06 ,42
20:21:07 ,42
20:21:08 ,42
20:21:09 ,42
20:21:10 ,42
20:21:11 ,42
20:21:12 ,42
20:21:13 ,42
20:21:13 ,42
20:21:14 ,42
20:21:15 ,42
20:21:16 ,42
20:21:17 ,42
20:21:18 ,42
20:21:19 ,42
20:21:20 ,42
20:21:21 ,42
20:21:22 ,42
20:21:23 ,42
20:21:24 ,42
20:21:25 ,42
20:21:25 ,42
20:21:26 ,42
20:21:27 ,42
20:21:28 ,42
20:21:29 ,42
20:21:30 ,42
20:21:31 ,42
20:21:32 ,42
20:21:33 ,42
20:21:34 ,42
20:21:35 ,42
20:21:36 ,42
20:21:36 ,42
20:21:37 ,42
20:21:38 ,42
20:21:39 ,42
20:21:40 ,42
20:21:41 ,42
20:21:42 ,42
20:21:43 ,42
20:21:44 ,42
20:21:45 ,42
20:21:46 ,-17
20:21:47 ,-63
20:21:47 ,-63
20:21:48 ,-64
20:21:49 ,-64
20:21:50 ,-64
20:21:51 ,-64
20:21:52 ,-64
20:21:53 ,-64
20:21:54 ,-64
20:21:55 ,-64
20:21:56 ,-64
20:21:57 ,-45
20:21:58 ,1
20:21:59 ,1
20:21:59 ,1
20:22:00 ,1
20:22:01 ,1
20:22:02 ,1
20:22:03 ,1
20:22:04 ,1
20:22:05 ,1
20:22:06 ,1
20:22:07 ,1
20:22:08 ,1
20:22:09 ,1
20:22:10 ,1
20:22:11 ,1
20:22:11 ,1
20:22:12 ,1
20:22:13 ,1
20:22:14 ,1
20:22:15 ,1
20:22:16 ,1
20:22:17 ,1
20:22:18 ,1
20:22:19 ,1
20:22:20 ,1
20:22:21 ,1
20:22:22 ,1
20:22:22 ,1
20:22:23 ,1
20:22:24 ,1
20:22:25 ,1
20:22:26 ,1
20:22:27 ,1
20:22:28 ,1
20:22:29 ,1
20:22:30 ,1
20:22:31 ,1
20:22:32 ,1
20:22:33 ,1
20:22:34 ,1
20:22:34 ,2
20:22:35 ,18
20:22:36 ,25
20:22:37 ,25
20:22:38 ,25
20:22:39 ,32
20:22:40 ,32
20:22:41 ,32
20:22:42 ,32
20:22:43 ,32
20:22:44 ,32
20:22:45 ,32
20:22:46 ,32
20:22:46 ,32
20:22:47 ,32
20:22:48 ,32
20:22:49 ,32
20:22:50 ,32
20:22:51 ,32
20:22:52 ,32
20:22:53 ,32
20:22:54 ,32
20:22:55 ,32
20:22:56 ,32
20:22:57 ,32
20:22:57 ,32
20:22:58 ,32
20:22:59 ,32
20:23:00 ,32
20:23:01 ,32
20:23:02 ,32
20:23:03 ,32
20:23:04 ,32
20:23:05 ,32
20:23:06 ,32
20:23:07 ,32
20:23:08 ,32
20:23:09 ,32
20:23:09 ,32
20:23:10 ,32
20:23:11 ,32
20:23:12 ,32
20:23:13 ,32
20:23:14 ,32
20:23:15 ,32
20:23:16 ,32
20:23:17 ,32
20:23:18 ,32
20:23:19 ,32
20:23:20 ,32
20:23:21 ,32
20:23:21 ,32
20:23:22 ,32
20:23:23 ,32
20:23:24 ,32
20:23:25 ,32
20:23:26 ,32
20:23:27 ,32
20:23:28 ,32
20:23:29 ,32
20:23:30 ,32
20:23:31 ,32
20:23:32 ,32
20:23:33 ,32
20:23:33 ,32
20:23:34 ,32
20:23:35 ,32
20:23:36 ,32
20:23:37 ,32
20:23:38 ,32
20:23:39 ,32
20:23:40 ,32
20:23:41 ,32
20:23:42 ,32
20:23:43 ,33
20:23:44 ,33
20:23:44 ,33
20:23:45 ,33
20:23:46 ,32
20:23:47 ,32
20:23:48 ,32
20:23:49 ,32
20:23:50 ,32
20:23:51 ,32
20:23:52 ,32
20:23:53 ,32
20:23:54 ,32
20:23:55 ,32
20:23:56 ,32
20:23:56 ,32
20:23:57 ,32
20:23:58 ,32
20:23:59 ,32
20:24:00 ,32
20:24:01 ,32
20:24:02 ,32
20:24:03 ,32
20:24:04 ,32
20:24:05 ,32
20:24:06 ,32
20:24:07 ,32
20:24:07 ,32
20:24:08 ,32
20:24:09 ,32
20:24:10 ,32
20:24:11 ,32
20:24:12 ,32
20:24:13 ,32
20:24:14 ,32
20:24:15 ,32
20:24:16 ,32
20:24:17 ,32
20:24:18 ,32
20:24:19 ,32
20:24:19 ,32
20:24:20 ,32
20:24:21 ,32
20:24:22 ,32
20:24:23 ,32
20:24:24 ,32
20:24:25 ,32
20:24:26 ,32
20:24:27 ,32
20:24:28 ,32
20:24:29 ,32
20:24:30 ,32
20:24:31 ,32
20:24:31 ,32
20:24:32 ,32
20:24:33 ,32
20:24:34 ,32
20:24:35 ,32
20:24:36 ,32
20:24:37 ,32
20:24:38 ,32
20:24:39 ,32
20:24:40 ,32
20:24:41 ,32
20:24:42 ,32
20:24:42 ,32
20:24:43 ,32
20:24:44 ,32
20:24:45 ,32
20:24:46 ,32
20:24:47 ,32
20:24:48 ,32
20:24:49 ,32
20:24:50 ,32
20:24:51 ,32
20:24:52 ,32
20:24:53 ,32
20:24:54 ,32
20:24:54 ,32
20:24:55 ,32
20:24:56 ,32
20:24:57 ,32
20:24:58 ,32
20:24:59 ,32
20:25:00 ,32
20:25:01 ,32
20:25:02 ,32
20:25:03 ,32
20:25:04 ,32
20:25:05 ,32
20:25:06 ,32
20:25:06 ,32
20:25:07 ,32
20:25:08 ,32
20:25:09 ,32
20:25:10 ,32
20:25:11 ,32
20:25:12 ,32
20:25:13 ,32
20:25:14 ,32
20:25:15 ,32
20:25:16 ,32
20:25:17 ,32
20:25:17 ,32
20:25:18 ,32
20:25:19 ,32
20:25:20 ,32
20:25:21 ,32
20:25:22 ,32
20:25:23 ,32
20:25:24 ,32
20:25:25 ,32
20:25:26 ,32
20:25:27 ,32
20:25:28 ,32
20:25:29 ,32
20:25:29 ,32
20:25:30 ,32
20:25:31 ,32
20:25:32 ,32
20:25:33 ,32
20:25:34 ,32
20:25:35 ,32
20:25:36 ,32
20:25:37 ,32
20:25:38 ,32
20:25:39 ,32
20:25:40 ,32
20:25:41 ,32
20:25:41 ,32
20:25:42 ,32
20:25:43 ,32
20:25:44 ,32
20:25:45 ,32
20:25:46 ,32
20:25:47 ,32
20:25:48 ,32
20:25:49 ,32
20:25:50 ,32
20:25:51 ,32
20:25:52 ,32
20:25:52 ,32
20:25:53 ,32
20:25:54 ,32
20:25:55 ,32
20:25:56 ,32
20:25:57 ,32
20:25:58 ,32
20:25:59 ,32
20:26:00 ,32
20:26:01 ,32
20:26:02 ,32
20:26:03 ,32
20:26:04 ,32
20:26:04 ,32
20:26:05 ,32
20:26:06 ,32
20:26:07 ,32
20:26:08 ,32
20:26:09 ,32
20:26:10 ,32
20:26:11 ,32
20:26:12 ,32
20:26:13 ,32
20:26:14 ,32
20:26:15 ,32
20:26:16 ,32
20:26:16 ,32
20:26:17 ,32
20:26:18 ,32
20:26:19 ,32
20:26:20 ,32
20:26:21 ,32
20:26:22 ,32
20:26:23 ,32
20:26:24 ,32
20:26:25 ,32
20:26:26 ,32
20:26:27 ,32
20:26:27 ,32
20:26:28 ,32
20:26:29 ,32
20:26:30 ,32
20:26:31 ,32
20:26:32 ,32
20:26:33 ,32
20:26:34 ,32
20:26:35 ,32
20:26:36 ,32
20:26:37 ,32
20:26:38 ,32
20:26:39 ,32
20:26:39 ,32
20:26:40 ,32
20:26:41 ,32
20:26:42 ,32
20:26:43 ,32
20:26:44 ,32
20:26:45 ,32
20:26:46 ,32
20:26:47 ,32
20:26:48 ,32
20:26:49 ,32
20:26:50 ,32
20:26:50 ,32
20:26:51 ,32
20:26:52 ,32
20:26:53 ,32
20:26:54 ,32
20:26:55 ,32
20:26:56 ,32
20:26:57 ,32
20:26:58 ,32
20:26:59 ,32
20:27:00 ,32
20:27:01 ,32
20:27:02 ,32
20:27:02 ,32
20:27:03 ,32
20:27:04 ,32
20:27:05 ,32
20:27:06 ,32
20:27:07 ,32
20:27:08 ,32
20:27:09 ,32
20:27:10 ,32
20:27:11 ,32
20:27:12 ,32
20:27:13 ,32
20:27:14 ,32
20:27:14 ,32
20:27:15 ,32
20:27:16 ,32
20:27:17 ,32
20:27:18 ,32
20:27:19 ,32
20:27:20 ,32
20:27:21 ,32
20:27:22 ,32
20:27:23 ,32
20:27:24 ,32
20:27:25 ,32
20:27:26 ,32
20:27:26 ,32
20:27:27 ,32
20:27:28 ,32
20:27:29 ,32
20:27:30 ,32
20:27:31 ,32
20:27:32 ,32
20:27:33 ,32
20:27:34 ,32
20:27:35 ,32
20:27:36 ,32
20:27:37 ,32
20:27:37 ,32
20:27:38 ,32
20:27:39 ,32
20:27:40 ,32
20:27:41 ,32
20:27:42 ,32
20:27:43 ,32
20:27:44 ,32
20:27:45 ,32
20:27:46 ,32
20:27:47 ,32
20:27:48 ,32
20:27:49 ,32
20:27:49 ,32
20:27:50 ,32
20:27:51 ,32
20:27:52 ,32
20:27:53 ,32
20:27:54 ,32
20:27:55 ,32
20:27:56 ,32
20:27:57 ,32
20:27:58 ,32
20:27:59 ,32
20:28:00 ,32
20:28:00 ,32
20:28:01 ,32
20:28:02 ,32
20:28:03 ,32
20:28:04 ,32
20:28:05 ,32
20:28:06 ,32
20:28:07 ,32
20:28:08 ,32
20:28:09 ,32
20:28:10 ,32
20:28:11 ,32
20:28:12 ,32
20:28:12 ,32
20:28:13 ,32
20:28:14 ,32
20:28:15 ,32
20:28:16 ,32
20:28:17 ,32
20:28:18 ,32
20:28:19 ,32
20:28:20 ,32
20:28:21 ,32
20:28:22 ,32
20:28:23 ,32
20:28:24 ,32
20:28:24 ,32
20:28:25 ,32
20:28:26 ,32
20:28:27 ,32
20:28:28 ,32
20:28:29 ,32
20:28:30 ,32
20:28:31 ,32
20:28:32 ,32
20:28:33 ,32
20:28:34 ,32
20:28:35 ,32
20:28:36 ,32
20:28:36 ,32
20:28:37 ,32
20:28:38 ,32
20:28:39 ,32
20:28:40 ,32
20:28:41 ,32
20:28:42 ,32
20:28:43 ,32
20:28:44 ,32
20:28:45 ,32
20:28:46 ,32
20:28:47 ,32
20:28:47 ,32
20:28:48 ,32
20:28:49 ,32
20:28:50 ,32
20:28:51 ,32
20:28:52 ,32
20:28:53 ,32
20:28:54 ,32
20:28:55 ,32
20:28:56 ,32
20:28:57 ,32
20:28:58 ,32
20:28:59 ,32
20:28:59 ,32
20:29:00 ,32
20:29:01 ,32
20:29:02 ,32
20:29:03 ,32
20:29:04 ,32
20:29:05 ,32
20:29:06 ,32
20:29:07 ,32
20:29:08 ,32
20:29:09 ,32
20:29:10 ,32
20:29:11 ,32
20:29:11 ,32
20:29:12 ,32
20:29:13 ,32
20:29:14 ,32
20:29:15 ,32
20:29:16 ,32
20:29:17 ,32
20:29:18 ,32
20:29:19 ,32
20:29:20 ,32
20:29:21 ,32
20:29:22 ,32
20:29:22 ,32
20:29:23 ,32
20:29:24 ,32
20:29:25 ,32
20:29:26 ,32
20:29:27 ,32
20:29:28 ,32
20:29:29 ,32
20:29:30 ,32
20:29:31 ,32
20:29:32 ,32
20:29:33 ,32
20:29:34 ,32
20:29:34 ,32
20:29:35 ,32
20:29:36 ,32
20:29:37 ,32
20:29:38 ,32
20:29:39 ,32
20:29:40 ,32
20:29:41 ,32
20:29:42 ,32
20:29:43 ,32
20:29:44 ,32
20:29:45 ,32
20:29:45 ,32
20:29:46 ,32
20:29:47 ,32
20:29:48 ,32
20:29:49 ,32
20:29:50 ,32
20:29:51 ,32
20:29:52 ,32
20:29:53 ,32
20:29:54 ,32
20:29:55 ,32
20:29:56 ,32
20:29:57 ,32
20:29:57 ,32
20:29:58 ,32
20:29:59 ,32
20:30:00 ,32
20:30:01 ,32
20:30:02 ,32
20:30:03 ,32
20:30:04 ,32
20:30:05 ,32
20:30:06 ,32
20:30:07 ,32
20:30:08 ,32
20:30:09 ,32
20:30:10 ,32
20:30:10 ,32
20:30:11 ,32
20:30:12 ,32
20:30:13 ,32
20:30:14 ,32
20:30:15 ,32
20:30:16 ,32
20:30:17 ,32
20:30:18 ,32
20:30:19 ,32
20:30:20 ,32
20:30:20 ,32
20:30:21 ,32
20:30:22 ,32
20:30:23 ,32
20:30:24 ,32
20:30:25 ,32
20:30:26 ,32
20:30:27 ,32
20:30:28 ,32
20:30:29 ,32
20:30:30 ,32
20:30:31 ,32
20:30:32 ,32
20:30:32 ,32
20:30:33 ,32
20:30:34 ,32
20:30:35 ,32
20:30:36 ,32
20:30:37 ,32
20:30:38 ,32
20:30:39 ,32
20:30:40 ,32
20:30:41 ,32
20:30:42 ,32
20:30:43 ,32
20:30:44 ,32
20:30:44 ,32
20:30:45 ,32
20:30:46 ,32
20:30:47 ,32
20:30:48 ,32
20:30:49 ,32
20:30:50 ,32
20:30:51 ,32
20:30:52 ,32
20:30:53 ,32
20:30:54 ,32
20:30:55 ,32
20:30:55 ,32
20:30:56 ,32
20:30:57 ,32
20:30:58 ,32
20:30:59 ,32
20:31:00 ,32
20:31:01 ,32
20:31:02 ,32
20:31:03 ,32
20:31:04 ,32
20:31:05 ,32
20:31:06 ,32
20:31:07 ,32
20:31:07 ,32
20:31:08 ,32
20:31:09 ,32
20:31:10 ,32
20:31:11 ,32
20:31:12 ,32
20:31:13 ,32
20:31:14 ,32
20:31:15 ,32
20:31:16 ,32
20:31:17 ,32
20:31:18 ,32
20:31:19 ,32
20:31:19 ,32
20:31:20 ,32
20:31:21 ,32
20:31:22 ,32
20:31:23 ,32
20:31:24 ,32
20:31:25 ,32
20:31:26 ,32
20:31:27 ,32
20:31:28 ,32
20:31:29 ,32
20:31:30 ,32
20:31:30 ,32
20:31:31 ,32
20:31:32 ,32
20:31:33 ,32
20:31:34 ,32
20:31:35 ,32
20:31:36 ,32
20:31:37 ,32
20:31:38 ,32
20:31:39 ,32
20:31:40 ,32
20:31:41 ,32
20:31:42 ,32
20:31:42 ,32
20:31:43 ,32
20:31:44 ,32
20:31:45 ,32
20:31:46 ,32
20:31:47 ,32
20:31:48 ,32
20:31:49 ,32
20:31:50 ,32
20:31:51 ,32
20:31:52 ,32
20:31:53 ,32
20:31:54 ,32
20:31:54 ,32
20:31:55 ,32
20:31:56 ,32
20:31:57 ,32
20:31:58 ,32
20:31:59 ,32
20:32:00 ,32
20:32:01 ,32
20:32:02 ,32
20:32:03 ,32
20:32:04 ,32
20:32:05 ,32
20:32:05 ,32
20:32:06 ,32
20:32:07 ,32
20:32:08 ,32
20:32:09 ,32
20:32:10 ,32
20:32:11 ,32
20:32:12 ,-2
20:32:13 ,-64
20:32:14 ,-64
20:32:15 ,-64
20:32:16 ,-64
20:32:17 ,-65
20:32:17 ,-65
20:32:18 ,-65
20:32:19 ,-65
20:32:20 ,-65
20:32:21 ,-65
20:32:22 ,-65
20:32:23 ,-17
20:32:24 ,0
20:32:25 ,0
20:32:26 ,0
20:32:27 ,0
20:32:28 ,0
20:32:29 ,0
20:32:29 ,0
20:32:30 ,0
20:32:31 ,0
20:32:32 ,0
20:32:33 ,0
20:32:34 ,0
20:32:35 ,0
20:32:36 ,0
20:32:37 ,0
20:32:38 ,0
20:32:39 ,0
20:32:40 ,0
20:32:41 ,0
20:32:41 ,0
20:32:42 ,0
20:32:43 ,0
20:32:44 ,0
20:32:45 ,0
20:32:46 ,0
20:32:47 ,0
20:32:48 ,0
20:32:49 ,0
20:32:50 ,0
20:32:51 ,0
20:32:52 ,0
20:32:52 ,0
20:32:53 ,0
20:32:54 ,0
20:32:55 ,0
20:32:56 ,0
20:32:57 ,0
20:32:58 ,0
20:32:59 ,0
20:33:00 ,0
20:33:01 ,0
20:33:02 ,0
20:33:03 ,0
20:33:04 ,0
20:33:04 ,0
20:33:05 ,0
20:33:06 ,0
20:33:07 ,0
20:33:08 ,0
20:33:09 ,0
20:33:10 ,0
20:33:11 ,0
20:33:12 ,0
20:33:13 ,0
20:33:14 ,0
20:33:15 ,0
20:33:15 ,0
20:33:16 ,0
20:33:17 ,0
20:33:18 ,0
20:33:19 ,0
20:33:20 ,0
20:33:21 ,0
20:33:22 ,0
20:33:23 ,0
20:33:24 ,0
20:33:25 ,0
20:33:26 ,0
20:33:27 ,0
20:33:27 ,0
20:33:28 ,0
20:33:29 ,0
20:33:30 ,0
20:33:31 ,0
20:33:32 ,0
20:33:33 ,0
20:33:34 ,0
20:33:35 ,0
20:33:36 ,0
20:33:37 ,0
20:33:38 ,0
20:33:39 ,0
20:33:39 ,0
20:33:40 ,0
20:33:41 ,0
20:33:42 ,0
20:33:43 ,0
20:33:44 ,0
20:33:45 ,0
20:33:46 ,0
20:33:47 ,0
20:33:48 ,0
20:33:49 ,0
20:33:50 ,0
20:33:50 ,0
20:33:51 ,0
20:33:52 ,0
20:33:53 ,0
20:33:54 ,0
20:33:55 ,0
20:33:56 ,0
20:33:57 ,0
20:33:58 ,0
20:33:59 ,0
20:34:00 ,0
20:34:01 ,0
20:34:02 ,0
20:34:02 ,0
20:34:03 ,0
20:34:04 ,0
20:34:05 ,0
20:34:06 ,0
20:34:07 ,0
20:34:08 ,0
20:34:09 ,0
20:34:10 ,0
20:34:11 ,0
20:34:12 ,0
20:34:13 ,0
20:34:14 ,0
20:34:14 ,0
20:34:15 ,0
20:34:16 ,0
20:34:17 ,0
20:34:18 ,0
20:34:19 ,0
20:34:20 ,0
20:34:21 ,0
20:34:22 ,0
20:34:23 ,0
20:34:24 ,0
20:34:25 ,0
20:34:25 ,0
20:34:26 ,0
20:34:27 ,0
20:34:28 ,0
20:34:29 ,0
20:34:30 ,0
20:34:31 ,0
20:34:32 ,0
20:34:33 ,0
20:34:34 ,0
20:34:35 ,0
20:34:36 ,0
20:34:37 ,0
20:34:37 ,0
20:34:38 ,0
20:34:39 ,0
20:34:40 ,0
20:34:41 ,0
20:34:42 ,0
20:34:43 ,0
20:34:44 ,0
20:34:45 ,0
20:34:46 ,0
20:34:47 ,0
20:34:48 ,0
20:34:49 ,0
20:34:49 ,0
20:34:50 ,0
20:34:51 ,0
20:34:52 ,0
20:34:53 ,0
20:34:54 ,0
20:34:55 ,0
20:34:56 ,0
20:34:57 ,0
20:34:58 ,0
20:34:59 ,0
20:35:00 ,0
20:35:01 ,0
20:35:01 ,0
20:35:02 ,0
20:35:03 ,0
20:35:04 ,0
20:35:05 ,0
20:35:06 ,0
20:35:07 ,0
20:35:08 ,0
20:35:09 ,0
20:35:10 ,0
20:35:11 ,0
20:35:12 ,0
20:35:12 ,0
20:35:13 ,0
20:35:14 ,0
20:35:15 ,0
20:35:16 ,0
20:35:17 ,0
20:35:18 ,0
20:35:19 ,0
20:35:20 ,0
20:35:21 ,0
20:35:22 ,0
20:35:23 ,0
20:35:24 ,0
20:35:24 ,0
20:35:25 ,0
20:35:26 ,0
20:35:27 ,0
20:35:28 ,0
20:35:29 ,0
20:35:30 ,0
20:35:31 ,0
20:35:32 ,0
20:35:33 ,0
20:35:34 ,0
20:35:35 ,0
20:35:35 ,0
20:35:36 ,0
20:35:37 ,0
20:35:38 ,0
20:35:39 ,0
20:35:40 ,0
20:35:41 ,0
20:35:42 ,0
20:35:43 ,0
20:35:44 ,0
20:35:45 ,0
20:35:46 ,0
20:35:47 ,0
20:35:47 ,0
20:35:48 ,0
20:35:49 ,0
20:35:50 ,0
20:35:51 ,0
20:35:52 ,0
20:35:53 ,0
20:35:54 ,0
20:35:55 ,0
20:35:56 ,0
20:35:57 ,0
20:35:58 ,0
20:35:58 ,0
20:35:59 ,0
20:36:00 ,0
20:36:01 ,0
20:36:02 ,0
20:36:03 ,0
20:36:04 ,0
20:36:05 ,0
20:36:06 ,0
20:36:07 ,0
20:36:08 ,0
20:36:09 ,0
20:36:10 ,0
20:36:10 ,0
20:36:11 ,0
20:36:12 ,0
20:36:13 ,0
20:36:14 ,0
20:36:15 ,0
20:36:16 ,0
20:36:17 ,0
20:36:18 ,0
20:36:19 ,0
20:36:20 ,0
20:36:21 ,0
20:36:22 ,0
20:36:22 ,0
20:36:23 ,0
20:36:24 ,0
20:36:25 ,0
20:36:26 ,0
20:36:27 ,0
20:36:28 ,0
20:36:29 ,0
20:36:30 ,0
20:36:31 ,0
20:36:32 ,0
20:36:33 ,0
20:36:34 ,0
20:36:34 ,0
20:36:35 ,0
20:36:36 ,0
20:36:37 ,0
20:36:38 ,0
20:36:39 ,0
20:36:40 ,0
20:36:41 ,0
20:36:42 ,0
20:36:43 ,0
20:36:44 ,0
20:36:45 ,0
20:36:45 ,0
20:36:46 ,0
20:36:47 ,0
20:36:48 ,0
20:36:49 ,0
20:36:50 ,0
20:36:51 ,0
20:36:52 ,0
20:36:53 ,0
20:36:54 ,0
20:36:55 ,0
20:36:56 ,0
20:36:57 ,0
20:36:57 ,0
20:36:58 ,0
20:36:59 ,0
20:37:00 ,0
20:37:01 ,0
20:37:02 ,0
20:37:03 ,0
20:37:04 ,0
20:37:05 ,0
20:37:06 ,0
20:37:07 ,0
20:37:08 ,0
20:37:08 ,0
20:37:09 ,0
20:37:10 ,0
20:37:11 ,0
20:37:12 ,0
20:37:13 ,0
20:37:14 ,0
20:37:15 ,0
20:37:16 ,0
20:37:17 ,0
20:37:18 ,0
20:37:19 ,0
20:37:20 ,0
20:37:20 ,0
20:37:21 ,0
20:37:22 ,0
20:37:23 ,0
20:37:24 ,0
20:37:25 ,0
20:37:26 ,0
20:37:27 ,0
20:37:28 ,0
20:37:29 ,0
20:37:30 ,0
20:37:31 ,0
20:37:32 ,0
20:37:32 ,0
20:37:33 ,0
20:37:34 ,0
20:37:35 ,0
20:37:36 ,0
20:37:37 ,0
20:37:38 ,0
20:37:39 ,0
20:37:40 ,0
20:37:41 ,0
20:37:42 ,0
20:37:43 ,0
20:37:44 ,0
20:37:44 ,0
20:37:45 ,0
20:37:46 ,0
20:37:47 ,0
20:37:48 ,0
20:37:49 ,0
20:37:50 ,0
20:37:51 ,0
20:37:52 ,0
20:37:53 ,0
20:37:54 ,0
20:37:55 ,0
20:37:55 ,0
20:37:56 ,0
20:37:57 ,0
20:37:58 ,0
20:37:59 ,0
20:38:00 ,0
20:38:01 ,0
20:38:02 ,0
20:38:03 ,0
20:38:04 ,0
20:38:05 ,0
20:38:06 ,0
20:38:07 ,0
20:38:07 ,0
20:38:08 ,0
20:38:09 ,0
20:38:10 ,0
20:38:11 ,0
20:38:12 ,0
20:38:13 ,0
20:38:14 ,0
20:38:15 ,0
20:38:16 ,0
20:38:17 ,0
20:38:18 ,0
20:38:18 ,0
20:38:19 ,0
20:38:20 ,0
20:38:21 ,0
20:38:22 ,0
20:38:23 ,0
20:38:24 ,0
20:38:25 ,0
20:38:26 ,0
20:38:27 ,0
20:38:28 ,0
20:38:29 ,0
20:38:30 ,0
20:38:30 ,0
20:38:31 ,0
20:38:32 ,0
20:38:33 ,0
20:38:34 ,0
20:38:35 ,0
20:38:36 ,0
20:38:37 ,0
20:38:38 ,0
20:38:39 ,0
20:38:40 ,0
20:38:41 ,0
20:38:42 ,0
20:38:42 ,0
20:38:43 ,0
20:38:44 ,0
20:38:45 ,0
20:38:46 ,0
20:38:47 ,0
20:38:48 ,0
20:38:49 ,0
20:38:50 ,0
20:38:51 ,0
20:38:52 ,0
20:38:53 ,0
20:38:53 ,0
20:38:54 ,0
20:38:55 ,0
20:38:56 ,0
20:38:57 ,0
20:38:58 ,0
20:38:59 ,0
20:39:00 ,0
20:39:01 ,0
20:39:02 ,0
20:39:03 ,0
20:39:04 ,0
20:39:05 ,0
20:39:05 ,0
20:39:06 ,0
20:39:07 ,0
20:39:08 ,0
20:39:09 ,0
20:39:10 ,0
20:39:11 ,0
20:39:12 ,0
20:39:13 ,0
20:39:14 ,0
20:39:15 ,0
20:39:16 ,0
20:39:16 ,0
20:39:17 ,0
20:39:18 ,0
20:39:19 ,0
20:39:20 ,0
20:39:21 ,0
20:39:22 ,0
20:39:23 ,0
20:39:24 ,0
20:39:25 ,0
20:39:26 ,0
20:39:27 ,0
20:39:28 ,0
20:39:28 ,0
20:39:29 ,0
20:39:30 ,0
20:39:31 ,0
20:39:32 ,0
20:39:33 ,0
20:39:34 ,0
20:39:35 ,0
20:39:36 ,0
20:39:37 ,0
20:39:38 ,0
20:39:39 ,0
20:39:40 ,0
20:39:40 ,0
20:39:41 ,0
20:39:42 ,0
20:39:43 ,0
20:39:44 ,0
20:39:45 ,0
20:39:46 ,0
20:39:47 ,0
20:39:48 ,0
20:39:49 ,0
20:39:50 ,0
20:39:51 ,0
20:39:51 ,0
20:39:52 ,0
20:39:53 ,0
20:39:54 ,0
20:39:55 ,0
20:39:56 ,0
20:39:57 ,0
20:39:58 ,0
20:39:59 ,0
20:40:00 ,0
20:40:01 ,0
20:40:02 ,0
20:40:03 ,0
20:40:03 ,0
20:40:04 ,0
20:40:05 ,0
20:40:06 ,0
20:40:07 ,0
20:40:08 ,0
20:40:09 ,0
20:40:10 ,0
20:40:11 ,0
20:40:12 ,0
20:40:13 ,0
20:40:14 ,0
20:40:15 ,0
20:40:15 ,0
20:40:16 ,0
20:40:17 ,0
20:40:18 ,0
20:40:19 ,0
20:40:20 ,0
20:40:21 ,0
20:40:22 ,0
20:40:23 ,0
20:40:24 ,0
20:40:25 ,0
20:40:26 ,0
20:40:27 ,0
20:40:27 ,0
20:40:28 ,0
20:40:29 ,0
20:40:30 ,0
20:40:31 ,0
20:40:32 ,0
20:40:33 ,0
20:40:34 ,0
20:40:35 ,0
20:40:36 ,0
20:40:37 ,0
20:40:38 ,0
20:40:38 ,0
20:40:39 ,0
20:40:40 ,0
20:40:41 ,0
20:40:42 ,0
20:40:43 ,0
20:40:44 ,0
20:40:45 ,0
20:40:46 ,0
20:40:47 ,0
20:40:48 ,0
20:40:49 ,0
20:40:50 ,0
20:40:51 ,0
20:40:51 ,0
20:40:52 ,0
20:40:53 ,0
20:40:54 ,0
20:40:55 ,0
20:40:56 ,0
20:40:57 ,0
20:40:58 ,0
20:40:59 ,0
20:41:00 ,0
20:41:01 ,0
20:41:01 ,0
20:41:02 ,0
20:41:03 ,0
20:41:04 ,0
20:41:05 ,0
20:41:06 ,0
20:41:07 ,0
20:41:08 ,0
20:41:09 ,0
20:41:10 ,0
20:41:11 ,0
20:41:12 ,0
20:41:13 ,0
20:41:14 ,0
20:41:14 ,0
20:41:15 ,0
20:41:16 ,0
20:41:17 ,0
20:41:18 ,0
20:41:19 ,0
20:41:20 ,0
20:41:21 ,0
20:41:22 ,0
20:41:23 ,0
20:41:24 ,0
20:41:24 Disconnected