20:49:37,0
20:49:38,0
20:49:39,0
20:49:40,0
20:49:41,0
20:49:42,0
20:49:43,0
20:49:43,0
20:49:44,0
20:49:45,0
20:49:46,0
20:49:47,0
20:49:48,0
20:49:49,0
20:49:50,0
20:49:51,0
20:49:51,0
20:49:52,0
20:49:53,0
20:49:54,0
20:49:55,0
20:49:56,0
20:49:57,0
20:49:58,0
20:49:59,0
20:49:59,0
20:50:00,0
20:50:01,0
20:50:02,0
20:50:03,0
20:50:04,0
20:50:05,0
20:50:06,0
20:50:07,0
20:50:07,0
20:50:08,0
20:50:09,0
20:50:10,0
20:50:11,0
20:50:12,0
20:50:13,0
20:50:14,0
20:50:15,0
20:50:16,0
20:50:16,0
20:50:17,0
20:50:18,0
20:50:19,0
20:50:20,0
20:50:21,0
20:50:22,0
20:50:23,0
20:50:23,0
20:50:24,0
20:50:25,1
20:50:26,0
20:50:27,0
20:50:28,0
20:50:29,0
20:50:30,0
20:50:31,0
20:50:32,0
20:50:32,0
20:50:33,0
20:50:34,-7
20:50:35,-60
20:50:36,-60
20:50:37,-60
20:50:38,-60
20:50:39,-60
20:50:40,-60
20:50:40,-60
20:50:41,-60
20:50:42,-60
20:50:43,-57
20:50:44,38
20:50:45,47
20:50:46,47
20:50:47,47
20:50:48,47
20:50:48,47
20:50:50,47
20:50:50,47
20:50:51,47
20:50:53,47
20:50:53,47
20:50:54,47
20:50:55,47
20:50:56,47
20:50:57,47
20:50:58,47
20:50:59,47
20:50:59,47
20:51:01,47
20:51:01,47
20:51:02,47
20:51:03,47
20:51:04,47
20:51:05,47
20:51:06,47
20:51:07,47
20:51:07,47
20:51:09,47
20:51:09,47
20:51:10,47
20:51:12,47
20:51:12,47
20:51:13,47
20:51:14,47
20:51:15,47
20:51:16,47
20:51:17,47
20:51:18,47
20:51:18,47
20:51:20,47
20:51:20,47
20:51:21,47
20:51:22,47
20:51:23,47
20:51:24,47
20:51:25,47
20:51:26,47
20:51:26,47
20:51:28,47
20:51:28,47
20:51:29,47
20:51:30,47
20:51:31,47
20:51:32,47
20:51:33,47
20:51:34,47
20:51:34,47
20:51:36,47
20:51:36,47
20:51:37,47
20:51:38,47
20:51:39,47
20:51:40,47
20:51:41,47
20:51:42,47
20:51:43,47
20:51:43,47
20:51:44,47
20:51:45,47
20:51:46,47
20:51:47,47
20:51:48,47
20:51:49,47
20:51:50,47
20:51:51,47
20:51:52,47
20:51:52,47
20:51:53,47
20:51:54,47
20:51:55,47
20:51:56,47
20:51:57,47
20:51:58,47
20:51:58,47
20:52:00,47
20:52:00,47
20:52:01,47
20:52:02,47
20:52:03,47
20:52:04,47
20:52:05,-24
20:52:06,-60
20:52:07,-60
20:52:07,-60
20:52:08,-60
20:52:09,-60
20:52:10,-60
20:52:11,-47
20:52:12,7
20:52:13,0
20:52:14,0
20:52:15,0
20:52:15,0
20:52:16,0
20:52:17,0
20:52:18,0
20:52:19,0
20:52:20,0
20:52:21,0
20:52:22,0
20:52:23,0
20:52:23,0
20:52:24,0
20:52:25,0
20:52:26,0
20:52:27,0
20:52:28,0
20:52:29,0
20:52:30,0
20:52:31,0
20:52:32,0
20:52:32,0
20:52:33,0
20:52:35,0
20:52:35,0
20:52:36,0
20:52:37,0
20:52:38,0
20:52:39,0
20:52:40,0
20:52:41,0
20:52:41,0
20:52:43,0
20:52:43,0
20:52:44,0
20:52:45,0
20:52:46,0
20:52:47,0
20:52:48,0
20:52:49,0
20:52:49,0
20:52:50,0
20:52:51,0
20:52:52,0
20:52:53,0
20:52:54,0
20:52:55,0
20:52:56,0
20:52:57,0
20:52:57,0
20:52:58,0
20:52:59,0
20:53:00,0
20:53:01,0
20:53:02,0
20:53:03,0
20:53:04,0
20:53:05,0
20:53:05,0
20:53:06,0
20:53:07,0
20:53:08,0
20:53:09,0
20:53:10,0
20:53:11,0
20:53:12,1
20:53:13,8
20:53:14,20
20:53:14,32
20:53:15,39
20:53:16,39
20:53:17,39
20:53:18,39
20:53:19,39
20:53:20,39
20:53:21,39
20:53:21,39
20:53:23,39
20:53:23,39
20:53:24,39
20:53:25,39
20:53:26,39
20:53:27,39
20:53:28,39
20:53:29,39
20:53:29,39
20:53:30,39
20:53:31,39
20:53:32,39
20:53:33,39
20:53:34,39
20:53:35,39
20:53:36,39
20:53:37,39
20:53:37,39
20:53:38,39
20:53:39,39
20:53:40,39
20:53:41,39
20:53:42,39
20:53:43,39
20:53:44,39
20:53:45,39
20:53:46,39
20:53:46,39
20:53:47,39
20:53:48,39
20:53:49,39
20:53:50,39
20:53:51,39
20:53:52,39
20:53:53,39
20:53:54,39
20:53:54,40
20:53:55,-42
20:53:56,-60
20:53:57,-60
20:53:58,-60
20:53:59,-60
20:54:00,-60
20:54:01,-60
20:54:01,-60
20:54:02,-60
20:54:03,-59
20:54:04,-7
20:54:05,0
20:54:06,-13
20:54:07,-60
20:54:08,-60
20:54:09,-60
20:54:09,-60
20:54:11,-60
20:54:11,-60
20:54:12,-60
20:54:13,-60
20:54:14,-60
20:54:15,-60
20:54:16,-14
20:54:17,5
20:54:17,9
20:54:19,27
20:54:19,43
20:54:20,43
20:54:21,43
20:54:22,43
20:54:23,43
20:54:24,43
20:54:25,43
20:54:25,43
20:54:27,43
20:54:27,43
20:54:28,43
20:54:29,43
20:54:30,43
20:54:31,43
20:54:32,43
20:54:33,43
20:54:34,43
20:54:34,43
20:54:35,43
20:54:36,43
20:54:37,43
20:54:38,43
20:54:39,43
20:54:40,43
20:54:41,43
20:54:42,43
20:54:42,43
20:54:43,43
20:54:44,43
20:54:45,43
20:54:46,43
20:54:47,43
20:54:48,43
20:54:49,43
20:54:50,43
20:54:51,43
20:54:51,43
20:54:52,43
20:54:53,43
20:54:54,43
20:54:55,43
20:54:56,43
20:54:57,43
20:54:58,43
20:54:58,43
20:54:59,43
20:55:00,43
20:55:01,43
20:55:02,43
20:55:03,43
20:55:04,43
20:55:05,43
20:55:06,43
20:55:06,43
20:55:07,43
20:55:08,43
20:55:09,43
20:55:10,43
20:55:11,43
20:55:12,43
20:55:13,43
20:55:14,43
20:55:14,43
20:55:15,43
20:55:16,43
20:55:17,43
20:55:18,43
20:55:19,43
20:55:20,43
20:55:21,43
20:55:22,43
20:55:23,43
20:55:24,43
20:55:24,43
20:55:25,43
20:55:26,43
20:55:27,43
20:55:28,43
20:55:29,43
20:55:30,43
20:55:31,43
20:55:32,43
20:55:32,43
20:55:33,43
20:55:34,43
20:55:35,43
20:55:36,43
20:55:37,43
20:55:38,43
20:55:39,43
20:55:40,43
20:55:40,43
20:55:41,43
20:55:42,43
20:55:43,43
20:55:44,43
20:55:45,43
20:55:46,43
20:55:47,43
20:55:48,43
20:55:48,43
20:55:49,43
20:55:50,43
20:55:51,43
20:55:52,43
20:55:53,43
20:55:54,43
20:55:55,43
20:55:55,43
20:55:56,43
20:55:57,43
20:55:58,43
20:55:59,43
20:56:00,43
20:56:01,43
20:56:01,43
20:56:03,43
20:56:03,43
20:56:04,43
20:56:05,43
20:56:06,43
20:56:07,43
20:56:08,43
20:56:09,43
20:56:10,43
20:56:11,43
20:56:11,43
20:56:12,43
20:56:13,43
20:56:14,43
20:56:15,43
20:56:16,43
20:56:17,43
20:56:17,43
20:56:19,43
20:56:19,43
20:56:20,-56
20:56:22,-60
20:56:22,-60
20:56:23,-60
20:56:24,-60
20:56:25,-60
20:56:26,-60
20:56:27,-60
20:56:28,-60
20:56:28,-19
20:56:30,0
20:56:30,0
20:56:31,0
20:56:32,0
20:56:33,0
20:56:34,0
20:56:35,0
20:56:36,0
20:56:36,0
20:56:37,0
20:56:38,0
20:56:39,0
20:56:40,0
20:56:41,0
20:56:42,0
20:56:43,0
20:56:44,0
20:56:45,0
20:56:45,0
20:56:46,0
20:56:47,0
20:56:48,0
20:56:49,0
20:56:50,0
20:56:51,0
20:56:52,0
20:56:52,0
20:56:54,0
20:56:54,0
20:56:55,0
20:56:56,0
20:56:57,0
20:56:58,0
20:56:59,0
20:57:00,3
20:57:01,12
20:57:02,24
20:57:02,34
20:57:03,37
20:57:04,37
20:57:05,37
20:57:06,36
20:57:07,37
20:57:08,37
20:57:08,37
20:57:10,37
20:57:10,37
20:57:11,36
20:57:12,37
20:57:13,37
20:57:14,37
20:57:15,37
20:57:16,37
20:57:17,37
20:57:18,37
20:57:18,37
20:57:19,37
20:57:20,37
20:57:21,37
20:57:22,37
20:57:23,37
20:57:23,37
20:57:24,36
20:57:26,37
20:57:26,37
20:57:27,37
20:57:28,37
20:57:29,37
20:57:30,37
20:57:31,37
20:57:32,37
20:57:32,37
20:57:34,37
20:57:34,37
20:57:35,37
20:57:36,37
20:57:37,37
20:57:38,37
20:57:39,37
20:57:40,36
20:57:40,37
20:57:42,37
20:57:42,37
20:57:43,37
20:57:44,37
20:57:45,37
20:57:46,37
20:57:47,35
20:57:48,-52
20:57:48,-60
20:57:50,-60
20:57:50,-60
20:57:51,-60
20:57:52,-60
20:57:53,-60
20:57:54,-60
20:57:55,-60
20:57:56,-60
20:57:56,-60
20:57:58,-60
20:57:58,-22
20:57:59,0
20:58:00,0
20:58:01,0
20:58:02,0
20:58:03,0
20:58:04,0
20:58:04,0
20:58:05,0
20:58:06,0
20:58:07,0
20:58:08,0
20:58:09,0
20:58:10,0
20:58:11,0
20:58:12,0
20:58:12,0
20:58:14,0
20:58:14,0
20:58:15,0
20:58:16,0
20:58:17,0
20:58:18,0
20:58:19,0
20:58:20,0
20:58:21,0
20:58:22,0
20:58:22,0
20:58:23,0
20:58:24,0
20:58:25,0
20:58:26,0
20:58:27,0
20:58:28,0
20:58:28,0
20:58:30,0
20:58:30,0
20:58:31,0
20:58:32,0
20:58:33,0
20:58:34,0
20:58:35,0
20:58:36,0
20:58:36,0
20:58:38,0
20:58:38,0
20:58:39,0
20:58:40,0
20:58:41,0
20:58:42,0
20:58:43,0
20:58:44,0
20:58:45,0
20:58:46,0
20:58:46,0
20:58:47,0
20:58:48,0
20:58:49,5
20:58:50,12
20:58:51,20
20:58:52,29
20:58:52,36
20:58:54,39
20:58:54,44
20:58:55,44
20:58:56,44
20:58:57,44
20:58:58,44
20:58:59,44
20:59:00,44
20:59:00,44
20:59:02,44
20:59:02,44
20:59:03,44
20:59:04,44
20:59:05,44
20:59:06,44
20:59:07,44
20:59:08,44
20:59:09,44
20:59:10,44
20:59:10,44
20:59:11,44
20:59:12,44
20:59:13,44
20:59:14,44
20:59:15,44
20:59:16,44
20:59:16,44
20:59:18,44
20:59:18,44
20:59:19,44
20:59:20,44
20:59:21,44
20:59:22,44
20:59:23,44
20:59:24,44
20:59:24,44
20:59:26,44
20:59:26,44
20:59:27,44
20:59:28,44
20:59:29,44
20:59:30,44
20:59:31,44
20:59:32,44
20:59:32,44
20:59:33,44
20:59:34,44
20:59:35,44
20:59:36,44
20:59:37,44
20:59:38,44
20:59:39,44
20:59:40,44
20:59:40,44
20:59:42,44
20:59:42,44
20:59:43,44
20:59:44,44
20:59:45,44
20:59:46,44
20:59:47,44
20:59:48,44
20:59:49,44
20:59:49,44
20:59:50,44
20:59:51,44
20:59:52,44
20:59:53,44
20:59:54,44
20:59:55,44
20:59:56,44
20:59:57,44
20:59:57,44
20:59:59,44
20:59:59,44
21:00:00,44
21:00:01,44
21:00:02,44
21:00:03,44
21:00:04,44
21:00:05,44
21:00:06,44
21:00:07,44
21:00:07,44
21:00:08,44
21:00:09,44
21:00:10,44
21:00:11,44
21:00:12,44
21:00:13,44
21:00:14,44
21:00:15,44
21:00:15,44
21:00:16,44
21:00:17,44
21:00:18,44
21:00:19,44
21:00:20,44
21:00:21,44
21:00:22,44
21:00:23,44
21:00:23,44
21:00:24,44
21:00:25,44
21:00:26,44
21:00:27,44
21:00:28,44
21:00:29,44
21:00:30,44
21:00:31,44
21:00:31,44
21:00:32,44
21:00:33,44
21:00:34,44
21:00:35,44
21:00:36,44
21:00:37,44
21:00:38,44
21:00:39,44
21:00:39,44
21:00:40,44
21:00:41,44
21:00:42,44
21:00:43,44
21:00:44,45
21:00:45,-29
21:00:46,-60
21:00:47,-60
21:00:47,-60
21:00:49,-60
21:00:49,-60
21:00:50,-60
21:00:51,-60
21:00:52,-60
21:00:53,-60
21:00:54,-60
21:00:55,-60
21:00:55,-60
21:00:56,-60
21:00:57,-60
21:00:58,-60
21:00:59,-60
21:01:00,-60
21:01:01,-60
21:01:02,-60
21:01:03,-60
21:01:03,-59
21:01:04,-13
21:01:05,0
21:01:06,0
21:01:07,0
21:01:08,0
21:01:09,0
21:01:10,0
21:01:11,0
21:01:11,0
21:01:12,0
21:01:13,0
21:01:14,0
21:01:15,0
21:01:16,0
21:01:17,0
21:01:18,0
21:01:18,0
21:01:19,0
21:01:20,0
21:01:21,0
21:01:22,0
21:01:23,0
21:01:24,0
21:01:25,0
21:01:26,0
21:01:26,3
21:01:27,20
21:01:29,32
21:01:29,37
21:01:30,38
21:01:31,38
21:01:32,38
21:01:33,38
21:01:34,38
21:01:35,38
21:01:36,38
21:01:37,38
21:01:37,38
21:01:38,38
21:01:39,38
21:01:40,38
21:01:41,38
21:01:42,38
21:01:43,38
21:01:43,38
21:01:45,38
21:01:45,38
21:01:46,38
21:01:47,38
21:01:48,38
21:01:49,38
21:01:50,38
21:01:51,38
21:01:51,38
21:01:52,38
21:01:53,38
21:01:54,38
21:01:55,38
21:01:56,38
21:01:57,38
21:01:58,38
21:01:59,38
21:01:59,38
21:02:01,38
21:02:01,38
21:02:02,38
21:02:03,38
21:02:04,38
21:02:05,38
21:02:06,38
21:02:07,38
21:02:07,38
21:02:09,38
21:02:09,38
21:02:10,38
21:02:11,38
21:02:12,38
21:02:13,38
21:02:14,38
21:02:15,38
21:02:15,38
21:02:16,38
21:02:17,38
21:02:18,38
21:02:19,38
21:02:20,38
21:02:21,38
21:02:22,38
21:02:23,38
21:02:24,38
21:02:25,38
21:02:25,38
21:02:26,38
21:02:27,38
21:02:28,38
21:02:29,38
21:02:30,38
21:02:31,38
21:02:32,38
21:02:32,38
21:02:33,38
21:02:34,38
21:02:35,38
21:02:36,38
21:02:37,38
21:02:38,38
21:02:39,38
21:02:39,38
21:02:41,38
21:02:41,38
21:02:42,38
21:02:43,38
21:02:44,38
21:02:45,38
21:02:46,38
21:02:47,38
21:02:47,38
21:02:48,38
21:02:49,38
21:02:50,38
21:02:51,38
21:02:52,38
21:02:53,38
21:02:54,38
21:02:55,38
21:02:55,38
21:02:56,38
21:02:58,38
21:02:58,38
21:02:59,38
21:03:00,38
21:03:01,38
21:03:02,38
21:03:03,38
21:03:04,38
21:03:05,38
21:03:05,38
21:03:06,38
21:03:07,38
21:03:08,38
21:03:09,38
21:03:10,38
21:03:11,38
21:03:11,38
21:03:13,38
21:03:13,38
21:03:14,38
21:03:15,38
21:03:16,38
21:03:17,38
21:03:18,38
21:03:19,38
21:03:19,38
21:03:21,38
21:03:21,38
21:03:22,38
21:03:23,38
21:03:24,38
21:03:25,38
21:03:26,38
21:03:27,38
21:03:27,38
21:03:28,38
21:03:29,38
21:03:30,38
21:03:31,38
21:03:32,38
21:03:33,38
21:03:34,38
21:03:34,38
21:03:35,38
21:03:36,38
21:03:38,38
21:03:38,38
21:03:39,38
21:03:40,38
21:03:41,38
21:03:42,38
21:03:43,38
21:03:44,38
21:03:44,38
21:03:45,38
21:03:46,38
21:03:47,38
21:03:48,38
21:03:49,38
21:03:50,38
21:03:51,38
21:03:51,38
21:03:53,38
21:03:53,38
21:03:54,38
21:03:55,38
21:03:56,38
21:03:57,38
21:03:58,38
21:03:59,38
21:03:59,38
21:04:01,38
21:04:01,38
21:04:02,38
21:04:03,38
21:04:04,38
21:04:05,38
21:04:06,38
21:04:07,38
21:04:07,38
21:04:08,38
21:04:10,38
21:04:10,38
21:04:11,38
21:04:12,38
21:04:13,38
21:04:14,38
21:04:15,38
21:04:16,38
21:04:17,38
21:04:17,38
21:04:18,38
21:04:19,38
21:04:20,38
21:04:21,38
21:04:22,38
21:04:23,38
21:04:24,38
21:04:24,38
21:04:25,38
21:04:26,38
21:04:27,38
21:04:28,38
21:04:29,38
21:04:30,38
21:04:31,38
21:04:32,38
21:04:32,38
21:04:33,38
21:04:34,38
21:04:35,38
21:04:36,38
21:04:37,38
21:04:38,38
21:04:39,38
21:04:40,38
21:04:41,38
21:04:41,38
21:04:42,38
21:04:43,38
21:04:44,38
21:04:45,38
21:04:46,38
21:04:47,38
21:04:47,38
21:04:49,38
21:04:49,38
21:04:50,38
21:04:51,38
21:04:52,38
21:04:53,38
21:04:54,38
21:04:55,38
21:04:55,38
21:04:57,38
21:04:57,38
21:04:58,38
21:04:59,38
21:05:00,38
21:05:01,38
21:05:02,38
21:05:03,38
21:05:03,38
21:05:05,38
21:05:05,38
21:05:06,38
21:05:07,38
21:05:08,38
21:05:09,38
21:05:10,38
21:05:11,38
21:05:12,38
21:05:13,38
21:05:13,38
21:05:14,38
21:05:15,38
21:05:16,38
21:05:17,38
21:05:18,38
21:05:19,38
21:05:19,38
21:05:21,38
21:05:21,38
21:05:22,38
21:05:23,38
21:05:24,38
21:05:25,38
21:05:26,38
21:05:27,38
21:05:27,38
21:05:28,38
21:05:30,38
21:05:30,38
21:05:31,38
21:05:32,38
21:05:33,38
21:05:34,38
21:05:35,38
21:05:36,38
21:05:37,38
21:05:38,38
21:05:38,38
21:05:39,38
21:05:40,38
21:05:41,38
21:05:42,38
21:05:43,38
21:05:44,38
21:05:45,38
21:05:45,38
21:05:46,38
21:05:47,38
21:05:48,38
21:05:49,38
21:05:50,38
21:05:51,38
21:05:52,38
21:05:53,38
21:05:54,38
21:05:54,38
21:05:55,38
21:05:56,38
21:05:57,38
21:05:58,38
21:05:59,38
21:06:00,38
21:06:01,38
21:06:02,38
21:06:02,38
21:06:03,38
21:06:04,38
21:06:05,38
21:06:06,38
21:06:07,38
21:06:07,38
21:06:09,38
21:06:09,38
21:06:10,38
21:06:11,38
21:06:12,38
21:06:13,38
21:06:14,38
21:06:15,38
21:06:15,38
21:06:17,38
21:06:17,38
21:06:18,38
21:06:19,38
21:06:20,38
21:06:21,38
21:06:22,38
21:06:23,38
21:06:23,38
21:06:25,38
21:06:25,38
21:06:26,38
21:06:27,38
21:06:28,38
21:06:29,38
21:06:30,38
21:06:31,38
21:06:32,38
21:06:32,38
21:06:33,38
21:06:34,38
21:06:35,38
21:06:36,38
21:06:37,38
21:06:38,38
21:06:39,38
21:06:39,38
21:06:41,38
21:06:41,38
21:06:42,38
21:06:44,38
21:06:44,38
21:06:45,38
21:06:46,38
21:06:47,41
21:06:48,-10
21:06:49,-60
21:06:50,-60
21:06:50,-60
21:06:52,-60
21:06:52,-60
21:06:53,-60
21:06:54,-60
21:06:55,-60
21:06:56,-60
21:06:57,-40
21:06:58,0
21:06:58,0
21:07:00,0
21:07:00,0
21:07:01,0
21:07:02,0
21:07:03,0
21:07:04,0
21:07:05,0
21:07:06,0
21:07:06,0
21:07:08,0
21:07:08,0
21:07:09,0
21:07:10,0
21:07:11,0
21:07:12,0
21:07:13,0
21:07:14,0
21:07:14,0
21:07:15,0
21:07:16,0
21:07:17,0
21:07:18,0
21:07:19,0
21:07:20,0
21:07:21,0
21:07:21,5
21:07:22,15
21:07:23,24
21:07:24,36
21:07:25,40
21:07:26,40
21:07:27,40
21:07:28,40
21:07:29,40
21:07:29,40
21:07:30,40
21:07:32,40
21:07:32,40
21:07:33,40
21:07:34,40
21:07:35,40
21:07:36,40
21:07:37,40
21:07:38,40
21:07:38,40
21:07:40,40
21:07:40,40
21:07:41,40
21:07:42,40
21:07:43,40
21:07:44,40
21:07:45,40
21:07:46,40
21:07:46,40
21:07:48,40
21:07:48,40
21:07:49,40
21:07:50,40
21:07:51,40
21:07:52,40
21:07:53,40
21:07:54,40
21:07:54,40
21:07:56,40
21:07:56,40
21:07:57,40
21:07:58,40
21:07:59,40
21:08:00,40
21:08:01,40
21:08:02,40
21:08:02,40
21:08:04,40
21:08:04,40
21:08:05,40
21:08:06,40
21:08:07,40
21:08:08,40
21:08:09,40
21:08:10,40
21:08:10,40
21:08:11,40
21:08:12,40
21:08:13,40
21:08:14,40
21:08:15,40
21:08:16,40
21:08:17,40
21:08:18,40
21:08:18,40
21:08:19,40
21:08:20,40
21:08:21,40
21:08:22,40
21:08:23,40
21:08:24,40
21:08:25,40
21:08:26,40
21:08:26,40
21:08:27,40
21:08:28,40
21:08:29,40
21:08:30,40
21:08:31,40
21:08:32,40
21:08:33,40
21:08:34,40
21:08:34,40
21:08:36,40
21:08:36,40
21:08:37,40
21:08:38,40
21:08:39,40
21:08:40,40
21:08:41,40
21:08:42,40
21:08:42,40
21:08:44,40
21:08:44,40
21:08:45,40
21:08:46,40
21:08:47,40
21:08:48,40
21:08:49,40
21:08:50,40
21:08:50,40
21:08:52,40
21:08:52,40
21:08:53,40
21:08:54,40
21:08:55,40
21:08:56,40
21:08:57,40
21:08:58,40
21:08:58,40
21:09:00,40
21:09:00,40
21:09:01,40
21:09:02,40
21:09:03,40
21:09:04,40
21:09:05,40
21:09:06,40
21:09:07,40
21:09:08,40
21:09:08,40
21:09:09,40
21:09:10,40
21:09:11,40
21:09:12,40
21:09:13,40
21:09:14,40
21:09:15,40
21:09:15,40
21:09:16,40
21:09:17,40
21:09:18,40
21:09:19,40
21:09:20,40
21:09:21,40
21:09:22,40
21:09:22,40
21:09:24,40
21:09:24,40
21:09:25,40
21:09:26,40
21:09:27,40
21:09:28,40
21:09:29,40
21:09:30,40
21:09:30,40
21:09:32,40
21:09:32,40
21:09:33,40
21:09:34,40
21:09:35,40
21:09:36,40
21:09:37,40
21:09:38,40
21:09:38,40
21:09:40,40
21:09:40,40
21:09:41,40
21:09:42,40
21:09:43,40
21:09:44,40
21:09:45,40
21:09:46,40
21:09:46,40
21:09:47,40
21:09:49,40
21:09:49,40
21:09:50,40
21:09:51,40
21:09:52,40
21:09:53,40
21:09:54,40
21:09:54,40
21:09:56,40
21:09:56,40
21:09:57,40
21:09:58,40
21:09:59,40
21:10:00,40
21:10:01,40
21:10:02,40
21:10:02,40
21:10:03,40
21:10:04,40
21:10:05,41
21:10:06,-48
21:10:07,-60
21:10:08,-59
21:10:09,-60
21:10:10,-60
21:10:10,-60
21:10:12,-60
21:10:12,-60
21:10:13,-60
21:10:14,-57
21:10:15,0
21:10:16,0
21:10:17,0
21:10:18,0
21:10:18,0
21:10:20,0
21:10:20,0
21:10:21,0
21:10:22,0
21:10:23,0
21:10:24,0
21:10:25,0
21:10:26,0
21:10:26,0
21:10:27,0
21:10:28,0
21:10:29,0
21:10:30,0
21:10:31,0
21:10:32,0
21:10:33,0
21:10:34,0
21:10:34,0
21:10:35,0
21:10:36,0
21:10:37,0
21:10:38,0
21:10:39,0
21:10:40,0
21:10:41,0
21:10:41,0
21:10:42,0
21:10:43,0
21:10:44,0
21:10:45,0
21:10:46,0
21:10:47,2
21:10:48,18
21:10:49,27
21:10:49,34
21:10:50,35
21:10:52,35
21:10:52,35
21:10:53,35
21:10:54,35
21:10:55,35
21:10:56,35
21:10:57,35
21:10:58,35
21:10:58,35
21:11:00,35
21:11:00,35
21:11:01,35
21:11:02,35
21:11:03,35
21:11:04,35
21:11:05,35
21:11:06,35
21:11:06,35
21:11:08,35
21:11:08,35
21:11:09,35
21:11:10,35
21:11:11,35
21:11:12,35
21:11:13,35
21:11:14,35
21:11:14,35
21:11:16,35
21:11:16,35
21:11:17,35
21:11:18,35
21:11:19,35
21:11:20,35
21:11:21,35
21:11:22,35
21:11:22,35
21:11:23,35
21:11:24,35
21:11:25,35
21:11:26,35
21:11:27,35
21:11:28,35
21:11:29,35
21:11:29,35
21:11:30,35
21:11:31,35
21:11:32,35
21:11:33,35
21:11:34,35
21:11:35,35
21:11:36,35
21:11:37,35
21:11:37,35
21:11:38,35
21:11:39,35
21:11:40,35
21:11:41,35
21:11:42,35
21:11:43,35
21:11:44,35
21:11:45,35
21:11:46,35
21:11:46,35
21:11:47,35
21:11:48,35
21:11:49,35
21:11:50,35
21:11:51,35
21:11:52,35
21:11:53,35
21:11:54,35
21:11:54,35
21:11:55,35
21:11:56,35
21:11:57,35
21:11:58,35
21:11:59,35
21:12:00,35
21:12:01,35
21:12:02,35
21:12:02,35
21:12:04,35
21:12:04,35
21:12:05,35
21:12:06,35
21:12:07,35
21:12:08,35
21:12:09,35
21:12:10,35
21:12:10,35
21:12:12,35
21:12:12,35
21:12:13,35
21:12:14,35
21:12:15,35
21:12:16,35
21:12:17,35
21:12:18,35
21:12:18,35
21:12:20,35
21:12:20,35
21:12:21,35
21:12:22,35
21:12:23,35
21:12:24,35
21:12:25,35
21:12:26,35
21:12:26,35
21:12:27,35
21:12:28,35
21:12:29,35
21:12:30,35
21:12:31,35
21:12:32,35
21:12:33,35
21:12:34,35
21:12:34,35
21:12:36,35
21:12:36,35
21:12:37,35
21:12:38,35
21:12:39,35
21:12:40,35
21:12:41,35
21:12:42,35
21:12:42,35
21:12:43,35
21:12:44,35
21:12:45,35
21:12:46,35
21:12:47,35
21:12:48,35
21:12:49,35
21:12:50,35
21:12:50,35
21:12:52,35
21:12:52,35
21:12:53,35
21:12:54,35
21:12:55,35
21:12:56,35
21:12:57,35
21:12:58,35
21:12:58,35
21:13:00,35
21:13:00,35
21:13:01,35
21:13:02,35
21:13:03,35
21:13:04,35
21:13:05,35
21:13:06,35
21:13:06,35
21:13:08,35
21:13:08,35
21:13:09,35
21:13:10,35
21:13:11,35
21:13:12,35
21:13:13,35
21:13:14,35
21:13:14,35
21:13:15,35
21:13:16,35
21:13:17,35
21:13:18,35
21:13:19,35
21:13:20,35
21:13:21,35
21:13:22,35
21:13:22,35
21:13:24,35
21:13:24,35
21:13:25,35
21:13:26,35
21:13:27,35
21:13:28,35
21:13:29,35
21:13:30,35
21:13:31,35
21:13:31,35
21:13:32,35
21:13:33,35
21:13:34,35
21:13:35,35
21:13:36,35
21:13:37,35
21:13:38,35
21:13:38,35
21:13:39,35
21:13:41,35
21:13:41,35
21:13:42,35
21:13:43,35
21:13:44,35
21:13:45,35
21:13:46,35
21:13:47,35
21:13:48,35
21:13:48,35
21:13:49,35
21:13:50,35
21:13:51,35
21:13:52,35
21:13:53,35
21:13:54,35
21:13:54,35
21:13:56,35
21:13:56,35
21:13:57,35
21:13:58,35
21:13:59,35
21:14:00,35
21:14:01,35
21:14:02,35
21:14:02,35
21:14:04,35
21:14:04,35
21:14:05,35
21:14:06,35
21:14:07,35
21:14:08,35
21:14:09,35
21:14:10,35
21:14:10,35
21:14:12,35
21:14:12,35
21:14:13,35
21:14:14,35
21:14:15,35
21:14:16,35
21:14:17,35
21:14:18,35
21:14:18,35
21:14:20,35
21:14:20,35
21:14:21,35
21:14:22,35
21:14:23,35
21:14:24,35
21:14:25,35
21:14:26,35
21:14:26,35
21:14:27,35
21:14:28,35
21:14:29,35
21:14:30,35
21:14:31,35
21:14:32,35
21:14:33,35
21:14:34,35
21:14:34,35
21:14:36,35
21:14:36,35
21:14:37,35
21:14:38,35
21:14:39,35
21:14:40,35
21:14:41,35
21:14:42,35
21:14:42,35
21:14:43,35
21:14:44,35
21:14:45,35
21:14:46,35
21:14:47,35
21:14:48,35
21:14:49,35
21:14:50,35
21:14:50,35
21:14:52,35
21:14:52,35
21:14:53,35
21:14:54,35
21:14:55,35
21:14:56,35
21:14:57,35
21:14:58,35
21:14:58,35
21:15:00,35
21:15:00,35
21:15:01,35
21:15:02,35
21:15:03,35
21:15:04,35
21:15:05,35
21:15:06,35
21:15:06,35
21:15:08,35
21:15:08,35
21:15:09,35
21:15:10,35
21:15:11,35
21:15:12,35
21:15:13,35
21:15:14,35
21:15:14,35
21:15:16,35
21:15:16,35
21:15:17,35
21:15:18,35
21:15:19,35
21:15:20,35
21:15:21,35
21:15:22,35
21:15:23,35
21:15:23,35
21:15:24,35
21:15:25,35
21:15:26,35
21:15:27,35
21:15:28,35
21:15:29,35
21:15:30,35
21:15:30,35
21:15:31,35
21:15:32,35
21:15:33,35
21:15:34,35
21:15:35,35
21:15:36,35
21:15:37,35
21:15:38,35
21:15:39,35
21:15:39,35
21:15:40,35
21:15:41,35
21:15:42,35
21:15:43,35
21:15:44,35
21:15:45,28
21:15:46,-59
21:15:47,-60
21:15:48,-59
21:15:48,-60
21:15:49,-60
21:15:50,-59
21:15:51,-59
21:15:52,-59
21:15:53,-44
21:15:54,0
21:15:55,0
21:15:55,0
21:15:56,0
21:15:57,0
21:15:58,0
21:15:59,0
21:16:00,0
21:16:01,0
21:16:02,0
21:16:03,0
21:16:03,7
21:16:04,21
21:16:05,32
21:16:06,35
21:16:07,35
21:16:08,35
21:16:09,35
21:16:10,35
21:16:11,35
21:16:11,35
21:16:12,35
21:16:13,35
21:16:15,35
21:16:15,35
21:16:16,35
21:16:17,35
21:16:18,35
21:16:19,36
21:16:20,38
21:16:21,38
21:16:21,38
21:16:23,38
21:16:23,38
21:16:24,38
21:16:25,38
21:16:26,38
21:16:27,38
21:16:28,38
21:16:29,38
21:16:30,38
21:16:30,38
21:16:31,38
21:16:32,38
21:16:33,38
21:16:34,38
21:16:35,38
21:16:36,38
21:16:37,38
21:16:37,38
21:16:38,38
21:16:39,38
21:16:40,38
21:16:41,38
21:16:42,38
21:16:43,38
21:16:44,38
21:16:45,38
21:16:45,38
21:16:47,38
21:16:47,38
21:16:48,38
21:16:49,38
21:16:50,38
21:16:51,38
21:16:52,38
21:16:53,38
21:16:54,38
21:16:55,38
21:16:55,38
21:16:56,38
21:16:57,38
21:16:58,38
21:16:59,38
21:17:00,38
21:17:01,38
21:17:02,38
21:17:02,38
21:17:03,38
21:17:04,38
21:17:05,38
21:17:06,38
21:17:07,38
21:17:08,38
21:17:09,38
21:17:09,38
21:17:11,38
21:17:11,38
21:17:12,38
21:17:13,38
21:17:14,38
21:17:15,38
21:17:16,38
21:17:17,38
21:17:17,38
21:17:19,38
21:17:19,38
21:17:20,38
21:17:21,38
21:17:22,38
21:17:23,38
21:17:24,38
21:17:25,38
21:17:25,38
21:17:26,38
21:17:27,38
21:17:28,38
21:17:29,38
21:17:30,38
21:17:31,38
21:17:32,38
21:17:33,38
21:17:33,38
21:17:35,38
21:17:35,38
21:17:36,38
21:17:37,38
21:17:38,38
21:17:39,38
21:17:40,38
21:17:41,38
21:17:41,38
21:17:43,38
21:17:43,38
21:17:44,38
21:17:45,38
21:17:46,38
21:17:47,38
21:17:48,38
21:17:49,38
21:17:49,38
21:17:51,38
21:17:51,38
21:17:52,38
21:17:53,38
21:17:54,38
21:17:55,38
21:17:56,38
21:17:57,38
21:17:57,38
21:17:59,38
21:17:59,38
21:18:00,38
21:18:01,38
21:18:02,38
21:18:03,38
21:18:04,38
21:18:05,38
21:18:06,38
21:18:07,38
21:18:07,38
21:18:08,38
21:18:09,38
21:18:10,38
21:18:11,38
21:18:12,38
21:18:13,38
21:18:13,38
21:18:15,38
21:18:15,38
21:18:16,38
21:18:17,38
21:18:18,38
21:18:19,38
21:18:20,38
21:18:21,38
21:18:21,38
21:18:23,38
21:18:23,38
21:18:24,38
21:18:25,38
21:18:26,38
21:18:27,38
21:18:28,38
21:18:29,38
21:18:29,38
21:18:31,38
21:18:31,38
21:18:32,38
21:18:33,38
21:18:34,38
21:18:35,38
21:18:36,38
21:18:37,38
21:18:37,38
21:18:39,38
21:18:39,38
21:18:40,38
21:18:41,38
21:18:42,38
21:18:43,38
21:18:44,38
21:18:45,38
21:18:45,38
21:18:46,38
21:18:47,38
21:18:48,38
21:18:49,38
21:18:50,38
21:18:51,38
21:18:52,38
21:18:53,38
21:18:53,38
21:18:54,38
21:18:55,38
21:18:56,38
21:18:57,38
21:18:58,38
21:18:59,38
21:19:00,38
21:19:01,38
21:19:01,38
21:19:02,38
21:19:03,38
21:19:04,38
21:19:05,38
21:19:06,38
21:19:07,38
21:19:08,38
21:19:08,38
21:19:09,38
21:19:11,38
21:19:11,38
21:19:12,38
21:19:13,38
21:19:14,38
21:19:15,38
21:19:16,38
21:19:17,38
21:19:17,38
21:19:18,38
21:19:19,38
21:19:20,38
21:19:21,38
21:19:22,38
21:19:23,38
21:19:24,38
21:19:25,38
21:19:25,38
21:19:27,38
21:19:27,38
21:19:28,38
21:19:29,38
21:19:30,38
21:19:31,38
21:19:32,38
21:19:33,38
21:19:33,38
21:19:35,38
21:19:35,38
21:19:36,38
21:19:37,38
21:19:38,38
21:19:39,38
21:19:40,38
21:19:41,38
21:19:41,38
21:19:43,38
21:19:43,38
21:19:44,38
21:19:45,38
21:19:46,38
21:19:47,38
21:19:48,38
21:19:49,38
21:19:49,38
21:19:51,38
21:19:51,38
21:19:52,38
21:19:53,38
21:19:54,38
21:19:55,38
21:19:56,38
21:19:57,38
21:19:57,38
21:19:59,38
21:19:59,38
21:20:00,38
21:20:01,38
21:20:02,38
21:20:03,38
21:20:04,38
21:20:05,38
21:20:05,38
21:20:07,38
21:20:07,38
21:20:08,38
21:20:09,38
21:20:10,38
21:20:11,38
21:20:12,38
21:20:13,38
21:20:13,38
21:20:15,38
21:20:15,38
21:20:16,38
21:20:17,38
21:20:18,38
21:20:19,38
21:20:20,38
21:20:21,38
21:20:21,38
21:20:23,38
21:20:23,38
21:20:24,38
21:20:25,38
21:20:26,38
21:20:27,38
21:20:28,38
21:20:29,38
21:20:29,38
21:20:30,38
21:20:31,38
21:20:32,38
21:20:33,38
21:20:34,38
21:20:35,38
21:20:36,38
21:20:37,38
21:20:37,38
21:20:38,38
21:20:39,38
21:20:40,38
21:20:41,38
21:20:42,38
21:20:43,38
21:20:44,38
21:20:45,38
21:20:45,38
21:20:46,38
21:20:47,38
21:20:48,38
21:20:49,38
21:20:50,38
21:20:51,38
21:20:52,38
21:20:52,38
21:20:53,38
21:20:54,38
21:20:55,38
21:20:56,38
21:20:57,38
21:20:58,38
21:20:59,38
21:21:00,38
21:21:00,38
21:21:01,38
21:21:02,38
21:21:03,38
21:21:04,38
21:21:05,38
21:21:06,38
21:21:07,38
21:21:08,38
21:21:08,38
21:21:09,38
21:21:10,38
21:21:11,38
21:21:12,38
21:21:13,38
21:21:14,38
21:21:15,38
21:21:16,38
21:21:16,38
21:21:17,38
21:21:18,38
21:21:19,38
21:21:20,38
21:21:21,38
21:21:22,38
21:21:23,38
21:21:24,38
21:21:24,38
21:21:25,38
21:21:26,38
21:21:27,38
21:21:28,38
21:21:29,38
21:21:30,38
21:21:31,38
21:21:32,38
21:21:32,38
21:21:33,38
21:21:34,38
21:21:35,38
21:21:36,38
21:21:37,38
21:21:38,38
21:21:39,38
21:21:40,38
21:21:40,38
21:21:41,38
21:21:42,38
21:21:43,38
21:21:44,38
21:21:45,38
21:21:46,38
21:21:47,38
21:21:48,38
21:21:48,38
21:21:49,38
21:21:50,38
21:21:51,38
21:21:52,38
21:21:53,38
21:21:54,38
21:21:55,38
21:21:56,38
21:21:57,38
21:21:57,38
21:21:59,38
21:21:59,38
21:22:00,38
21:22:01,38
21:22:02,38
21:22:03,38
21:22:04,38
21:22:05,38
21:22:05,38
21:22:06,38
21:22:07,38
21:22:08,38
21:22:09,38
21:22:10,21
21:22:11,-59
21:22:12,-59
21:22:13,-59
21:22:13,-59
21:22:14,-59
21:22:15,-59
21:22:16,-59
21:22:17,-45
21:22:18,0
21:22:19,0
21:22:20,0
21:22:21,0
21:22:21,0
21:22:22,0
21:22:24,0
21:22:24,0
21:22:25,0
21:22:26,0
21:22:27,0
21:22:28,0
21:22:29,0
21:22:30,0
21:22:31,0
21:22:31,0
21:22:32,0
21:22:33,0
21:22:34,0
21:22:35,0
21:22:36,0
21:22:37,0
21:22:37,0
21:22:39,0
21:22:39,0
21:22:40,0
21:22:41,0
21:22:42,0
21:22:43,6
21:22:44,17
21:22:45,26
21:22:46,31
21:22:46,34
21:22:47,35
21:22:48,35
21:22:49,35
21:22:50,35
21:22:51,35
21:22:52,35
21:22:53,35
21:22:53,35
21:22:54,35
21:22:55,35
21:22:56,35
21:22:57,35
21:22:58,35
21:22:59,35
21:23:00,35
21:23:01,35
21:23:01,35
21:23:03,35
21:23:03,35
21:23:04,35
21:23:05,35
21:23:06,35
21:23:07,35
21:23:08,35
21:23:09,35
21:23:09,35
21:23:11,35
21:23:11,35
21:23:12,35
21:23:13,35
21:23:14,35
21:23:15,35
21:23:16,35
21:23:17,35
21:23:17,35
21:23:19,35
21:23:19,35
21:23:20,35
21:23:21,35
21:23:22,-19
21:23:23,-59
21:23:24,-59
21:23:25,-59
21:23:25,-59
21:23:27,-59
21:23:27,-59
21:23:28,-59
21:23:29,-59
21:23:30,-59
21:23:31,-59
21:23:32,-59
21:23:32,-59
21:23:33,-59
21:23:34,-59
21:23:35,-59
21:23:36,-60
21:23:37,-53
21:23:38,43
21:23:39,40
21:23:40,40
21:23:41,40
21:23:41,40
21:23:43,40
21:23:44,40
21:23:44,40
21:23:45,40
21:23:46,40
21:23:47,40
21:23:48,40
21:23:49,40
21:23:50,40
21:23:51,40
21:23:52,40
21:23:52,40
21:23:53,40
21:23:54,40
21:23:55,40
21:23:56,40
21:23:57,40
21:23:58,40
21:23:59,40
21:24:00,40
21:24:00,40
21:24:01,40
21:24:02,40
21:24:03,40
21:24:04,40
21:24:05,40
21:24:06,40
21:24:06,40
21:24:07,40
21:24:08,40
21:24:09,40
21:24:10,40
21:24:11,40
21:24:12,40
21:24:13,40
21:24:13,40
21:24:15,40
21:24:15,40
21:24:16,40
21:24:17,40
21:24:18,40
21:24:19,40
21:24:20,40
21:24:21,40
21:24:21,40
21:24:22,40
21:24:23,40
21:24:24,40
21:24:26,40
21:24:26,40
21:24:27,40
21:24:28,40
21:24:29,40
21:24:30,40
21:24:31,40
21:24:32,40
21:24:32,40
21:24:33,40
21:24:34,40
21:24:35,40
21:24:36,40
21:24:37,40
21:24:38,40
21:24:39,40
21:24:40,40
21:24:40,40
21:24:42,40
21:24:42,40
21:24:43,40
21:24:44,40
21:24:45,40
21:24:46,40
21:24:47,40
21:24:48,40
21:24:48,40
21:24:50,40
21:24:50,40
21:24:51,40
21:24:52,40
21:24:53,40
21:24:54,40
21:24:55,40
21:24:56,40
21:24:56,40
21:24:58,40
21:24:58,40
21:24:59,40
21:25:00,40
21:25:01,40
21:25:02,40
21:25:03,40
21:25:04,40
21:25:04,40
21:25:05,40
21:25:06,40
21:25:07,40
21:25:08,40
21:25:09,40
21:25:10,40
21:25:11,40
21:25:12,40
21:25:12,40
21:25:14,40
21:25:14,40
21:25:15,40
21:25:16,40
21:25:17,40
21:25:18,40
21:25:19,40
21:25:20,40
21:25:20,40
21:25:22,40
21:25:22,40
21:25:23,40
21:25:24,40
21:25:25,40
21:25:26,40
21:25:27,40
21:25:28,40
21:25:29,40
21:25:30,40
21:25:30,40
21:25:31,40
21:25:32,40
21:25:33,40
21:25:34,40
21:25:35,41
21:25:36,0
21:25:36,-59
21:25:38,-59
21:25:38,-59
21:25:39,-59
21:25:40,-59
21:25:41,-59
21:25:42,-59
21:25:43,-59
21:25:44,-59
21:25:44,-59
21:25:46,-59
21:25:46,-59
21:25:47,-59
21:25:48,-59
21:25:49,-59
21:25:50,-59
21:25:51,-25
21:25:52,0
21:25:53,0
21:25:54,0
21:25:54,0
21:25:55,0
21:25:56,0
21:25:57,0
21:25:58,0
21:25:59,0
21:26:00,0
21:26:01,0
21:26:01,0
21:26:02,0
21:26:03,0
21:26:04,13
21:26:05,29
21:26:06,44
21:26:07,45
21:26:08,45
21:26:09,45
21:26:09,45
21:26:10,45
21:26:11,45
21:26:12,45
21:26:13,45
21:26:14,45
21:26:15,45
21:26:16,45
21:26:17,45
21:26:18,45
21:26:18,45
21:26:19,45
21:26:20,45
21:26:21,45
21:26:22,45
21:26:23,45
21:26:24,45
21:26:24,45
21:26:26,45
21:26:26,45
21:26:27,45
21:26:28,45
21:26:29,45
21:26:30,45
21:26:31,45
21:26:32,45
21:26:32,45
21:26:34,45
21:26:34,45
21:26:35,45
21:26:36,45
21:26:37,45
21:26:38,45
21:26:39,45
21:26:40,45
21:26:40,45
21:26:42,45
21:26:42,45
21:26:43,45
21:26:44,45
21:26:45,45
21:26:46,45
21:26:47,45
21:26:48,45
21:26:48,45
21:26:50,45
21:26:50,45
21:26:51,45
21:26:52,45
21:26:53,45
21:26:54,45
21:26:55,45
21:26:56,45
21:26:56,45
21:26:58,45
21:26:58,45
21:26:59,45
21:27:00,45
21:27:01,45
21:27:02,45
21:27:03,45
21:27:04,45
21:27:04,45
21:27:05,45
21:27:06,45
21:27:07,45
21:27:08,45
21:27:09,45
21:27:10,45
21:27:11,45
21:27:12,45
21:27:12,45
21:27:14,45
21:27:14,45
21:27:15,45
21:27:16,45
21:27:17,45
21:27:18,45
21:27:19,45
21:27:20,45
21:27:20,45
21:27:21,45
21:27:23,45
21:27:23,45
21:27:24,45
21:27:25,45
21:27:26,45
21:27:27,45
21:27:28,45
21:27:29,45
21:27:30,45
21:27:30,45
21:27:31,45
21:27:32,45
21:27:33,45
21:27:34,45
21:27:35,45
21:27:36,45
21:27:36,45
21:27:37,45
21:27:38,45
21:27:39,45
21:27:40,45
21:27:41,45
21:27:42,45
21:27:43,45
21:27:44,45
21:27:44,45
21:27:45,45
21:27:46,47
21:27:47,50
21:27:48,45
21:27:49,45
21:27:50,45
21:27:51,45
21:27:52,45
21:27:53,45
21:27:53,45
21:27:54,45
21:27:55,45
21:27:56,45
21:27:57,45
21:27:58,45
21:27:59,45
21:28:00,45
21:28:00,45
21:28:01,45
21:28:02,45
21:28:03,45
21:28:04,45
21:28:05,45
21:28:06,45
21:28:07,45
21:28:08,45
21:28:08,45
21:28:09,45
21:28:10,45
21:28:11,45
21:28:12,45
21:28:13,45
21:28:14,45
21:28:15,45
21:28:16,45
21:28:16,45
21:28:17,45
21:28:18,45
21:28:19,45
21:28:20,-19
21:28:21,-60
21:28:22,-59
21:28:23,-59
21:28:24,-59
21:28:24,-59
21:28:25,-59
21:28:26,-59
21:28:27,-59
21:28:28,-59
21:28:29,-60
21:28:30,-59
21:28:31,-59
21:28:31,-59
21:28:32,-60
21:28:33,-60
21:28:34,-59
21:28:35,-59
21:28:36,-59
21:28:37,-60
21:28:38,-59
21:28:39,-60
21:28:40,-59
21:28:40,-54
21:28:42,0
21:28:42,0
21:28:43,0
21:28:44,0
21:28:45,0
21:28:46,0
21:28:47,0
21:28:48,0
21:28:48,0
21:28:49,0
21:28:50,0
21:28:51,0
21:28:52,0
21:28:53,0
21:28:54,0
21:28:55,0
21:28:56,0
21:28:56,3
21:28:58,0
21:28:58,0
21:28:59,0
21:29:00,0
21:29:01,0
21:29:02,0
21:29:03,0
21:29:04,0
21:29:04,0
21:29:06,0
21:29:07,0
21:29:07,0
21:29:08,0
21:29:09,0
21:29:10,0
21:29:11,0
21:29:12,0
21:29:13,0
21:29:14,0
21:29:14,0
21:29:15,0
21:29:16,0
21:29:17,0
21:29:18,0
21:29:19,0
21:29:20,0
21:29:20,0
21:29:22,0
21:29:22,0
21:29:23,0
21:29:24,0
21:29:25,0
21:29:26,0
21:29:27,0
21:29:28,0
21:29:29,0
21:29:30,0
21:29:30,0
21:29:31,0
21:29:32,0
21:29:33,0
21:29:34,0
21:29:35,0
21:29:36,0
21:29:36,0
21:29:38,0
21:29:38,0
21:29:39,0
21:29:40,0
21:29:41,0
21:29:42,0
21:29:43,0
21:29:44,0
21:29:44,0
21:29:45,0
21:29:46,0
21:29:47,0
21:29:48,0
21:29:49,0
21:29:50,0
21:29:51,0
21:29:52,0
21:29:52,0
21:29:54,0
21:29:54,0
21:29:55,0
21:29:56,0
21:29:57,0
21:29:58,0
21:29:59,0
21:30:00,0
21:30:00,0
21:30:02,0
21:30:02,0
21:30:03,0
21:30:04,0
21:30:05,0
21:30:06,0
21:30:07,0
21:30:08,0
21:30:08,0
21:30:09,0
21:30:10,0
21:30:11,0
21:30:12,0
21:30:13,0
21:30:14,0
21:30:15,0
21:30:16,0
21:30:16,0
21:30:17,0
21:30:18,0
21:30:19,0
21:30:20,0
21:30:29 Connection lost,
21:53:15 Connecting to HC-06_02 ...,
21:53:17 Connected,
21:53:17,0
21:53:18,0
21:53:19,0
21:53:20,0
21:53:21,0
21:53:22,0
21:53:23,0
21:53:24,0
21:53:25,0
21:53:25,0
21:53:26,0
21:53:27,0
21:53:28,0
21:53:29,0
21:53:30,0
21:53:31,0
21:53:32,0
21:53:33,0
21:53:33,0
21:53:34,0
21:53:35,0
21:53:36,0
21:53:37,0
21:53:38,0
21:53:39,0
21:53:40,0
21:53:41,0
21:53:41,0
21:53:42,0
21:53:43,0
21:53:44,0
21:53:45,0
21:53:46,0
21:53:47,0
21:53:48,0
21:53:49,0
21:53:49,0
21:53:50,0
21:53:51,0
21:53:52,0
21:53:53,0
21:53:54,0
21:53:55,0
21:53:56,0
21:53:57,0
21:53:58,0
21:53:58,7
21:53:59,34
21:54:00,44
21:54:01,44
21:54:02,44
21:54:03,44
21:54:04,44
21:54:05,44
21:54:06,44
21:54:06,44
21:54:07,44
21:54:08,44
21:54:09,44
21:54:10,44
21:54:11,44
21:54:12,44
21:54:13,44
21:54:14,45
21:54:14,50
21:54:15,48
21:54:16,48
21:54:17,48
21:54:18,48
21:54:19,48
21:54:20,48
21:54:21,48
21:54:22,48
21:54:23,48
21:54:23,48
21:54:25,48
21:54:25,48
21:54:26,48
21:54:28,48
21:54:28,48
21:54:29,48
21:54:30,48
21:54:31,48
21:54:32,48
21:54:33,48
21:54:34,48
21:54:34,48
21:54:36,48
21:54:36,48
21:54:37,48
21:54:38,48
21:54:39,48
21:54:40,48
21:54:41,48
21:54:42,48
21:54:43,48
21:54:44,48
21:54:44,48
21:54:45,48
21:54:46,48
21:54:47,48
21:54:48,48
21:54:49,48
21:54:50,48
21:54:50,48
21:54:52,48
21:54:52,48
21:54:53,48
21:54:54,48
21:54:55,48
21:54:56,48
21:54:57,48
21:54:58,48
21:54:58,48
21:55:00,48
21:55:00,48
21:55:01,48
21:55:02,48
21:55:03,48
21:55:04,48
21:55:05,48
21:55:06,48
21:55:06,48
21:55:07,48
21:55:08,48
21:55:09,48
21:55:10,48
21:55:11,48
21:55:12,48
21:55:13,48
21:55:14,48
21:55:14,48
21:55:15,48
21:55:16,48
21:55:17,48
21:55:18,48
21:55:19,48
21:55:20,48
21:55:21,48
21:55:22,48
21:55:22,48
21:55:24,48
21:55:24,48
21:55:25,48
21:55:26,48
21:55:27,48
21:55:28,48
21:55:29,48
21:55:30,48
21:55:30,48
21:55:31,48
21:55:32,48
21:55:33,48
21:55:34,48
21:55:35,48
21:55:36,48
21:55:37,48
21:55:38,48
21:55:38,48
21:55:39,48
21:55:40,48
21:55:41,48
21:55:42,48
21:55:43,48
21:55:44,48
21:55:45,48
21:55:46,48
21:55:46,48
21:55:48,48
21:55:48,48
21:55:49,48
21:55:50,48
21:55:51,48
21:55:52,48
21:55:53,48
21:55:54,48
21:55:54,48
21:55:56,48
21:55:56,48
21:55:57,48
21:55:58,48
21:55:59,48
21:56:00,48
21:56:01,48
21:56:02,48
21:56:02,48
21:56:04,48
21:56:04,48
21:56:05,48
21:56:06,48
21:56:07,48
21:56:08,48
21:56:09,48
21:56:10,48
21:56:10,48
21:56:12,48
21:56:12,48
21:56:13,48
21:56:14,48
21:56:15,48
21:56:16,48
21:56:17,48
21:56:18,48
21:56:18,48
21:56:20,48
21:56:20,48
21:56:21,48
21:56:22,48
21:56:23,48
21:56:24,48
21:56:25,48
21:56:26,48
21:56:26,48
21:56:27,48
21:56:28,48
21:56:29,48
21:56:30,48
21:56:31,48
21:56:32,48
21:56:33,48
21:56:33,48
21:56:34,48
21:56:35,48
21:56:36,48
21:56:37,48
21:56:38,48
21:56:39,50
21:56:40,42
21:56:41,-60
21:56:41,-60
21:56:42,-60
21:56:43,-60
21:56:44,-60
21:56:45,-60
21:56:46,-60
21:56:47,-60
21:56:48,-60
21:56:49,-60
21:56:50,-60
21:56:50,-60
21:56:51,-60
21:56:52,-60
21:56:53,-60
21:56:54,-60
21:56:55,-60
21:56:56,-60
21:56:57,-60
21:56:58,-47
21:56:58,0
21:56:59,0
21:57:00,0
21:57:01,0
21:57:02,0
21:57:03,0
21:57:04,0
21:57:05,0
21:57:05,0
21:57:06,5
21:57:08,11
21:57:08,20
21:57:09,27
21:57:10,32
21:57:11,32
21:57:12,32
21:57:13,32
21:57:14,32
21:57:14,32
21:57:16,32
21:57:16,32
21:57:17,32
21:57:18,32
21:57:19,32
21:57:20,48
21:57:21,47
21:57:22,38
21:57:22,38
21:57:24,38
21:57:24,38
21:57:25,38
21:57:26,38
21:57:27,38
21:57:28,38
21:57:29,38
21:57:30,38
21:57:30,38
21:57:32,38
21:57:32,38
21:57:33,38
21:57:34,38
21:57:35,38
21:57:36,38
21:57:37,38
21:57:38,38
21:57:38,38
21:57:40,38
21:57:40,38
21:57:41,38
21:57:42,38
21:57:43,38
21:57:44,38
21:57:45,38
21:57:46,38
21:57:46,38
21:57:47,38
21:57:48,38
21:57:49,38
21:57:50,38
21:57:51,38
21:57:52,38
21:57:53,38
21:57:54,38
21:57:54,38
21:57:55,38
21:57:56,38
21:57:57,38
21:57:58,38
21:57:59,38
21:58:00,38
21:58:01,38
21:58:01,38
21:58:02,38
21:58:03,38
21:58:04,38
21:58:05,38
21:58:06,38
21:58:07,38
21:58:08,38
21:58:09,38
21:58:09,38
21:58:10,38
21:58:11,38
21:58:12,38
21:58:13,38
21:58:14,38
21:58:15,38
21:58:16,38
21:58:17,38
21:58:17,38
21:58:18,38
21:58:19,38
21:58:20,38
21:58:21,38
21:58:23,38
21:58:23,38
21:58:24,38
21:58:25,38
21:58:26,38
21:58:27,38
21:58:28,38
21:58:29,38
21:58:29,38
21:58:30,38
21:58:31,38
21:58:32,38
21:58:33,38
21:58:34,38
21:58:35,38
21:58:36,38
21:58:37,38
21:58:37,38
21:58:38,38
21:58:39,38
21:58:40,38
21:58:41,38
21:58:42,38
21:58:43,38
21:58:44,38
21:58:45,38
21:58:45,38
21:58:46,38
21:58:47,38
21:58:48,38
21:58:49,38
21:58:50,38
21:58:51,38
21:58:52,38
21:58:53,38
21:58:53,38
21:58:55,38
21:58:55,38
21:58:56,38
21:58:57,38
21:58:58,38
21:58:59,38
21:59:00,38
21:59:01,38
21:59:01,38
21:59:02,38
21:59:03,38
21:59:04,38
21:59:05,38
21:59:06,38
21:59:07,38
21:59:08,38
21:59:09,38
21:59:09,38
21:59:10,38
21:59:11,38
21:59:12,38
21:59:13,38
21:59:14,38
21:59:15,38
21:59:16,38
21:59:17,38
21:59:17,38
21:59:18,38
21:59:19,38
21:59:20,38
21:59:21,38
21:59:22,38
21:59:23,38
21:59:24,38
21:59:25,38
21:59:25,38
21:59:27,38
21:59:27,38
21:59:28,38
21:59:29,38
21:59:30,38
21:59:31,38
21:59:32,38
21:59:33,38
21:59:33,38
21:59:34,38
21:59:35,38
21:59:36,38
21:59:37,38
21:59:38,38
21:59:39,38
21:59:40,38
21:59:41,38
21:59:41,38
21:59:43,38
21:59:43,38
21:59:44,38
21:59:45,38
21:59:46,38
21:59:47,38
21:59:48,38
21:59:49,38
21:59:49,38
21:59:51,38
21:59:51,38
21:59:52,38
21:59:53,38
21:59:54,38
21:59:55,38
21:59:56,38
21:59:57,38
21:59:58,38
21:59:58,38
21:59:59,38
22:00:00,38
22:00:01,38
22:00:02,38
22:00:03,38
22:00:04,38
22:00:05,38
22:00:06,38
22:00:07,38
22:00:07,38
22:00:08,38
22:00:09,38
22:00:10,38
22:00:11,38
22:00:12,38
22:00:13,38
22:00:13,38
22:00:15,38
22:00:15,38
22:00:16,38
22:00:17,38
22:00:18,38
22:00:19,38
22:00:20,38
22:00:21,38
22:00:21,38
22:00:23,38
22:00:23,38
22:00:24,38
22:00:25,38
22:00:26,38
22:00:27,38
22:00:28,38
22:00:29,38
22:00:29,38
22:00:31,38
22:00:31,38
22:00:32,38
22:00:33,38
22:00:34,38
22:00:35,38
22:00:36,38
22:00:37,38
22:00:37,38
22:00:39,38
22:00:39,38
22:00:40,38
22:00:41,38
22:00:42,38
22:00:43,38
22:00:44,38
22:00:45,38
22:00:45,38
22:00:47,38
22:00:47,38
22:00:48,38
22:00:49,38
22:00:50,38
22:00:51,38
22:00:52,38
22:00:53,38
22:00:53,38
22:00:55,38
22:00:55,38
22:00:56,38
22:00:57,38
22:00:58,38
22:00:59,38
22:01:00,38
22:01:01,38
22:01:01,38
22:01:02,38
22:01:03,38
22:01:04,38
22:01:05,38
22:01:06,38
22:01:07,38
22:01:08,38
22:01:09,38
22:01:09,38
22:01:11,38
22:01:11,38
22:01:12,38
22:01:13,38
22:01:14,38
22:01:15,38
22:01:16,38
22:01:17,38
22:01:17,38
22:01:19,38
22:01:19,38
22:01:20,38
22:01:21,38
22:01:22,38
22:01:23,38
22:01:24,38
22:01:25,38
22:01:25,38
22:01:26,38
22:01:27,38
22:01:28,38
22:01:29,38
22:01:30,38
22:01:31,38
22:01:32,38
22:01:33,38
22:01:33,38
22:01:35,38
22:01:35,38
22:01:36,38
22:01:37,38
22:01:38,38
22:01:39,38
22:01:40,38
22:01:41,38
22:01:41,38
22:01:43,38
22:01:43,38
22:01:44,38
22:01:45,38
22:01:46,38
22:01:47,38
22:01:48,38
22:01:49,38
22:01:49,38
22:01:51,38
22:01:51,38
22:01:52,38
22:01:53,38
22:01:54,38
22:01:55,38
22:01:56,38
22:01:57,38
22:01:57,38
22:01:59,38
22:01:59,38
22:02:00,38
22:02:01,38
22:02:02,38
22:02:03,38
22:02:04,38
22:02:05,38
22:02:05,38
22:02:07,38
22:02:07,38
22:02:08,38
22:02:09,38
22:02:10,38
22:02:11,38
22:02:12,38
22:02:13,38
22:02:13,38
22:02:15,38
22:02:15,38
22:02:16,38
22:02:17,38
22:02:18,38
22:02:19,38
22:02:20,38
22:02:21,38
22:02:21,38
22:02:23,38
22:02:23,38
22:02:24,38
22:02:25,38
22:02:26,38
22:02:27,38
22:02:28,38
22:02:29,38
22:02:29,38
22:02:31,38
22:02:31,38
22:02:32,38
22:02:33,38
22:02:34,38
22:02:35,38
22:02:36,38
22:02:37,38
22:02:37,38
22:02:39,38
22:02:39,38
22:02:40,38
22:02:41,38
22:02:42,38
22:02:43,38
22:02:44,38
22:02:45,38
22:02:45,38
22:02:47,38
22:02:47,38
22:02:48,38
22:02:49,38
22:02:50,38
22:02:51,38
22:02:52,38
22:02:53,38
22:02:53,38
22:02:55,38
22:02:55,38
22:02:56,38
22:02:57,38
22:02:58,38
22:02:59,38
22:03:00,38
22:03:01,38
22:03:01,38
22:03:03,38
22:03:03,38
22:03:04,38
22:03:05,38
22:03:06,40
22:03:07,-53
22:03:08,-59
22:03:09,-59
22:03:09,-59
22:03:11,-59
22:03:11,-59
22:03:12,-59
22:03:13,-59
22:03:14,-59
22:03:15,-59
22:03:16,-59
22:03:17,-59
22:03:17,-59
22:03:19,-59
22:03:19,-59
22:03:20,-6
22:03:21,24
22:03:22,24
22:03:23,24
22:03:24,24
22:03:25,-3
22:03:25,-59
22:03:26,-59
22:03:27,-59
22:03:28,-23
22:03:29,0
22:03:30,0
22:03:31,0
22:03:32,0
22:03:33,0
22:03:33,0
22:03:34,0
22:03:35,0
22:03:36,0
22:03:37,0
22:03:38,0
22:03:39,0
22:03:40,0
22:03:41,0
22:03:41,0
22:03:42,0
22:03:43,0
22:03:44,0
22:03:45,0
22:03:46,0
22:03:47,0
22:03:48,0
22:03:49,0
22:03:49,0
22:03:50,0
22:03:51,0
22:03:52,0
22:03:53,0
22:03:54,0
22:03:55,0
22:03:56,0
22:03:57,0
22:03:58,0
22:03:58,0
22:03:59,0
22:04:00,0
22:04:01,0
22:04:02,0
22:04:03,0
22:04:04,0
22:04:05,0
22:04:06,0
22:04:06,0
22:04:07,0
22:04:08,0
22:04:09,0
22:04:10,0
22:04:11,0
22:04:12,0
22:04:13,0
22:04:14,0
22:04:14,0
22:04:15,0
22:04:16,0
22:04:17,0
22:04:18,0
22:04:19,0
22:04:20,0
22:04:21,0
22:04:22,0
22:04:22,0
22:04:23,0
22:04:24,0
22:04:25,0
22:04:26,0
22:04:27,0
22:04:28,0
22:04:29,0
22:04:30,0
22:04:30,0
22:04:32,0
22:04:32,0
22:04:33,0
22:04:34,0
22:04:35,0
22:04:36,0
22:04:37,0
22:04:37,0
22:04:39,0
22:04:39,0
22:04:40,0
22:04:41,0
22:04:42,0
22:04:43,0
22:04:44,0
22:04:45,0
22:04:46,0
22:04:47,0
22:04:47,0
22:04:48,0
22:04:49,0
22:04:50,0
22:04:51,0
22:04:52,0
22:04:53,0
22:04:54,0
22:04:54,0
22:04:55,0
22:04:56,0
22:04:57,0
22:04:58,0
22:04:59,0
22:05:00,0
22:05:01,0
22:05:02,0
22:05:03,0
22:05:03,0
22:05:04,0
22:05:05,0
22:05:06,0
22:05:07,0
22:05:08,0
22:05:09,0
22:05:10,0
22:05:10,0
22:05:11,0
22:05:12,0
22:05:13,0
22:05:14,0
22:05:15,0
22:05:16,0
22:05:17,0
22:05:18,0
22:05:18,0
22:05:19,0
22:05:20,0
22:05:21,0
22:05:22,0
22:05:23,0
22:05:24,0
22:05:25,0
22:05:26,0
22:05:26,0
22:05:27,0
22:05:28,0
22:05:29,0
22:05:30,0
22:05:31,0
22:05:32,0
22:05:33,0
22:05:34,0
22:05:34,0
22:05:35,0
22:05:36,0
22:05:37,0
22:05:38,0
22:05:39,0
22:05:40,0
22:05:41,0
22:05:42,0
22:05:43,0
22:05:44,0
22:05:44,0
22:05:46,0
22:05:46,0
22:05:47,0
22:05:48,0
22:05:49,0
22:05:50,0
22:05:51,0
22:05:52,0
22:05:52,0
22:05:53,0
22:05:54,0
22:05:55,0
22:05:56,0
22:05:57,0
22:05:58,0
22:05:59,0
22:06:00,0
22:06:00,0
22:06:01,0
22:06:02,0
22:06:03,0
22:06:04,0
22:06:05,0
22:06:06,0
22:06:07,0
22:06:08,0
22:06:08,0
22:06:10,0
22:06:10,0
22:06:11,0
22:06:12,0
22:06:13,0
22:06:14,0
22:06:15,0
22:06:16,0
22:06:16,0
22:06:17,0
22:06:18,0
22:06:19,0
22:06:20,0
22:06:21,0
22:06:22,0
22:06:23,0
22:06:23,0
22:06:24,0
22:06:26,0
22:06:26,0
22:06:27,0
22:06:28,0
22:06:29,0
22:06:30,0
22:06:31,0
22:06:32,0
22:06:33,0
22:06:34,0
22:06:34,0
22:06:35,0
22:06:36,0
22:06:37,0
22:06:38,0
22:06:39,0
22:06:40,0
22:06:40,0
22:06:42,0
22:06:42,0
22:06:43,0
22:06:44,0
22:06:45,0
22:06:46,0
22:06:47,0
22:06:48,0
22:06:48,0
22:06:50,0
22:06:51,0
22:06:51,0
22:06:52,0
22:06:53,0
22:06:54,0
22:06:55,0
22:06:56,0
22:06:56,0
22:06:58,0
22:06:58,0
22:06:59,0
22:07:00,0
22:07:01,0
22:07:02,0
22:07:03,0
22:07:04,0
22:07:04,0
22:07:06,0
22:07:06,0
22:07:07,0
22:07:08,0
22:07:09,0
22:07:10,0
22:07:11,0
22:07:12,0
22:07:12,0
22:07:14,0
22:07:14,0
22:07:15,0
22:07:16,0
22:07:17,0
22:07:18,0
22:07:19,0
22:07:20,0
22:07:20,0
22:07:21,0
22:07:22,0
22:07:23,0
22:07:24,0
22:07:25,0
22:07:26,0
22:07:27,0
22:07:28,0
22:07:28,0
22:07:29,0
22:07:30,0
22:07:31,0
22:07:32,0
22:07:33,0
22:07:34,0
22:07:35,0
22:07:36,0
22:07:36,0
22:07:38,0
22:07:38,0
22:07:39,0
22:07:40,0
22:07:41,0
22:07:42,0
22:07:43,0
22:07:44,0
22:07:44,0
22:07:45,0
22:07:46,0
22:07:47,0
22:07:48,0
22:07:49,0
22:07:50,0
22:07:51,0
22:07:52,0
22:07:52,0
22:07:53,0
22:07:55,0
22:07:55,0
22:07:56,0
22:07:57,0
22:07:58,0
22:07:59,0
22:08:00,0
22:08:01,0
22:08:02,0
22:08:03,0
22:08:03,0
22:08:04,0
22:08:05,0
22:08:06,0
22:08:07,0
22:08:08,0
22:08:09,0
22:08:10,0
22:08:10,0
22:08:11,0
22:08:12,0
22:08:13,0
22:08:14,0
22:08:15,0
22:08:16,0
22:08:17,0
22:08:18,0
22:08:18,0
22:08:19,0
22:08:20,0
22:08:21,0
22:08:22,0
22:08:23,0
22:08:24,0
22:08:24,0
22:08:26,0
22:08:26,0
22:08:27,0
22:08:28,0
22:08:29,0
22:08:30,0
22:08:31,0
22:08:32,0
22:08:32,0
22:08:34,0
22:08:34,0
22:08:35,0
22:08:36,0
22:08:37,0
22:08:38,0
22:08:39,0
22:08:40,0
22:08:41,0
22:08:41,0
22:08:42,0
22:08:43,0
22:08:44,0
22:08:45,0
22:08:46,0
22:08:47,0
22:08:48,0
22:08:49,0
22:08:50,0
22:08:50,0
22:08:51,0
22:08:52,0
22:08:53,0
22:08:54,0
22:08:55,0
22:08:56,2
22:08:56,20
22:08:58,36
22:08:58,36
22:08:59,36
22:09:00,36
22:09:01,36
22:09:02,36
22:09:03,36
22:09:04,36
22:09:04,36
22:09:06,36
22:09:06,36
22:09:07,41
22:09:08,48
22:09:09,49
22:09:10,49
22:09:11,49
22:09:12,49
22:09:12,49
22:09:14,49
22:09:15,49
22:09:15,49
22:09:16,49
22:09:17,49
22:09:18,49
22:09:19,49
22:09:20,49
22:09:21,49
22:09:22,49
22:09:22,49
22:09:23,49
22:09:24,49
22:09:25,49
22:09:26,49
22:09:27,49
22:09:28,49
22:09:28,49
22:09:30,49
22:09:30,49
22:09:31,49
22:09:32,48
22:09:33,49
22:09:34,49
22:09:35,49
22:09:36,49
22:09:37,49
22:09:37,49
22:09:38,49
22:09:39,49
22:09:40,49
22:09:41,49
22:09:42,49
22:09:43,49
22:09:44,49
22:09:44,49
22:09:46,49
22:09:46,49
22:09:47,49
22:09:48,49
22:09:49,49
22:09:50,49
22:09:51,49
22:09:52,49
22:09:53,49
22:09:54,49
22:09:54,49
22:09:55,49
22:09:56,49
22:09:57,49
22:09:58,49
22:09:59,49
22:10:00,49
22:10:00,49
22:10:02,49
22:10:02,49
22:10:03,49
22:10:04,49
22:10:05,49
22:10:06,49
22:10:07,49
22:10:08,49
22:10:08,49
22:10:09,49
22:10:10,49
22:10:11,49
22:10:12,49
22:10:13,49
22:10:14,49
22:10:15,49
22:10:16,49
22:10:16,49
22:10:18,49
22:10:18,49
22:10:19,49
22:10:20,49
22:10:21,49
22:10:22,49
22:10:23,49
22:10:24,49
22:10:24,49
22:10:26,49
22:10:26,49
22:10:27,49
22:10:28,49
22:10:29,49
22:10:30,49
22:10:31,49
22:10:31,49
22:10:32,49
22:10:33,49
22:10:34,49
22:10:35,49
22:10:36,49
22:10:37,49
22:10:38,49
22:10:39,49
22:10:40,49
22:10:40,49
22:10:41,49
22:10:42,49
22:10:43,49
22:10:44,49
22:10:45,49
22:10:46,49
22:10:47,49
22:10:48,49
22:10:48,49
22:10:50,49
22:10:50,49
22:10:51,49
22:10:52,49
22:10:53,49
22:10:54,49
22:10:55,49
22:10:56,49
22:10:56,49
22:10:58,49
22:10:58,49
22:10:59,49
22:11:00,49
22:11:01,49
22:11:02,49
22:11:03,49
22:11:04,49
22:11:04,49
22:11:05,49
22:11:06,49
22:11:07,49
22:11:08,49
22:11:09,49
22:11:10,49
22:11:11,49
22:11:12,49
22:11:12,49
22:11:13,49
22:11:14,49
22:11:15,49
22:11:16,49
22:11:17,49
22:11:18,49
22:11:19,49
22:11:19,49
22:11:20,49
22:11:22,49
22:11:22,49
22:11:23,49
22:11:24,49
22:11:25,49
22:11:26,49
22:11:27,49
22:11:28,49
22:11:28,49
22:11:30,49
22:11:30,49
22:11:31,49
22:11:32,49
22:11:33,49
22:11:34,49
22:11:35,49
22:11:36,49
22:11:36,49
22:11:37,49
22:11:38,49
22:11:39,49
22:11:40,49
22:11:41,49
22:11:42,49
22:11:43,49
22:11:44,49
22:11:44,49
22:11:45,49
22:11:46,49
22:11:47,49
22:11:48,49
22:11:49,49
22:11:50,49
22:11:51,49
22:11:52,49
22:11:52,49
22:11:53,49
22:11:54,49
22:11:55,49
22:11:56,49
22:11:57,49
22:11:58,49
22:11:59,49
22:12:00,49
22:12:00,49
22:12:01,49
22:12:03,49
22:12:03,49
22:12:04,49
22:12:05,49
22:12:06,49
22:12:07,49
22:12:08,49
22:12:09,49
22:12:10,49
22:12:11,49
22:12:11,49
22:12:12,49
22:12:13,49
22:12:14,49
22:12:15,49
22:12:16,49
22:12:17,49
22:12:18,49
22:12:19,49
22:12:19,49
22:12:20,49
22:12:21,49
22:12:22,49
22:12:23,49
22:12:24,49
22:12:25,49
22:12:26,49
22:12:26,49
22:12:27,49
22:12:28,49
22:12:29,49
22:12:30,49
22:12:31,49
22:12:32,49
22:12:33,49
22:12:34,49
22:12:35,49
22:12:35,49
22:12:37,49
22:12:37,49
22:12:38,49
22:12:39,49
22:12:40,49
22:12:41,49
22:12:42,49
22:12:43,49
22:12:43,49
22:12:45,49
22:12:45,49
22:12:46,49
22:12:47,49
22:12:48,49
22:12:49,49
22:12:50,49
22:12:51,49
22:12:51,49
22:12:52,49
22:12:53,49
22:12:54,49
22:12:55,49
22:12:56,49
22:12:57,49
22:12:58,49
22:12:59,49
22:12:59,49
22:13:01,49
22:13:01,49
22:13:02,49
22:13:03,49
22:13:04,49
22:13:05,49
22:13:06,49
22:13:07,49
22:13:07,49
22:13:09,49
22:13:09,49
22:13:10,49
22:13:11,49
22:13:12,49
22:13:13,49
22:13:14,49
22:13:15,49
22:13:16,49
22:13:17,49
22:13:17,49
22:13:18,49
22:13:19,49
22:13:20,49
22:13:21,49
22:13:22,49
22:13:23,49
22:13:23,49
22:13:24,49
22:13:25,49
22:13:26,49
22:13:27,49
22:13:28,49
22:13:29,49
22:13:30,49
22:13:31,49
22:13:31,49
22:13:32,49
22:13:33,49
22:13:34,49
22:13:35,49
22:13:36,49
22:13:37,49
22:13:38,49
22:13:39,49
22:13:39,49
22:13:41,49
22:13:41,49
22:13:42,49
22:13:43,49
22:13:44,49
22:13:45,49
22:13:46,49
22:13:47,49
22:13:47,49
22:13:49,49
22:13:49,49
22:13:50,49
22:13:51,49
22:13:52,49
22:13:53,49
22:13:54,49
22:13:55,49
22:13:55,49
22:13:57,49
22:13:57,49
22:13:58,49
22:13:59,49
22:14:00,49
22:14:01,49
22:14:02,49
22:14:03,49
22:14:03,49
22:14:05,49
22:14:05,49
22:14:06,49
22:14:07,49
22:14:08,49
22:14:09,49
22:14:10,49
22:14:11,49
22:14:12,49
22:14:12,49
22:14:13,49
22:14:14,49
22:14:15,49
22:14:16,49
22:14:17,49
22:14:18,49
22:14:19,49
22:14:20,49
22:14:21,49
22:14:21,49
22:14:22,49
22:14:23,49
22:14:24,49
22:14:25,49
22:14:26,49
22:14:27,49
22:14:27,49
22:14:28,49
22:14:29,49
22:14:30,49
22:14:31,49
22:14:32,49
22:14:33,49
22:14:34,19
22:14:35,-56
22:14:35,-59
22:14:37,-59
22:14:37,-59
22:14:38,-59
22:14:39,-59
22:14:40,-59
22:14:41,-59
22:14:42,-25
22:14:43,32
22:14:43,31
22:14:45,31
22:14:45,31
22:14:46,31
22:14:47,31
22:14:48,31
22:14:49,31
22:14:50,31
22:14:51,31
22:14:51,31
22:14:52,31
22:14:53,31
22:14:54,31
22:14:55,31
22:14:56,31
22:14:57,31
22:14:58,31
22:14:59,31
22:14:59,31
22:15:01,31
22:15:01,31
22:15:02,31
22:15:03,31
22:15:04,31
22:15:05,31
22:15:06,31
22:15:07,31
22:15:08,31
22:15:09,31
22:15:09,31
22:15:10,31
22:15:11,31
22:15:12,31
22:15:13,31
22:15:14,31
22:15:14,31
22:15:15,31
22:15:16,31
22:15:17,31
22:15:18,31
22:15:19,31
22:15:20,31
22:15:21,31
22:15:22,31
22:15:22,31
22:15:23,31
22:15:24,31
22:15:25,31
22:15:26,31
22:15:27,31
22:15:28,31
22:15:29,31
22:15:30,31
22:15:30,31
22:15:31,31
22:15:33,31
22:15:33,31
22:15:34,31
22:15:35,31
22:15:36,31
22:15:37,31
22:15:38,31
22:15:39,31
22:15:39,31
22:15:40,31
22:15:41,31
22:15:42,31
22:15:43,31
22:15:44,31
22:15:45,31
22:15:46,31
22:15:46,31
22:15:47,31
22:15:48,31
22:15:49,31
22:15:50,31
22:15:51,31
22:15:52,31
22:15:53,31
22:15:54,31
22:15:54,31
22:15:55,31
22:15:56,31
22:15:57,31
22:15:58,31
22:15:59,31
22:16:00,31
22:16:01,31
22:16:02,31
22:16:02,31
22:16:03,31
22:16:04,31
22:16:05,31
22:16:06,31
22:16:07,31
22:16:08,31
22:16:09,31
22:16:10,31
22:16:10,31
22:16:11,31
22:16:12,31
22:16:13,31
22:16:14,31
22:16:15,31
22:16:16,31
22:16:17,31
22:16:18,31
22:16:18,31
22:16:19,31
22:16:20,31
22:16:21,31
22:16:22,31
22:16:23,31
22:16:24,31
22:16:25,31
22:16:26,31
22:16:26,31
22:16:27,31
22:16:28,31
22:16:29,31
22:16:30,31
22:16:31,31
22:16:32,31
22:16:33,31
22:16:34,31
22:16:34,31
22:16:35,31
22:16:36,31
22:16:37,31
22:16:38,31
22:16:39,31
22:16:40,31
22:16:41,31
22:16:42,31
22:16:42,31
22:16:43,31
22:16:44,31
22:16:45,31
22:16:46,31
22:16:47,31
22:16:48,31
22:16:49,31
22:16:50,31
22:16:50,31
22:16:51,31
22:16:52,31
22:16:53,31
22:16:54,31
22:16:55,31
22:16:56,31
22:16:57,31
22:16:58,31
22:16:58,31
22:16:59,31
22:17:01,31
22:17:01,31
22:17:02,31
22:17:03,31
22:17:04,31
22:17:05,31
22:17:06,31
22:17:07,31
22:17:07,31
22:17:09,31
22:17:09,31
22:17:10,31
22:17:11,31
22:17:12,31
22:17:13,31
22:17:14,31
22:17:15,31
22:17:15,31
22:17:17,31
22:17:17,31
22:17:18,31
22:17:19,31
22:17:20,31
22:17:21,31
22:17:22,31
22:17:23,31
22:17:23,31
22:17:25,31
22:17:25,31
22:17:26,31
22:17:27,31
22:17:28,31
22:17:29,31
22:17:30,31
22:17:31,31
22:17:31,31
22:17:33,31
22:17:33,31
22:17:34,31
22:17:35,31
22:17:36,31
22:17:37,31
22:17:38,31
22:17:39,31
22:17:39,31
22:17:41,31
22:17:41,31
22:17:42,31
22:17:43,31
22:17:44,31
22:17:45,31
22:17:46,31
22:17:47,31
22:17:47,31
22:17:49,31
22:17:49,31
22:17:50,31
22:17:51,31
22:17:52,31
22:17:53,31
22:17:54,31
22:17:55,31
22:17:55,31
22:17:57,31
22:17:57,31
22:17:58,31
22:17:59,31
22:18:00,31
22:18:01,31
22:18:02,31
22:18:03,31
22:18:03,31
22:18:05,31
22:18:05,31
22:18:06,31
22:18:07,31
22:18:08,31
22:18:09,31
22:18:10,31
22:18:11,31
22:18:11,31
22:18:12,31
22:18:13,31
22:18:14,31
22:18:15,31
22:18:16,31
22:18:17,31
22:18:18,31
22:18:19,31
22:18:19,31
22:18:21,31
22:18:21,31
22:18:22,31
22:18:23,31
22:18:24,31
22:18:25,31
22:18:26,31
22:18:27,31
22:18:27,31
22:18:28,31
22:18:29,31
22:18:30,31
22:18:31,31
22:18:32,31
22:18:33,31
22:18:34,31
22:18:35,31
22:18:35,31
22:18:36,31
22:18:37,31
22:18:38,31
22:18:39,31
22:18:40,31
22:18:41,31
22:18:42,31
22:18:43,31
22:18:43,31
22:18:44,31
22:18:45,31
22:18:46,31
22:18:47,31
22:18:48,31
22:18:49,31
22:18:50,31
22:18:50,31
22:18:51,31
22:18:52,31
22:18:53,31
22:18:54,31
22:18:55,31
22:18:56,31
22:18:57,31
22:18:58,31
22:18:59,31
22:18:59,31
22:19:00,31
22:19:01,31
22:19:02,31
22:19:03,31
22:19:04,31
22:19:05,31
22:19:06,31
22:19:07,31
22:19:07,31
22:19:08,31
22:19:09,31
22:19:10,31
22:19:11,31
22:19:12,31
22:19:13,31
22:19:14,31
22:19:14,31
22:19:15,31
22:19:16,31
22:19:17,31
22:19:18,31
22:19:19,31
22:19:20,31
22:19:21,31
22:19:22,31
22:19:22,31
22:19:23,31
22:19:24,31
22:19:25,31
22:19:26,31
22:19:27,31
22:19:28,31
22:19:29,31
22:19:30,31
22:19:30,31
22:19:31,31
22:19:32,31
22:19:33,31
22:19:34,31
22:19:35,31
22:19:36,31
22:19:37,31
22:19:38,31
22:19:39,31
22:19:39,31
22:19:41,31
22:19:41,31
22:19:42,31
22:19:43,31
22:19:44,31
22:19:45,31
22:19:46,31
22:19:47,31
22:19:47,31
22:19:48,31
22:19:49,31
22:19:50,31
22:19:51,31
22:19:52,31
22:19:53,31
22:19:54,31
22:19:55,31
22:19:55,31
22:19:56,31
22:19:57,31
22:19:58,31
22:19:59,31
22:20:00,31
22:20:01,31
22:20:02,31
22:20:03,31
22:20:03,31
22:20:04,31
22:20:05,31
22:20:06,31
22:20:07,31
22:20:08,31
22:20:09,31
22:20:10,31
22:20:11,31
22:20:11,31
22:20:12,31
22:20:13,31
22:20:14,31
22:20:15,31
22:20:16,31
22:20:17,31
22:20:18,31
22:20:19,31
22:20:19,31
22:20:21,31
22:20:21,31
22:20:22,31
22:20:23,31
22:20:24,31
22:20:25,31
22:20:26,31
22:20:27,31
22:20:27,31
22:20:28,31
22:20:30,31
22:20:30,31
22:20:31,31
22:20:32,31
22:20:33,31
22:20:34,31
22:20:35,31
22:20:36,31
22:20:37,31
22:20:38,31
22:20:38,31
22:20:39,31
22:20:40,31
22:20:41,31
22:20:42,31
22:20:43,31
22:20:44,31
22:20:45,31
22:20:46,31
22:20:46,31
22:20:47,31
22:20:48,31
22:20:49,31
22:20:50,31
22:20:51,31
22:20:52,31
22:20:53,31
22:20:53,31
22:20:54,31
22:20:55,31
22:20:56,31
22:20:57,31
22:20:58,31
22:20:59,31
22:20:59,31
22:21:01,31
22:21:01,31
22:21:02,31
22:21:03,31
22:21:04,31
22:21:05,31
22:21:06,31
22:21:07,31
22:21:07,31
22:21:09,31
22:21:09,31
22:21:10,31
22:21:11,31
22:21:12,31
22:21:13,31
22:21:14,31
22:21:15,31
22:21:15,31
22:21:17,31
22:21:17,31
22:21:18,31
22:21:19,31
22:21:20,31
22:21:21,31
22:21:22,31
22:21:23,31
22:21:23,31
22:21:25,31
22:21:25,31
22:21:26,31
22:21:27,31
22:21:28,31
22:21:29,31
22:21:30,31
22:21:31,31
22:21:31,31
22:21:32,31
22:21:33,31
22:21:34,31
22:21:35,31
22:21:36,31
22:21:37,31
22:21:38,31
22:21:39,31
22:21:39,31
22:21:40,31
22:21:41,31
22:21:42,31
22:21:43,31
22:21:44,31
22:21:45,31
22:21:46,31
22:21:46,31
22:21:47,31
22:21:48,31
22:21:49,31
22:21:50,31
22:21:51,31
22:21:52,31
22:21:53,31
22:21:54,31
22:21:54,31
22:21:55,31
22:21:56,31
22:21:57,31
22:21:58,31
22:21:59,31
22:22:00,31
22:22:01,31
22:22:02,31
22:22:02,31
22:22:03,31
22:22:04,31
,
,
,
,
,
,
,
,
,
,
,
,
,
,
,
,
,
,
,
