18:33:50 ,0
18:33:51 ,0
18:33:52 ,0
18:33:53 ,0
18:33:54 ,0
18:33:54 ,0
18:33:55 ,0
18:33:56 ,0
18:33:57 ,0
18:33:58 ,0
18:33:59 ,0
18:34:00 ,0
18:34:01 ,0
18:34:02 ,0
18:34:03 ,0
18:34:04 ,0
18:34:05 ,0
18:34:06 ,0
18:34:06 ,0
18:34:07 ,0
18:34:08 ,0
18:34:09 ,0
18:34:10 ,0
18:34:11 ,0
18:34:12 ,0
18:34:13 ,0
18:34:14 ,0
18:34:15 ,0
18:34:16 ,0
18:34:17 ,0
18:34:18 ,0
18:34:18 ,0
18:34:19 ,0
18:34:20 ,0
18:34:21 ,0
18:34:22 ,0
18:34:23 ,0
18:34:24 ,0
18:34:25 ,0
18:34:26 ,0
18:34:27 ,0
18:34:28 ,0
18:34:29 ,0
18:34:29 ,0
18:34:30 ,0
18:34:31 ,0
18:34:32 ,0
18:34:33 ,0
18:34:34 ,0
18:34:35 ,0
18:34:36 ,0
18:34:37 ,0
18:34:38 ,0
18:34:39 ,0
18:34:40 ,0
18:34:41 ,0
18:34:41 ,0
18:34:42 ,0
18:34:43 ,0
18:34:44 ,0
18:34:45 ,0
18:34:46 ,0
18:34:47 ,0
18:34:48 ,0
18:34:49 ,0
18:34:50 ,0
18:34:51 ,0
18:34:52 ,0
18:34:53 ,0
18:34:53 ,0
18:34:54 ,0
18:34:55 ,0
18:34:56 ,0
18:34:57 ,0
18:34:58 ,0
18:34:59 ,0
18:35:00 ,0
18:35:01 ,0
18:35:02 ,0
18:35:03 ,0
18:35:04 ,0
18:35:04 ,0
18:35:05 ,0
18:35:06 ,0
18:35:07 ,0
18:35:08 ,0
18:35:09 ,0
18:35:10 ,0
18:35:11 ,0
18:35:12 ,0
18:35:13 ,0
18:35:14 ,0
18:35:15 ,0
18:35:16 ,0
18:35:16 ,0
18:35:17 ,0
18:35:18 ,0
18:35:19 ,0
18:35:20 ,0
18:35:21 ,0
18:35:22 ,0
18:35:23 ,0
18:35:24 ,0
18:35:25 ,0
18:35:26 ,0
18:35:27 ,0
18:35:28 ,0
18:35:28 ,0
18:35:29 ,0
18:35:30 ,0
18:35:31 ,0
18:35:32 ,0
18:35:33 ,0
18:35:34 ,0
18:35:35 ,0
18:35:36 ,0
18:35:37 ,0
18:35:38 ,0
18:35:39 ,0
18:35:39 ,0
18:35:40 ,0
18:35:41 ,0
18:35:42 ,0
18:35:43 ,0
18:35:44 ,0
18:35:45 ,0
18:35:46 ,0
18:35:47 ,0
18:35:48 ,0
18:35:49 ,0
18:35:50 ,0
18:35:51 ,0
18:35:51 ,0
18:35:52 ,0
18:35:53 ,0
18:35:54 ,0
18:35:55 ,0
18:35:56 ,0
18:35:57 ,0
18:35:58 ,0
18:35:59 ,0
18:36:00 ,0
18:36:01 ,0
18:36:02 ,0
18:36:03 ,0
18:36:03 ,0
18:36:04 ,0
18:36:05 ,0
18:36:06 ,0
18:36:07 ,0
18:36:08 ,0
18:36:09 ,0
18:36:10 ,0
18:36:11 ,0
18:36:12 ,0
18:36:13 ,0
18:36:14 ,0
18:36:14 ,0
18:36:15 ,0
18:36:16 ,0
18:36:17 ,0
18:36:18 ,0
18:36:19 ,0
18:36:20 ,0
18:36:21 ,0
18:36:22 ,0
18:36:23 ,0
18:36:24 ,0
18:36:25 ,0
18:36:26 ,0
18:36:26 ,0
18:36:27 ,0
18:36:28 ,0
18:36:29 ,0
18:36:30 ,0
18:36:31 ,0
18:36:32 ,0
18:36:33 ,-8
18:36:34 ,-63
18:36:35 ,-63
18:36:36 ,-63
18:36:37 ,-63
18:36:38 ,-63
18:36:38 ,-63
18:36:39 ,-64
18:36:40 ,-64
18:36:41 ,-47
18:36:42 ,29
18:36:43 ,28
18:36:44 ,28
18:36:45 ,28
18:36:46 ,28
18:36:47 ,28
18:36:48 ,28
18:36:49 ,28
18:36:49 ,28
18:36:50 ,28
18:36:51 ,28
18:36:52 ,28
18:36:53 ,28
18:36:54 ,28
18:36:55 ,28
18:36:56 ,28
18:36:57 ,28
18:36:58 ,28
18:36:59 ,29
18:37:00 ,29
18:37:01 ,29
18:37:01 ,29
18:37:02 ,29
18:37:03 ,29
18:37:04 ,29
18:37:05 ,29
18:37:06 ,29
18:37:07 ,29
18:37:08 ,29
18:37:09 ,29
18:37:10 ,29
18:37:11 ,29
18:37:12 ,29
18:37:12 ,29
18:37:13 ,29
18:37:14 ,29
18:37:15 ,29
18:37:16 ,29
18:37:17 ,29
18:37:18 ,29
18:37:19 ,29
18:37:20 ,29
18:37:21 ,29
18:37:22 ,29
18:37:23 ,29
18:37:24 ,29
18:37:25 ,29
18:37:25 ,29
18:37:26 ,29
18:37:27 ,29
18:37:28 ,29
18:37:29 ,29
18:37:30 ,29
18:37:31 ,29
18:37:32 ,29
18:37:33 ,29
18:37:34 ,29
18:37:35 ,29
18:37:36 ,29
18:37:36 ,29
18:37:37 ,29
18:37:38 ,29
18:37:39 ,29
18:37:40 ,29
18:37:41 ,29
18:37:42 ,29
18:37:43 ,29
18:37:44 ,29
18:37:45 ,29
18:37:46 ,29
18:37:47 ,29
18:37:48 ,29
18:37:48 ,29
18:37:49 ,29
18:37:50 ,29
18:37:51 ,29
18:37:52 ,29
18:37:53 ,29
18:37:54 ,29
18:37:55 ,29
18:37:56 ,29
18:37:57 ,29
18:37:58 ,29
18:37:59 ,29
18:37:59 ,29
18:38:00 ,29
18:38:01 ,29
18:38:02 ,29
18:38:03 ,29
18:38:04 ,29
18:38:05 ,29
18:38:06 ,29
18:38:07 ,29
18:38:08 ,29
18:38:09 ,29
18:38:10 ,29
18:38:11 ,29
18:38:11 ,29
18:38:12 ,29
18:38:13 ,29
18:38:14 ,29
18:38:15 ,29
18:38:16 ,29
18:38:17 ,29
18:38:18 ,29
18:38:19 ,29
18:38:20 ,29
18:38:21 ,29
18:38:22 ,29
18:38:23 ,29
18:38:23 ,29
18:38:24 ,29
18:38:25 ,29
18:38:26 ,29
18:38:27 ,29
18:38:28 ,29
18:38:29 ,29
18:38:30 ,29
18:38:31 ,29
18:38:32 ,29
18:38:33 ,29
18:38:34 ,29
18:38:35 ,29
18:38:35 ,29
18:38:36 ,29
18:38:37 ,29
18:38:38 ,29
18:38:39 ,29
18:38:40 ,29
18:38:41 ,29
18:38:42 ,29
18:38:43 ,29
18:38:44 ,29
18:38:45 ,29
18:38:46 ,29
18:38:46 ,29
18:38:47 ,29
18:38:48 ,29
18:38:49 ,29
18:38:50 ,29
18:38:51 ,29
18:38:52 ,29
18:38:53 ,29
18:38:54 ,29
18:38:55 ,29
18:38:56 ,29
18:38:57 ,29
18:38:58 ,29
18:38:58 ,29
18:38:59 ,29
18:39:00 ,29
18:39:01 ,29
18:39:02 ,29
18:39:03 ,29
18:39:04 ,29
18:39:05 ,29
18:39:06 ,29
18:39:07 ,29
18:39:08 ,29
18:39:09 ,29
18:39:09 ,29
18:39:10 ,29
18:39:11 ,29
18:39:12 ,29
18:39:13 ,29
18:39:14 ,29
18:39:15 ,29
18:39:16 ,29
18:39:17 ,29
18:39:18 ,29
18:39:19 ,29
18:39:20 ,29
18:39:21 ,29
18:39:21 ,29
18:39:22 ,29
18:39:23 ,29
18:39:24 ,29
18:39:25 ,29
18:39:26 ,29
18:39:27 ,29
18:39:28 ,29
18:39:29 ,29
18:39:30 ,29
18:39:31 ,29
18:39:32 ,29
18:39:33 ,29
18:39:33 ,29
18:39:34 ,29
18:39:35 ,29
18:39:36 ,29
18:39:37 ,29
18:39:38 ,29
18:39:39 ,29
18:39:40 ,29
18:39:41 ,29
18:39:42 ,29
18:39:43 ,29
18:39:44 ,29
18:39:44 ,29
18:39:45 ,29
18:39:46 ,29
18:39:47 ,29
18:39:48 ,29
18:39:49 ,29
18:39:50 ,29
18:39:51 ,29
18:39:52 ,29
18:39:53 ,29
18:39:54 ,29
18:39:55 ,29
18:39:56 ,29
18:39:56 ,29
18:39:57 ,29
18:39:58 ,29
18:39:59 ,29
18:40:00 ,29
18:40:01 ,29
18:40:02 ,29
18:40:03 ,29
18:40:04 ,29
18:40:05 ,29
18:40:06 ,29
18:40:07 ,29
18:40:07 ,29
18:40:08 ,29
18:40:09 ,29
18:40:10 ,29
18:40:11 ,29
18:40:12 ,29
18:40:13 ,29
18:40:14 ,29
18:40:15 ,29
18:40:16 ,29
18:40:17 ,29
18:40:18 ,29
18:40:19 ,29
18:40:19 ,29
18:40:20 ,29
18:40:21 ,29
18:40:22 ,29
18:40:23 ,29
18:40:24 ,29
18:40:25 ,29
18:40:26 ,29
18:40:27 ,29
18:40:28 ,29
18:40:29 ,29
18:40:30 ,29
18:40:31 ,29
18:40:31 ,29
18:40:32 ,29
18:40:33 ,29
18:40:34 ,29
18:40:35 ,29
18:40:36 ,29
18:40:37 ,29
18:40:38 ,29
18:40:39 ,29
18:40:40 ,29
18:40:41 ,29
18:40:42 ,29
18:40:42 ,29
18:40:43 ,29
18:40:44 ,29
18:40:45 ,29
18:40:46 ,29
18:40:47 ,29
18:40:48 ,29
18:40:49 ,29
18:40:50 ,29
18:40:51 ,29
18:40:52 ,29
18:40:53 ,29
18:40:54 ,29
18:40:54 ,29
18:40:55 ,29
18:40:56 ,29
18:40:57 ,29
18:40:58 ,29
18:40:59 ,29
18:41:00 ,29
18:41:01 ,29
18:41:02 ,29
18:41:03 ,29
18:41:04 ,29
18:41:05 ,29
18:41:06 ,29
18:41:06 ,29
18:41:07 ,29
18:41:08 ,29
18:41:09 ,29
18:41:10 ,29
18:41:11 ,29
18:41:12 ,29
18:41:13 ,29
18:41:14 ,29
18:41:15 ,29
18:41:16 ,29
18:41:17 ,29
18:41:18 ,29
18:41:18 ,29
18:41:19 ,29
18:41:20 ,29
18:41:21 ,29
18:41:22 ,29
18:41:23 ,29
18:41:24 ,29
18:41:25 ,29
18:41:26 ,29
18:41:27 ,29
18:41:28 ,29
18:41:29 ,29
18:41:29 ,30
18:41:30 ,29
18:41:31 ,29
18:41:32 ,29
18:41:33 ,29
18:41:34 ,29
18:41:35 ,29
18:41:36 ,29
18:41:37 ,29
18:41:38 ,29
18:41:39 ,29
18:41:40 ,29
18:41:41 ,29
18:41:41 ,29
18:41:42 ,29
18:41:43 ,29
18:41:44 ,29
18:41:45 ,29
18:41:46 ,29
18:41:47 ,29
18:41:48 ,29
18:41:49 ,29
18:41:50 ,29
18:41:51 ,29
18:41:52 ,29
18:41:52 ,29
18:41:53 ,29
18:41:54 ,29
18:41:55 ,29
18:41:56 ,29
18:41:57 ,29
18:41:58 ,29
18:41:59 ,29
18:42:00 ,29
18:42:01 ,29
18:42:02 ,29
18:42:03 ,29
18:42:04 ,29
18:42:04 ,29
18:42:05 ,29
18:42:06 ,29
18:42:07 ,29
18:42:08 ,29
18:42:09 ,29
18:42:10 ,29
18:42:11 ,29
18:42:12 ,29
18:42:13 ,29
18:42:14 ,29
18:42:15 ,29
18:42:16 ,29
18:42:16 ,29
18:42:17 ,29
18:42:18 ,29
18:42:19 ,29
18:42:20 ,29
18:42:21 ,29
18:42:22 ,29
18:42:23 ,29
18:42:24 ,29
18:42:25 ,29
18:42:26 ,29
18:42:27 ,29
18:42:27 ,29
18:42:28 ,29
18:42:29 ,29
18:42:30 ,29
18:42:31 ,29
18:42:32 ,29
18:42:33 ,29
18:42:34 ,29
18:42:35 ,29
18:42:36 ,29
18:42:37 ,29
18:42:38 ,29
18:42:39 ,29
18:42:39 ,29
18:42:40 ,29
18:42:41 ,29
18:42:42 ,29
18:42:43 ,29
18:42:44 ,29
18:42:45 ,29
18:42:46 ,29
18:42:47 ,29
18:42:48 ,29
18:42:49 ,29
18:42:50 ,29
18:42:50 ,29
18:42:51 ,29
18:42:52 ,29
18:42:53 ,29
18:42:54 ,29
18:42:55 ,29
18:42:56 ,29
18:42:57 ,29
18:42:58 ,29
18:42:59 ,29
18:43:00 ,29
18:43:01 ,29
18:43:02 ,29
18:43:02 ,29
18:43:03 ,29
18:43:04 ,29
18:43:05 ,29
18:43:06 ,29
18:43:07 ,29
18:43:08 ,29
18:43:09 ,29
18:43:10 ,29
18:43:11 ,29
18:43:12 ,29
18:43:13 ,29
18:43:13 ,29
18:43:14 ,29
18:43:15 ,29
18:43:16 ,29
18:43:17 ,29
18:43:18 ,29
18:43:19 ,29
18:43:20 ,29
18:43:21 ,29
18:43:22 ,29
18:43:23 ,29
18:43:24 ,29
18:43:25 ,29
18:43:25 ,29
18:43:26 ,29
18:43:27 ,29
18:43:28 ,29
18:43:29 ,29
18:43:30 ,29
18:43:31 ,29
18:43:32 ,29
18:43:33 ,29
18:43:34 ,29
18:43:35 ,29
18:43:36 ,29
18:43:37 ,29
18:43:37 ,29
18:43:38 ,29
18:43:39 ,29
18:43:40 ,29
18:43:41 ,29
18:43:42 ,29
18:43:43 ,29
18:43:44 ,29
18:43:45 ,29
18:43:46 ,29
18:43:47 ,29
18:43:48 ,29
18:43:48 ,29
18:43:49 ,29
18:43:50 ,29
18:43:51 ,29
18:43:52 ,29
18:43:53 ,29
18:43:54 ,29
18:43:55 ,29
18:43:56 ,29
18:43:57 ,29
18:43:58 ,29
18:43:59 ,29
18:44:00 ,29
18:44:00 ,29
18:44:01 ,29
18:44:02 ,29
18:44:03 ,29
18:44:04 ,29
18:44:05 ,29
18:44:06 ,29
18:44:07 ,29
18:44:08 ,29
18:44:09 ,29
18:44:10 ,29
18:44:11 ,29
18:44:12 ,29
18:44:12 ,29
18:44:13 ,29
18:44:14 ,29
18:44:15 ,29
18:44:16 ,29
18:44:17 ,29
18:44:18 ,29
18:44:19 ,29
18:44:20 ,29
18:44:21 ,29
18:44:22 ,29
18:44:23 ,29
18:44:23 ,29
18:44:24 ,29
18:44:25 ,29
18:44:26 ,29
18:44:27 ,29
18:44:28 ,29
18:44:29 ,29
18:44:30 ,29
18:44:31 ,29
18:44:32 ,29
18:44:33 ,29
18:44:34 ,29
18:44:35 ,0
18:44:35 ,-61
18:44:36 ,-62
18:44:37 ,-62
18:44:38 ,-62
18:44:39 ,-63
18:44:40 ,-63
18:44:41 ,-63
18:44:42 ,-63
18:44:43 ,-63
18:44:44 ,-20
18:44:45 ,4
18:44:46 ,5
18:44:47 ,5
18:44:47 ,5
18:44:48 ,5
18:44:49 ,5
18:44:50 ,5
18:44:51 ,5
18:44:52 ,5
18:44:53 ,5
18:44:54 ,5
18:44:55 ,5
18:44:56 ,5
18:44:57 ,5
18:44:58 ,5
18:44:58 ,5
18:44:59 ,5
18:45:00 ,5
18:45:01 ,5
18:45:02 ,5
18:45:03 ,5
18:45:04 ,5
18:45:05 ,5
18:45:06 ,5
18:45:07 ,5
18:45:08 ,5
18:45:09 ,5
18:45:10 ,5
18:45:10 ,5
18:45:11 ,5
18:45:12 ,5
18:45:13 ,5
18:45:14 ,5
18:45:15 ,5
18:45:16 ,5
18:45:17 ,5
18:45:18 ,5
18:45:19 ,5
18:45:20 ,5
18:45:21 ,5
18:45:21 ,5
18:45:22 ,5
18:45:23 ,5
18:45:24 ,5
18:45:25 ,5
18:45:26 ,5
18:45:27 ,5
18:45:28 ,5
18:45:29 ,5
18:45:30 ,5
18:45:31 ,5
18:45:32 ,5
18:45:33 ,5
18:45:33 ,5
18:45:34 ,5
18:45:35 ,5
18:45:36 ,5
18:45:37 ,5
18:45:38 ,5
18:45:39 ,5
18:45:40 ,5
18:45:41 ,5
18:45:42 ,5
18:45:43 ,5
18:45:44 ,5
18:45:45 ,5
18:45:45 ,5
18:45:46 ,5
18:45:47 ,5
18:45:48 ,5
18:45:49 ,5
18:45:50 ,5
18:45:51 ,5
18:45:52 ,5
18:45:53 ,5
18:45:54 ,5
18:45:55 ,5
18:45:56 ,5
18:45:56 ,5
18:45:57 ,5
18:45:58 ,5
18:45:59 ,5
18:46:00 ,5
18:46:01 ,5
18:46:02 ,5
18:46:03 ,5
18:46:04 ,5
18:46:05 ,5
18:46:06 ,5
18:46:07 ,5
18:46:08 ,5
18:46:08 ,5
18:46:09 ,5
18:46:10 ,8
18:46:11 ,20
18:46:12 ,29
18:46:13 ,30
18:46:14 ,30
18:46:15 ,30
18:46:16 ,29
18:46:17 ,29
18:46:18 ,29
18:46:19 ,29
18:46:19 ,29
18:46:20 ,29
18:46:21 ,29
18:46:22 ,29
18:46:23 ,29
18:46:24 ,29
18:46:25 ,29
18:46:26 ,29
18:46:27 ,29
18:46:28 ,29
18:46:29 ,30
18:46:30 ,30
18:46:31 ,30
18:46:31 ,29
18:46:32 ,29
18:46:33 ,29
18:46:34 ,29
18:46:35 ,29
18:46:36 ,30
18:46:37 ,30
18:46:38 ,30
18:46:39 ,29
18:46:40 ,29
18:46:41 ,30
18:46:42 ,29
18:46:43 ,29
18:46:43 ,29
18:46:44 ,29
18:46:45 ,30
18:46:46 ,30
18:46:47 ,30
18:46:48 ,30
18:46:49 ,30
18:46:50 ,30
18:46:51 ,30
18:46:52 ,30
18:46:53 ,30
18:46:54 ,29
18:46:54 ,29
18:46:55 ,29
18:46:56 ,29
18:46:57 ,29
18:46:58 ,29
18:46:59 ,29
18:47:00 ,29
18:47:01 ,29
18:47:02 ,29
18:47:03 ,29
18:47:04 ,29
18:47:05 ,29
18:47:06 ,29
18:47:06 ,29
18:47:07 ,29
18:47:08 ,29
18:47:09 ,29
18:47:10 ,29
18:47:11 ,29
18:47:12 ,29
18:47:13 ,29
18:47:14 ,29
18:47:15 ,29
18:47:16 ,29
18:47:17 ,29
18:47:18 ,29
18:47:18 ,30
18:47:19 ,30
18:47:20 ,30
18:47:21 ,30
18:47:22 ,30
18:47:23 ,30
18:47:24 ,30
18:47:25 ,30
18:47:26 ,30
18:47:27 ,30
18:47:28 ,30
18:47:29 ,30
18:47:29 ,30
18:47:30 ,30
18:47:31 ,30
18:47:32 ,29
18:47:33 ,29
18:47:34 ,29
18:47:35 ,29
18:47:36 ,29
18:47:37 ,29
18:47:38 ,29
18:47:39 ,29
18:47:40 ,29
18:47:41 ,29
18:47:41 ,29
18:47:42 ,29
18:47:43 ,29
18:47:44 ,29
18:47:45 ,29
18:47:46 ,29
18:47:47 ,29
18:47:48 ,29
18:47:49 ,29
18:47:50 ,29
18:47:51 ,29
18:47:52 ,29
18:47:53 ,29
18:47:53 ,29
18:47:54 ,29
18:47:55 ,29
18:47:56 ,29
18:47:57 ,29
18:47:58 ,29
18:47:59 ,29
18:48:00 ,29
18:48:01 ,29
18:48:02 ,29
18:48:03 ,29
18:48:04 ,29
18:48:04 ,29
18:48:05 ,29
18:48:06 ,29
18:48:07 ,29
18:48:08 ,29
18:48:09 ,29
18:48:10 ,29
18:48:11 ,29
18:48:12 ,29
18:48:13 ,29
18:48:14 ,29
18:48:15 ,29
18:48:16 ,29
18:48:16 ,29
18:48:17 ,29
18:48:18 ,29
18:48:19 ,29
18:48:20 ,29
18:48:21 ,29
18:48:22 ,30
18:48:23 ,30
18:48:24 ,29
18:48:25 ,30
18:48:26 ,30
18:48:27 ,29
18:48:27 ,29
18:48:28 ,29
18:48:29 ,29
18:48:30 ,29
18:48:31 ,29
18:48:32 ,29
18:48:33 ,29
18:48:34 ,29
18:48:35 ,30
18:48:36 ,29
18:48:37 ,29
18:48:38 ,29
18:48:39 ,29
18:48:39 ,29
18:48:40 ,29
18:48:41 ,30
18:48:42 ,30
18:48:43 ,30
18:48:44 ,30
18:48:45 ,30
18:48:46 ,30
18:48:47 ,30
18:48:48 ,30
18:48:49 ,30
18:48:50 ,30
18:48:51 ,30
18:48:51 ,30
18:48:52 ,30
18:48:53 ,30
18:48:54 ,30
18:48:55 ,29
18:48:56 ,30
18:48:57 ,29
18:48:58 ,29
18:48:59 ,29
18:49:00 ,29
18:49:01 ,29
18:49:02 ,29
18:49:02 ,29
18:49:03 ,29
18:49:04 ,29
18:49:05 ,29
18:49:06 ,29
18:49:07 ,29
18:49:08 ,29
18:49:09 ,29
18:49:10 ,29
18:49:11 ,29
18:49:12 ,30
18:49:13 ,30
18:49:14 ,30
18:49:14 ,29
18:49:15 ,29
18:49:16 ,29
18:49:17 ,29
18:49:18 ,29
18:49:19 ,29
18:49:20 ,29
18:49:21 ,30
18:49:22 ,30
18:49:23 ,29
18:49:24 ,30
18:49:25 ,20
18:49:26 ,-60
18:49:26 ,-61
18:49:27 ,-61
18:49:28 ,-61
18:49:29 ,-62
18:49:30 ,-62
18:49:31 ,-62
18:49:32 ,-62
18:49:33 ,-62
18:49:34 ,-62
18:49:35 ,-12
18:49:36 ,3
18:49:37 ,4
18:49:37 ,4
18:49:38 ,4
18:49:39 ,4
18:49:40 ,4
18:49:41 ,4
18:49:42 ,4
18:49:43 ,4
18:49:44 ,4
18:49:45 ,4
18:49:46 ,4
18:49:47 ,4
18:49:48 ,4
18:49:49 ,4
18:49:49 ,4
18:49:50 ,4
18:49:51 ,4
18:49:52 ,4
18:49:53 ,4
18:49:54 ,4
18:49:55 ,4
18:49:56 ,4
18:49:57 ,4
18:49:58 ,4
18:49:59 ,4
18:50:00 ,4
18:50:00 ,4
18:50:01 ,4
18:50:02 ,4
18:50:03 ,4
18:50:04 ,4
18:50:05 ,4
18:50:06 ,4
18:50:07 ,4
18:50:08 ,4
18:50:09 ,4
18:50:10 ,4
18:50:11 ,4
18:50:12 ,4
18:50:12 ,4
18:50:13 ,4
18:50:14 ,4
18:50:15 ,4
18:50:16 ,4
18:50:17 ,4
18:50:18 ,4
18:50:19 ,4
18:50:20 ,4
18:50:21 ,4
18:50:22 ,4
18:50:23 ,4
18:50:23 ,4
18:50:24 ,4
18:50:25 ,4
18:50:26 ,4
18:50:27 ,4
18:50:28 ,4
18:50:29 ,4
18:50:30 ,4
18:50:31 ,4
18:50:32 ,4
18:50:33 ,4
18:50:34 ,4
18:50:35 ,4
18:50:35 ,4
18:50:36 ,4
18:50:37 ,4
18:50:38 ,4
18:50:39 ,4
18:50:40 ,4
18:50:41 ,4
18:50:42 ,4
18:50:43 ,4
18:50:44 ,4
18:50:45 ,4
18:50:46 ,4
18:50:47 ,4
18:50:47 ,4
18:50:48 ,4
18:50:49 ,4
18:50:50 ,4
18:50:51 ,4
18:50:52 ,4
18:50:53 ,4
18:50:54 ,4
18:50:55 ,4
18:50:56 ,4
18:50:57 ,4
18:50:58 ,4
18:50:58 ,4
18:50:59 ,4
18:51:00 ,4
18:51:01 ,4
18:51:02 ,4
18:51:03 ,4
18:51:04 ,4
18:51:05 ,4
18:51:06 ,4
18:51:07 ,4
18:51:08 ,4
18:51:09 ,4
18:51:10 ,4
18:51:10 ,4
18:51:11 ,4
18:51:12 ,4
18:51:13 ,4
18:51:14 ,4
18:51:15 ,4
18:51:16 ,4
18:51:17 ,4
18:51:18 ,4
18:51:19 ,4
18:51:20 ,4
18:51:21 ,4
18:51:22 ,4
18:51:22 ,4
18:51:23 ,4
18:51:24 ,4
18:51:25 ,4
18:51:26 ,4
18:51:27 ,4
18:51:28 ,4
18:51:29 ,4
18:51:30 ,4
18:51:31 ,4
18:51:32 ,4
18:51:33 ,4
18:51:33 ,4
18:51:34 ,4
18:51:35 ,4
18:51:36 ,7
18:51:37 ,18
18:51:38 ,32
18:51:39 ,35
18:51:40 ,35
18:51:41 ,35
18:51:42 ,35
18:51:43 ,35
18:51:44 ,35
18:51:45 ,35
18:51:45 ,35
18:51:46 ,35
18:51:47 ,35
18:51:48 ,35
18:51:49 ,35
18:51:50 ,35
18:51:51 ,35
18:51:52 ,35
18:51:53 ,35
18:51:54 ,35
18:51:55 ,35
18:51:56 ,35
18:51:56 ,35
18:51:57 ,35
18:51:58 ,35
18:51:59 ,35
18:52:00 ,35
18:52:01 ,35
18:52:02 ,35
18:52:03 ,35
18:52:04 ,35
18:52:05 ,35
18:52:06 ,35
18:52:07 ,35
18:52:08 ,35
18:52:08 ,35
18:52:09 ,35
18:52:10 ,35
18:52:11 ,35
18:52:12 ,36
18:52:13 ,36
18:52:14 ,36
18:52:15 ,36
18:52:16 ,36
18:52:17 ,36
18:52:18 ,35
18:52:19 ,35
18:52:20 ,35
18:52:20 ,35
18:52:21 ,35
18:52:22 ,35
18:52:23 ,35
18:52:24 ,35
18:52:25 ,35
18:52:26 ,35
18:52:27 ,35
18:52:28 ,35
18:52:29 ,36
18:52:30 ,36
18:52:31 ,36
18:52:31 ,35
18:52:32 ,35
18:52:33 ,35
18:52:34 ,35
18:52:35 ,35
18:52:36 ,35
18:52:37 ,35
18:52:38 ,35
18:52:39 ,35
18:52:40 ,36
18:52:41 ,36
18:52:42 ,36
18:52:43 ,36
18:52:43 ,36
18:52:44 ,36
18:52:45 ,36
18:52:46 ,36
18:52:47 ,36
18:52:48 ,36
18:52:49 ,36
18:52:50 ,36
18:52:51 ,36
18:52:52 ,36
18:52:53 ,36
18:52:54 ,36
18:52:54 ,36
18:52:55 ,36
18:52:56 ,36
18:52:57 ,36
18:52:58 ,36
18:52:59 ,36
18:53:00 ,36
18:53:01 ,36
18:53:02 ,36
18:53:03 ,36
18:53:04 ,36
18:53:05 ,36
18:53:06 ,36
18:53:07 ,36
18:53:07 ,36
18:53:08 ,36
18:53:09 ,36
18:53:10 ,35
18:53:11 ,36
18:53:12 ,35
18:53:13 ,35
18:53:14 ,35
18:53:15 ,35
18:53:16 ,35
18:53:17 ,35
18:53:18 ,35
18:53:18 ,35
18:53:19 ,35
18:53:20 ,35
18:53:21 ,35
18:53:22 ,35
18:53:23 ,35
18:53:24 ,35
18:53:25 ,35
18:53:26 ,35
18:53:27 ,35
18:53:28 ,35
18:53:29 ,35
18:53:29 ,35
18:53:30 ,35
18:53:31 ,35
18:53:32 ,35
18:53:33 ,35
18:53:34 ,35
18:53:35 ,35
18:53:36 ,35
18:53:37 ,35
18:53:38 ,35
18:53:39 ,35
18:53:40 ,35
18:53:41 ,35
18:53:41 ,35
18:53:42 ,35
18:53:43 ,35
18:53:44 ,35
18:53:45 ,35
18:53:46 ,35
18:53:47 ,35
18:53:48 ,35
18:53:49 ,35
18:53:50 ,35
18:53:51 ,35
18:53:52 ,35
18:53:53 ,35
18:53:53 ,35
18:53:54 ,35
18:53:55 ,35
18:53:56 ,35
18:53:57 ,35
18:53:58 ,35
18:53:59 ,35
18:54:00 ,35
18:54:01 ,35
18:54:02 ,35
18:54:03 ,35
18:54:04 ,35
18:54:04 ,35
18:54:05 ,35
18:54:06 ,35
18:54:07 ,35
18:54:08 ,35
18:54:09 ,35
18:54:10 ,35
18:54:11 ,35
18:54:12 ,35
18:54:13 ,35
18:54:14 ,35
18:54:15 ,35
18:54:16 ,35
18:54:16 ,35
18:54:17 ,35
18:54:18 ,35
18:54:19 ,35
18:54:20 ,35
18:54:21 ,35
18:54:22 ,35
18:54:23 ,35
18:54:24 ,35
18:54:25 ,35
18:54:26 ,35
18:54:27 ,35
18:54:28 ,35
18:54:28 ,35
18:54:29 ,35
18:54:30 ,35
18:54:31 ,35
18:54:32 ,35
18:54:33 ,35
18:54:34 ,35
18:54:35 ,35
18:54:36 ,35
18:54:37 ,35
18:54:38 ,35
18:54:39 ,35
18:54:39 ,35
18:54:40 ,35
18:54:41 ,35
18:54:42 ,35
18:54:43 ,35
18:54:44 ,35
18:54:45 ,35
18:54:46 ,35
18:54:47 ,35
18:54:48 ,35
18:54:49 ,35
18:54:50 ,35
18:54:51 ,35
18:54:51 ,36
18:54:52 ,36
18:54:53 ,36
18:54:54 ,36
18:54:55 ,36
18:54:56 ,36
18:54:57 ,36
18:54:58 ,36
18:54:59 ,36
18:55:00 ,36
18:55:01 ,36
18:55:02 ,36
18:55:02 ,36
18:55:03 ,36
18:55:04 ,36
18:55:05 ,36
18:55:06 ,36
18:55:07 ,36
18:55:08 ,36
18:55:09 ,36
18:55:10 ,36
18:55:11 ,36
18:55:12 ,36
18:55:13 ,36
18:55:14 ,36
18:55:14 ,36
18:55:15 ,36
18:55:16 ,36
18:55:17 ,36
18:55:18 ,36
18:55:19 ,36
18:55:20 ,36
18:55:21 ,-31
18:55:22 ,-62
18:55:23 ,-62
18:55:24 ,-63
18:55:25 ,-63
18:55:26 ,-63
18:55:26 ,-63
18:55:27 ,-63
18:55:28 ,-63
18:55:29 ,-63
18:55:30 ,-63
18:55:31 ,-63
18:55:32 ,-63
18:55:33 ,-15
18:55:34 ,3
18:55:35 ,3
18:55:36 ,3
18:55:37 ,3
18:55:37 ,3
18:55:38 ,3
18:55:39 ,3
18:55:40 ,3
18:55:41 ,3
18:55:42 ,3
18:55:43 ,3
18:55:44 ,3
18:55:45 ,3
18:55:46 ,3
18:55:47 ,3
18:55:48 ,3
18:55:49 ,3
18:55:49 ,3
18:55:50 ,3
18:55:51 ,3
18:55:52 ,3
18:55:53 ,3
18:55:54 ,3
18:55:55 ,3
18:55:56 ,3
18:55:57 ,3
18:55:58 ,3
18:55:59 ,3
18:56:00 ,3
18:56:00 ,3
18:56:01 ,3
18:56:02 ,3
18:56:03 ,3
18:56:04 ,3
18:56:05 ,3
18:56:06 ,3
18:56:07 ,3
18:56:08 ,3
18:56:09 ,3
18:56:10 ,3
18:56:11 ,3
18:56:12 ,3
18:56:12 ,3
18:56:13 ,3
18:56:14 ,3
18:56:15 ,3
18:56:16 ,3
18:56:17 ,3
18:56:18 ,3
18:56:19 ,12
18:56:20 ,26
18:56:21 ,32
18:56:22 ,33
18:56:23 ,33
18:56:24 ,33
18:56:24 ,33
18:56:25 ,33
18:56:26 ,33
18:56:27 ,33
18:56:28 ,33
18:56:29 ,33
18:56:30 ,33
18:56:31 ,33
18:56:32 ,33
18:56:33 ,33
18:56:34 ,33
18:56:35 ,33
18:56:35 ,33
18:56:36 ,33
18:56:37 ,33
18:56:38 ,33
18:56:39 ,33
18:56:40 ,33
18:56:41 ,33
18:56:42 ,33
18:56:43 ,33
18:56:44 ,33
18:56:45 ,33
18:56:46 ,33
18:56:47 ,33
18:56:47 ,33
18:56:48 ,33
18:56:49 ,33
18:56:50 ,33
18:56:51 ,33
18:56:52 ,33
18:56:53 ,33
18:56:54 ,33
18:56:55 ,33
18:56:56 ,33
18:56:57 ,33
18:56:58 ,33
18:56:58 ,33
18:56:59 ,33
18:57:00 ,33
18:57:01 ,33
18:57:02 ,33
18:57:03 ,33
18:57:04 ,33
18:57:05 ,33
18:57:06 ,33
18:57:07 ,33
18:57:08 ,33
18:57:09 ,33
18:57:10 ,33
18:57:10 ,33
18:57:11 ,33
18:57:12 ,33
18:57:13 ,33
18:57:14 ,33
18:57:15 ,33
18:57:16 ,33
18:57:17 ,33
18:57:18 ,33
18:57:19 ,33
18:57:20 ,33
18:57:21 ,33
18:57:21 ,33
18:57:22 ,33
18:57:23 ,33
18:57:24 ,33
18:57:25 ,33
18:57:26 ,33
18:57:27 ,33
18:57:28 ,33
18:57:29 ,33
18:57:30 ,33
18:57:31 ,33
18:57:32 ,33
18:57:33 ,33
18:57:33 ,33
18:57:34 ,33
18:57:35 ,33
18:57:36 ,33
18:57:37 ,33
18:57:38 ,33
18:57:39 ,33
18:57:40 ,33
18:57:41 ,33
18:57:42 ,33
18:57:43 ,33
18:57:44 ,33
18:57:45 ,33
18:57:45 ,33
18:57:46 ,33
18:57:47 ,33
18:57:48 ,33
18:57:49 ,33
18:57:50 ,33
18:57:51 ,33
18:57:52 ,33
18:57:53 ,33
18:57:54 ,33
18:57:55 ,33
18:57:56 ,33
18:57:57 ,33
18:57:57 ,33
18:57:58 ,33
18:57:59 ,33
18:58:00 ,33
18:58:01 ,33
18:58:02 ,33
18:58:03 ,33
18:58:04 ,33
18:58:05 ,33
18:58:06 ,33
18:58:07 ,33
18:58:08 ,33
18:58:08 ,33
18:58:09 ,33
18:58:10 ,33
18:58:11 ,33
18:58:12 ,33
18:58:13 ,33
18:58:14 ,33
18:58:15 ,33
18:58:16 ,33
18:58:17 ,33
18:58:18 ,33
18:58:19 ,33
18:58:20 ,33
18:58:20 ,33
18:58:21 ,33
18:58:22 ,33
18:58:23 ,33
18:58:24 ,33
18:58:25 ,33
18:58:26 ,33
18:58:27 ,33
18:58:28 ,33
18:58:29 ,33
18:58:30 ,33
18:58:31 ,33
18:58:31 ,33
18:58:32 ,33
18:58:33 ,33
18:58:34 ,33
18:58:35 ,33
18:58:36 ,33
18:58:37 ,33
18:58:38 ,33
18:58:39 ,33
18:58:40 ,33
18:58:41 ,33
18:58:42 ,33
18:58:43 ,33
18:58:43 ,33
18:58:44 ,33
18:58:45 ,33
18:58:46 ,33
18:58:47 ,33
18:58:48 ,33
18:58:49 ,33
18:58:50 ,33
18:58:51 ,33
18:58:52 ,33
18:58:53 ,33
18:58:54 ,33
18:58:55 ,33
18:58:55 ,33
18:58:56 ,33
18:58:57 ,33
18:58:58 ,33
18:58:59 ,33
18:59:00 ,33
18:59:01 ,33
18:59:02 ,33
18:59:03 ,33
18:59:04 ,33
18:59:05 ,33
18:59:06 ,33
18:59:06 ,33
18:59:07 ,33
18:59:08 ,33
18:59:09 ,33
18:59:10 ,33
18:59:11 ,33
18:59:12 ,33
18:59:13 ,33
18:59:14 ,33
18:59:15 ,33
18:59:16 ,33
18:59:17 ,33
18:59:18 ,33
18:59:18 ,33
18:59:19 ,33
18:59:20 ,33
18:59:21 ,33
18:59:22 ,33
18:59:23 ,33
18:59:24 ,33
18:59:25 ,33
18:59:26 ,33
18:59:27 ,33
18:59:28 ,33
18:59:29 ,33
18:59:29 ,33
18:59:30 ,33
18:59:31 ,33
18:59:32 ,33
18:59:33 ,33
18:59:34 ,33
18:59:35 ,33
18:59:36 ,33
18:59:37 ,33
18:59:38 ,33
18:59:39 ,33
18:59:40 ,33
18:59:41 ,33
18:59:41 ,33
18:59:42 ,33
18:59:43 ,33
18:59:44 ,33
18:59:45 ,33
18:59:46 ,33
18:59:47 ,33
18:59:48 ,33
18:59:49 ,33
18:59:50 ,33
18:59:51 ,33
18:59:52 ,33
18:59:53 ,33
18:59:53 ,33
18:59:54 ,33
18:59:55 ,33
18:59:56 ,33
18:59:57 ,33
18:59:58 ,33
18:59:59 ,33
19:00:00 ,33
19:00:01 ,33
19:00:02 ,33
19:00:03 ,33
19:00:04 ,33
19:00:04 ,33
19:00:05 ,33
19:00:06 ,33
19:00:07 ,33
19:00:08 ,33
19:00:09 ,33
19:00:10 ,33
19:00:11 ,33
19:00:12 ,33
19:00:13 ,33
19:00:14 ,33
19:00:15 ,33
19:00:16 ,33
19:00:16 ,33
19:00:17 ,33
19:00:18 ,33
19:00:19 ,33
19:00:20 ,33
19:00:21 ,33
19:00:22 ,33
19:00:23 ,33
19:00:24 ,33
19:00:25 ,33
19:00:26 ,33
19:00:27 ,33
19:00:27 ,33
19:00:28 ,33
19:00:29 ,33
19:00:30 ,33
19:00:31 ,33
19:00:32 ,33
19:00:33 ,33
19:00:34 ,33
19:00:35 ,33
19:00:36 ,33
19:00:37 ,33
19:00:38 ,33
19:00:39 ,33
19:00:39 ,33
19:00:40 ,33
19:00:41 ,33
19:00:42 ,33
19:00:43 ,33
19:00:44 ,33
19:00:45 ,33
19:00:46 ,33
19:00:47 ,33
19:00:48 ,33
19:00:49 ,33
19:00:50 ,33
19:00:50 ,33
19:00:51 ,33
19:00:52 ,33
19:00:53 ,33
19:00:54 ,33
19:00:55 ,33
19:00:56 ,33
19:00:57 ,33
19:00:58 ,33
19:00:59 ,33
19:01:00 ,33
19:01:01 ,33
19:01:02 ,33
19:01:02 ,33
19:01:03 ,33
19:01:04 ,33
19:01:05 ,33
19:01:06 ,33
19:01:07 ,33
19:01:08 ,33
19:01:09 ,33
19:01:10 ,33
19:01:11 ,33
19:01:12 ,33
19:01:13 ,33
19:01:14 ,33
19:01:14 ,33
19:01:15 ,33
19:01:16 ,33
19:01:17 ,33
19:01:18 ,33
19:01:19 ,33
19:01:20 ,33
19:01:21 ,33
19:01:22 ,33
19:01:23 ,33
19:01:24 ,33
19:01:25 ,33
19:01:25 ,33
19:01:26 ,33
19:01:27 ,33
19:01:28 ,33
19:01:29 ,33
19:01:30 ,33
19:01:31 ,33
19:01:32 ,33
19:01:33 ,33
19:01:34 ,33
19:01:35 ,33
19:01:36 ,33
19:01:37 ,33
19:01:37 ,33
19:01:38 ,33
19:01:39 ,33
19:01:40 ,33
19:01:41 ,33
19:01:42 ,33
19:01:43 ,33
19:01:44 ,33
19:01:45 ,33
19:01:46 ,33
19:01:47 ,33
19:01:48 ,33
19:01:49 ,33
19:01:49 ,33
19:01:50 ,33
19:01:51 ,33
19:01:52 ,33
19:01:53 ,33
19:01:54 ,33
19:01:55 ,33
19:01:56 ,33
19:01:57 ,33
19:01:58 ,33
19:01:59 ,33
19:02:00 ,33
19:02:00 ,33
19:02:01 ,34
19:02:02 ,34
19:02:03 ,34
19:02:04 ,34
19:02:05 ,34
19:02:06 ,34
19:02:07 ,33
19:02:08 ,33
19:02:09 ,34
19:02:10 ,34
19:02:11 ,33
19:02:12 ,33
19:02:12 ,33
19:02:13 ,33
19:02:14 ,33
19:02:15 ,33
19:02:16 ,33
19:02:17 ,33
19:02:18 ,33
19:02:19 ,33
19:02:20 ,33
19:02:21 ,33
19:02:22 ,34
19:02:23 ,34
19:02:24 ,34
19:02:24 ,34
19:02:25 ,34
19:02:26 ,34
19:02:27 ,34
19:02:28 ,34
19:02:29 ,33
19:02:30 ,33
19:02:31 ,33
19:02:32 ,33
19:02:33 ,33
19:02:34 ,33
19:02:35 ,33
19:02:36 ,33
19:02:36 ,33
19:02:37 ,33
19:02:38 ,33
19:02:39 ,33
19:02:40 ,34
19:02:41 ,34
19:02:42 ,34
19:02:43 ,34
19:02:44 ,34
19:02:45 ,33
19:02:46 ,34
19:02:47 ,33
19:02:47 ,12
19:02:48 ,-61
19:02:49 ,-62
19:02:50 ,-62
19:02:51 ,-62
19:02:52 ,-63
19:02:53 ,-63
19:02:54 ,-63
19:02:55 ,-63
19:02:56 ,-63
19:02:57 ,-46
19:02:58 ,1
19:02:58 ,1
19:02:59 ,1
19:03:00 ,2
19:03:01 ,2
19:03:02 ,2
19:03:03 ,2
19:03:04 ,2
19:03:05 ,2
19:03:06 ,2
19:03:07 ,2
19:03:08 ,2
19:03:09 ,2
19:03:10 ,2
19:03:10 ,2
19:03:11 ,2
19:03:12 ,9
19:03:13 ,19
19:03:14 ,31
19:03:15 ,35
19:03:16 ,35
19:03:17 ,35
19:03:18 ,35
19:03:19 ,35
19:03:20 ,35
19:03:21 ,35
19:03:21 ,35
19:03:22 ,35
19:03:23 ,35
19:03:24 ,35
19:03:25 ,35
19:03:26 ,35
19:03:27 ,35
19:03:28 ,35
19:03:29 ,35
19:03:30 ,35
19:03:31 ,35
19:03:32 ,35
19:03:33 ,35
19:03:33 ,35
19:03:34 ,36
19:03:35 ,36
19:03:36 ,36
19:03:37 ,36
19:03:38 ,36
19:03:39 ,36
19:03:40 ,36
19:03:41 ,36
19:03:42 ,36
19:03:43 ,36
19:03:44 ,36
19:03:45 ,36
19:03:45 ,36
19:03:46 ,36
19:03:47 ,36
19:03:48 ,36
19:03:49 ,36
19:03:50 ,36
19:03:51 ,36
19:03:52 ,36
19:03:53 ,36
19:03:54 ,36
19:03:55 ,36
19:03:56 ,36
19:03:56 ,36
19:03:57 ,36
19:03:58 ,36
19:03:59 ,36
19:04:00 ,36
19:04:01 ,36
19:04:02 ,36
19:04:03 ,36
19:04:04 ,36
19:04:05 ,36
19:04:06 ,36
19:04:07 ,36
19:04:08 ,36
19:04:08 ,36
19:04:09 ,36
19:04:10 ,36
19:04:11 ,36
19:04:12 ,36
19:04:13 ,36
19:04:14 ,36
19:04:15 ,36
19:04:16 ,36
19:04:17 ,36
19:04:18 ,36
19:04:19 ,36
19:04:19 ,36
19:04:20 ,36
19:04:21 ,36
19:04:22 ,36
19:04:23 ,36
19:04:24 ,36
19:04:25 ,36
19:04:26 ,36
19:04:27 ,36
19:04:28 ,36
19:04:29 ,36
19:04:30 ,36
19:04:31 ,36
19:04:31 ,36
19:04:32 ,36
19:04:33 ,36
19:04:34 ,36
19:04:35 ,36
19:04:36 ,36
19:04:37 ,36
19:04:38 ,36
19:04:39 ,36
19:04:40 ,36
19:04:41 ,36
19:04:42 ,36
19:04:43 ,36
19:04:43 ,36
19:04:44 ,36
19:04:45 ,36
19:04:46 ,36
19:04:47 ,36
19:04:48 ,36
19:04:49 ,36
19:04:50 ,36
19:04:51 ,36
19:04:52 ,36
19:04:53 ,36
19:04:54 ,36
19:04:54 ,36
19:04:55 ,36
19:04:56 ,36
19:04:57 ,36
19:04:58 ,36
19:04:59 ,36
19:05:00 ,36
19:05:01 ,36
19:05:02 ,36
19:05:03 ,36
19:05:04 ,36
19:05:05 ,36
19:05:06 ,36
19:05:06 ,36
19:05:07 ,36
19:05:08 ,36
19:05:09 ,36
19:05:10 ,36
19:05:11 ,36
19:05:12 ,36
19:05:13 ,36
19:05:14 ,36
19:05:15 ,36
19:05:16 ,36
19:05:17 ,36
19:05:17 ,36
19:05:18 ,36
19:05:19 ,36
19:05:20 ,36
19:05:21 ,36
19:05:22 ,36
19:05:23 ,36
19:05:24 ,36
19:05:25 ,36
19:05:26 ,36
19:05:27 ,36
19:05:28 ,36
19:05:29 ,36
19:05:29 ,36
19:05:30 ,36
19:05:31 ,36
19:05:32 ,36
19:05:33 ,36
19:05:34 ,36
19:05:35 ,36
19:05:36 ,36
19:05:37 ,36
19:05:38 ,36
19:05:39 ,36
19:05:40 ,36
19:05:41 ,36
19:05:41 ,36
19:05:42 ,36
19:05:43 ,36
19:05:44 ,36
19:05:45 ,36
19:05:46 ,36
19:05:47 ,36
19:05:48 ,36
19:05:49 ,36
19:05:50 ,36
19:05:51 ,36
19:05:52 ,36
19:05:52 ,36
19:05:53 ,36
19:05:54 ,36
19:05:55 ,36
19:05:56 ,36
19:05:57 ,36
19:05:58 ,36
19:05:59 ,36
19:06:00 ,36
19:06:01 ,36
19:06:02 ,36
19:06:03 ,36
19:06:04 ,36
19:06:04 ,36
19:06:05 ,36
19:06:06 ,36
19:06:07 ,36
19:06:08 ,36
19:06:09 ,36
19:06:10 ,36
19:06:11 ,36
19:06:12 ,36
19:06:13 ,36
19:06:14 ,36
19:06:15 ,36
19:06:15 ,36
19:06:16 ,36
19:06:17 ,36
19:06:18 ,36
19:06:19 ,36
19:06:20 ,36
19:06:21 ,36
19:06:22 ,36
19:06:23 ,36
19:06:24 ,36
19:06:25 ,36
19:06:26 ,36
19:06:27 ,36
19:06:27 ,36
19:06:28 ,36
19:06:29 ,36
19:06:30 ,36
19:06:31 ,36
19:06:32 ,36
19:06:33 ,36
19:06:34 ,36
19:06:35 ,36
19:06:36 ,36
19:06:37 ,36
19:06:38 ,36
19:06:39 ,36
19:06:39 ,36
19:06:40 ,36
19:06:41 ,36
19:06:42 ,36
19:06:43 ,36
19:06:44 ,36
19:06:45 ,36
19:06:46 ,36
19:06:47 ,36
19:06:48 ,36
19:06:49 ,36
19:06:50 ,36
19:06:50 ,36
19:06:51 ,36
19:06:52 ,36
19:06:53 ,36
19:06:54 ,36
19:06:55 ,36
19:06:56 ,36
19:06:57 ,36
19:06:58 ,36
19:06:59 ,36
19:07:00 ,36
19:07:01 ,36
19:07:02 ,36
19:07:02 ,36
19:07:03 ,36
19:07:04 ,36
19:07:05 ,36
19:07:06 ,36
19:07:07 ,36
19:07:08 ,36
19:07:09 ,36
19:07:10 ,36
19:07:11 ,36
19:07:12 ,36
19:07:13 ,36
19:07:13 ,36
19:07:14 ,36
19:07:15 ,36
19:07:16 ,36
19:07:17 ,36
19:07:18 ,36
19:07:19 ,36
19:07:20 ,36
19:07:21 ,36
19:07:22 ,36
19:07:23 ,36
19:07:24 ,36
19:07:25 ,36
19:07:25 ,36
19:07:26 ,36
19:07:27 ,36
19:07:28 ,36
19:07:29 ,36
19:07:30 ,36
19:07:31 ,36
19:07:32 ,36
19:07:33 ,36
19:07:34 ,36
19:07:35 ,36
19:07:36 ,36
19:07:37 ,36
19:07:37 ,36
19:07:38 ,36
19:07:39 ,36
19:07:40 ,36
19:07:41 ,36
19:07:42 ,36
19:07:43 ,36
19:07:44 ,36
19:07:45 ,36
19:07:46 ,36
19:07:47 ,36
19:07:48 ,36
19:07:48 ,36
19:07:49 ,36
19:07:50 ,36
19:07:51 ,36
19:07:52 ,36
19:07:53 ,36
19:07:54 ,36
19:07:55 ,36
19:07:56 ,36
19:07:57 ,36
19:07:58 ,36
19:07:59 ,36
19:08:00 ,36
19:08:00 ,36
19:08:01 ,36
19:08:02 ,36
19:08:03 ,36
19:08:04 ,36
19:08:05 ,36
19:08:06 ,36
19:08:07 ,36
19:08:08 ,36
19:08:09 ,36
19:08:10 ,36
19:08:11 ,36
19:08:12 ,36
19:08:12 ,36
19:08:13 ,36
19:08:14 ,36
19:08:15 ,36
19:08:16 ,36
19:08:17 ,36
19:08:18 ,36
19:08:19 ,36
19:08:20 ,36
19:08:21 ,36
19:08:22 ,36
19:08:23 ,36
19:08:23 ,36
19:08:24 ,36
19:08:25 ,36
19:08:26 ,36
19:08:27 ,36
19:08:28 ,36
19:08:29 ,36
19:08:30 ,36
19:08:31 ,36
19:08:32 ,36
19:08:33 ,36
19:08:34 ,36
19:08:35 ,36
19:08:35 ,36
19:08:36 ,36
19:08:37 ,36
19:08:38 ,36
19:08:39 ,36
19:08:40 ,36
19:08:41 ,36
19:08:42 ,36
19:08:43 ,36
19:08:44 ,36
19:08:45 ,36
19:08:46 ,36
19:08:46 ,36
19:08:47 ,36
19:08:48 ,36
19:08:49 ,36
19:08:50 ,36
19:08:51 ,36
19:08:52 ,36
19:08:53 ,36
19:08:54 ,36
19:08:55 ,36
19:08:56 ,36
19:08:57 ,36
19:08:58 ,36
19:08:58 ,36
19:08:59 ,36
19:09:00 ,36
19:09:01 ,36
19:09:02 ,36
19:09:03 ,36
19:09:04 ,36
19:09:05 ,36
19:09:06 ,36
19:09:07 ,36
19:09:08 ,36
19:09:09 ,36
19:09:09 ,36
19:09:10 ,36
19:09:11 ,36
19:09:12 ,36
19:09:13 ,36
19:09:14 ,36
19:09:15 ,36
19:09:16 ,36
19:09:17 ,36
19:09:18 ,36
19:09:19 ,36
19:09:20 ,36
19:09:21 ,36
19:09:21 ,36
19:09:22 ,36
19:09:23 ,36
19:09:24 ,36
19:09:25 ,36
19:09:26 ,36
19:09:27 ,36
19:09:28 ,36
19:09:29 ,36
19:09:30 ,36
19:09:31 ,36
19:09:32 ,36
19:09:33 ,36
19:09:33 ,36
19:09:34 ,36
19:09:35 ,36
19:09:36 ,36
19:09:37 ,36
19:09:38 ,36
19:09:39 ,36
19:09:40 ,36
19:09:41 ,36
19:09:42 ,36
19:09:43 ,36
19:09:44 ,36
19:09:44 ,36
19:09:45 ,36
19:09:46 ,36
19:09:47 ,36
19:09:48 ,36
19:09:49 ,36
19:09:50 ,36
19:09:51 ,36
19:09:52 ,36
19:09:53 ,36
19:09:54 ,36
19:09:55 ,36
19:09:56 ,36
19:09:56 ,36
19:09:57 ,36
19:09:58 ,36
19:09:59 ,36
19:10:00 ,36
19:10:01 ,36
19:10:02 ,36
19:10:03 ,36
19:10:04 ,36
19:10:05 ,36
19:10:06 ,36
19:10:07 ,36
19:10:07 ,36
19:10:08 ,36
19:10:09 ,36
19:10:10 ,36
19:10:11 ,36
19:10:12 ,36
19:10:13 ,36
19:10:14 ,36
19:10:15 ,36
19:10:16 ,36
19:10:17 ,36
19:10:18 ,36
19:10:19 ,36
19:10:19 ,36
19:10:20 ,36
19:10:21 ,36
19:10:22 ,36
19:10:23 ,36
19:10:24 ,36
19:10:25 ,36
19:10:26 ,36
19:10:27 ,36
19:10:28 ,36
19:10:29 ,36
19:10:30 ,36
19:10:31 ,36
19:10:31 ,36
19:10:32 ,36
19:10:33 ,36
19:10:34 ,36
19:10:35 ,36
19:10:36 ,36
19:10:37 ,36
19:10:38 ,36
19:10:39 ,36
19:10:40 ,36
19:10:41 ,36
19:10:42 ,36
19:10:42 ,36
19:10:43 ,36
19:10:44 ,36
19:10:45 ,36
19:10:46 ,36
19:10:47 ,36
19:10:48 ,36
19:10:49 ,36
19:10:50 ,36
19:10:51 ,36
19:10:52 ,36
19:10:53 ,36
19:10:54 ,36
19:10:54 ,36
19:10:55 ,36
19:10:56 ,36
19:10:57 ,36
19:10:58 ,36
19:10:59 ,36
19:11:00 ,36
19:11:01 ,36
19:11:02 ,36
19:11:03 ,36
19:11:04 ,36
19:11:05 ,36
19:11:05 ,36
19:11:06 ,36
19:11:07 ,36
19:11:08 ,36
19:11:09 ,36
19:11:10 ,36
19:11:11 ,36
19:11:12 ,36
19:11:13 ,36
19:11:14 ,36
19:11:15 ,36
19:11:16 ,36
19:11:17 ,36
19:11:17 ,36
19:11:18 ,36
19:11:19 ,36
19:11:20 ,36
19:11:21 ,36
19:11:22 ,36
19:11:23 ,36
19:11:24 ,36
19:11:25 ,36
19:11:26 ,36
19:11:27 ,36
19:11:28 ,36
19:11:29 ,36
19:11:29 ,36
19:11:30 ,36
19:11:31 ,36
19:11:32 ,36
19:11:33 ,36
19:11:34 ,36
19:11:35 ,36
19:11:36 ,36
19:11:37 ,36
19:11:38 ,36
19:11:39 ,36
19:11:40 ,36
19:11:40 ,36
19:11:41 ,36
19:11:42 ,36
19:11:43 ,36
19:11:44 ,36
19:11:45 ,36
19:11:46 ,36
19:11:47 ,-56
19:11:48 ,-61
19:11:49 ,-62
19:11:50 ,-62
19:11:51 ,-62
19:11:52 ,-62
19:11:52 ,-62
19:11:53 ,-62
19:11:54 ,-62
19:11:55 ,-63
19:11:56 ,-63
19:11:57 ,-59
19:11:58 ,1
19:11:59 ,2
19:12:00 ,2
19:12:01 ,2
19:12:02 ,2
19:12:03 ,2
19:12:03 ,2
19:12:04 ,2
19:12:05 ,2
19:12:06 ,2
19:12:07 ,2
19:12:08 ,2
19:12:09 ,2
19:12:10 ,2
19:12:11 ,2
19:12:12 ,2
19:12:13 ,2
19:12:14 ,2
19:12:15 ,2
19:12:15 ,2
19:12:16 ,2
19:12:17 ,2
19:12:18 ,2
19:12:19 ,2
19:12:20 ,2
19:12:21 ,2
19:12:22 ,2
19:12:23 ,2
19:12:24 ,2
19:12:25 ,2
19:12:26 ,2
19:12:26 ,2
19:12:27 ,2
19:12:28 ,2
19:12:29 ,2
19:12:30 ,2
19:12:31 ,5
19:12:32 ,18
19:12:33 ,32
19:12:34 ,42
19:12:35 ,46
19:12:36 ,46
19:12:37 ,46
19:12:38 ,46
19:12:38 ,46
19:12:39 ,46
19:12:40 ,46
19:12:41 ,46
19:12:42 ,46
19:12:43 ,46
19:12:44 ,46
19:12:45 ,46
19:12:46 ,46
19:12:47 ,46
19:12:48 ,46
19:12:49 ,46
19:12:50 ,46
19:12:50 ,46
19:12:51 ,46
19:12:52 ,46
19:12:53 ,46
19:12:54 ,46
19:12:55 ,46
19:12:56 ,46
19:12:57 ,46
19:12:58 ,46
19:12:59 ,46
19:13:00 ,46
19:13:01 ,46
19:13:01 ,46
19:13:02 ,46
19:13:03 ,46
19:13:04 ,46
19:13:05 ,46
19:13:06 ,46
19:13:07 ,46
19:13:08 ,46
19:13:09 ,46
19:13:10 ,46
19:13:11 ,46
19:13:12 ,46
19:13:13 ,46
19:13:13 ,46
19:13:14 ,46
19:13:15 ,46
19:13:16 ,46
19:13:17 ,46
19:13:18 ,46
19:13:19 ,46
19:13:20 ,46
19:13:21 ,46
19:13:22 ,46
19:13:23 ,46
19:13:24 ,46
19:13:24 ,46
19:13:25 ,46
19:13:26 ,46
19:13:27 ,46
19:13:28 ,46
19:13:29 ,46
19:13:30 ,46
19:13:31 ,46
19:13:32 ,46
19:13:33 ,46
19:13:34 ,46
19:13:35 ,46
19:13:36 ,46
19:13:36 ,46
19:13:37 ,46
19:13:38 ,46
19:13:39 ,46
19:13:40 ,46
19:13:41 ,46
19:13:42 ,46
19:13:43 ,46
19:13:44 ,46
19:13:45 ,46
19:13:46 ,46
19:13:47 ,46
19:13:48 ,46
19:13:48 ,46
19:13:49 ,46
19:13:50 ,47
19:13:51 ,46
19:13:52 ,46
19:13:53 ,46
19:13:54 ,46
19:13:55 ,46
19:13:56 ,46
19:13:57 ,46
19:13:58 ,46
19:13:59 ,46
19:14:00 ,46
19:14:00 ,46
19:14:01 ,46
19:14:02 ,47
19:14:03 ,46
19:14:04 ,46
19:14:05 ,46
19:14:06 ,46
19:14:07 ,46
19:14:08 ,46
19:14:09 ,47
19:14:10 ,47
19:14:11 ,47
19:14:11 ,47
19:14:12 ,47
19:14:13 ,47
19:14:14 ,47
19:14:15 ,47
19:14:16 ,47
19:14:17 ,47
19:14:18 ,47
19:14:19 ,47
19:14:20 ,47
19:14:21 ,47
19:14:22 ,47
19:14:22 ,47
19:14:23 ,47
19:14:24 ,47
19:14:25 ,47
19:14:26 ,47
19:14:27 ,47
19:14:28 ,47
19:14:29 ,47
19:14:30 ,47
19:14:31 ,47
19:14:32 ,47
19:14:33 ,47
19:14:34 ,46
19:14:34 ,47
19:14:35 ,46
19:14:36 ,47
19:14:37 ,47
19:14:38 ,47
19:14:39 ,47
19:14:40 ,47
19:14:41 ,47
19:14:42 ,47
19:14:43 ,47
19:14:44 ,47
19:14:45 ,47
19:14:46 ,47
19:14:46 ,47
19:14:47 ,47
19:14:48 ,47
19:14:49 ,47
19:14:50 ,47
19:14:51 ,47
19:14:52 ,47
19:14:53 ,47
19:14:54 ,47
19:14:55 ,46
19:14:56 ,46
19:14:57 ,46
19:14:57 ,46
19:14:58 ,46
19:14:59 ,46
19:15:00 ,46
19:15:01 ,47
19:15:02 ,46
19:15:03 ,46
19:15:04 ,46
19:15:05 ,46
19:15:06 ,46
19:15:07 ,46
19:15:08 ,46
19:15:09 ,46
19:15:09 ,46
19:15:10 ,47
19:15:11 ,46
19:15:12 ,46
19:15:13 ,46
19:15:14 ,46
19:15:15 ,46
19:15:16 ,46
19:15:17 ,46
19:15:18 ,46
19:15:19 ,46
19:15:20 ,47
19:15:20 ,46
19:15:21 ,46
19:15:22 ,46
19:15:23 ,46
19:15:24 ,46
19:15:25 ,46
19:15:26 ,46
19:15:27 ,46
19:15:28 ,46
19:15:29 ,47
19:15:30 ,47
19:15:31 ,47
19:15:32 ,47
19:15:32 ,47
19:15:33 ,47
19:15:34 ,47
19:15:35 ,47
19:15:36 ,47
19:15:37 ,47
19:15:38 ,47
19:15:39 ,47
19:15:40 ,47
19:15:41 ,47
19:15:42 ,47
19:15:43 ,47
19:15:44 ,47
19:15:44 ,47
19:15:45 ,47
19:15:46 ,47
19:15:47 ,47
19:15:48 ,47
19:15:49 ,47
19:15:50 ,47
19:15:51 ,47
19:15:52 ,47
19:15:53 ,47
19:15:54 ,47
19:15:55 ,47
19:15:55 ,47
19:15:56 ,47
19:15:57 ,47
19:15:58 ,47
19:15:59 ,47
19:16:00 ,47
19:16:01 ,47
19:16:02 ,47
19:16:03 ,47
19:16:04 ,47
19:16:05 ,47
19:16:06 ,47
19:16:07 ,47
19:16:07 ,47
19:16:08 ,47
19:16:09 ,47
19:16:10 ,47
19:16:11 ,47
19:16:12 ,47
19:16:13 ,47
19:16:14 ,47
19:16:15 ,47
19:16:16 ,47
19:16:17 ,47
19:16:18 ,47
19:16:19 ,47
19:16:19 ,47
19:16:20 ,47
19:16:21 ,47
19:16:22 ,47
19:16:23 ,47
19:16:24 ,47
19:16:25 ,47
19:16:26 ,47
19:16:27 ,47
19:16:28 ,47
19:16:29 ,47
19:16:30 ,47
19:16:30 ,47
19:16:31 ,47
19:16:32 ,47
19:16:33 ,47
19:16:34 ,47
19:16:35 ,47
19:16:36 ,47
19:16:37 ,47
19:16:38 ,47
19:16:39 ,47
19:16:40 ,47
19:16:41 ,47
19:16:41 ,47
19:16:42 ,47
19:16:43 ,47
19:16:44 ,47
19:16:45 ,47
19:16:46 ,47
19:16:47 ,47
19:16:48 ,47
19:16:49 ,47
19:16:50 ,47
19:16:51 ,47
19:16:52 ,47
19:16:53 ,47
19:16:53 ,47
19:16:54 ,47
19:16:55 ,47
19:16:56 ,47
19:16:57 ,47
19:16:58 ,47
19:16:59 ,47
19:17:00 ,47
19:17:01 ,47
19:17:02 ,47
19:17:03 ,47
19:17:04 ,47
19:17:05 ,47
19:17:05 ,47
19:17:06 ,47
19:17:07 ,47
19:17:08 ,47
19:17:09 ,47
19:17:10 ,47
19:17:11 ,47
19:17:12 ,47
19:17:13 ,47
19:17:14 ,47
19:17:15 ,47
19:17:16 ,47
19:17:16 ,47
19:17:17 ,47
19:17:18 ,47
19:17:19 ,47
19:17:20 ,47
19:17:21 ,47
19:17:22 ,47
19:17:23 ,47
19:17:24 ,47
19:17:25 ,47
19:17:26 ,47
19:17:27 ,47
19:17:28 ,47
19:17:28 ,47
19:17:29 ,47
19:17:30 ,-8
19:17:31 ,-61
19:17:32 ,-62
19:17:33 ,-62
19:17:34 ,-62
19:17:35 ,-62
19:17:36 ,-62
19:17:37 ,-62
19:17:38 ,-62
19:17:39 ,-63
19:17:40 ,-63
19:17:40 ,-63
19:17:41 ,-63
19:17:42 ,-63
19:17:43 ,-40
19:17:44 ,1
19:17:45 ,1
19:17:46 ,1
19:17:47 ,1
19:17:48 ,1
19:17:49 ,1
19:17:50 ,1
19:17:51 ,1
19:17:51 ,1
19:17:52 ,1
19:17:53 ,1
19:17:54 ,1
19:17:55 ,1
19:17:56 ,1
19:17:57 ,1
19:17:58 ,1
19:17:59 ,1
19:18:00 ,1
19:18:01 ,1
19:18:02 ,1
19:18:03 ,1
19:18:03 ,1
19:18:04 ,1
19:18:05 ,2
19:18:06 ,2
19:18:07 ,2
19:18:08 ,2
19:18:09 ,2
19:18:10 ,1
19:18:11 ,1
19:18:12 ,1
19:18:13 ,1
19:18:14 ,1
19:18:14 ,1
19:18:15 ,2
19:18:16 ,2
19:18:17 ,2
19:18:18 ,2
19:18:19 ,2
19:18:20 ,2
19:18:21 ,2
19:18:22 ,2
19:18:23 ,2
19:18:24 ,2
19:18:25 ,2
19:18:26 ,2
19:18:26 ,2
19:18:27 ,2
19:18:28 ,2
19:18:29 ,2
19:18:30 ,2
19:18:31 ,2
19:18:32 ,2
19:18:33 ,2
19:18:34 ,2
19:18:35 ,2
19:18:36 ,2
19:18:37 ,2
19:18:38 ,2
19:18:38 ,2
19:18:39 ,2
19:18:40 ,2
19:18:41 ,2
19:18:42 ,2
19:18:43 ,2
19:18:44 ,2
19:18:45 ,2
19:18:46 ,2
19:18:47 ,2
19:18:48 ,2
19:18:49 ,2
19:18:49 ,2
19:18:50 ,2
19:18:51 ,2
19:18:52 ,2
19:18:53 ,2
19:18:54 ,2
19:18:55 ,2
19:18:56 ,2
19:18:57 ,2
19:18:58 ,2
19:18:59 ,2
19:19:00 ,2
19:19:01 ,2
19:19:01 ,2
19:19:02 ,2
19:19:03 ,2
19:19:04 ,2
19:19:05 ,2
19:19:06 ,2
19:19:07 ,2
19:19:08 ,2
19:19:09 ,2
19:19:10 ,2
19:19:11 ,2
19:19:12 ,2
19:19:12 ,2
19:19:13 ,2
19:19:14 ,2
19:19:15 ,2
19:19:16 ,2
19:19:17 ,2
19:19:18 ,2
19:19:19 ,2
19:19:20 ,2
19:19:21 ,2
19:19:22 ,2
19:19:23 ,2
19:19:24 ,2
19:19:24 ,2
19:19:25 ,2
19:19:26 ,2
19:19:27 ,2
19:19:28 ,2
19:19:29 ,2
19:19:30 ,2
19:19:31 ,2
19:19:32 ,2
19:19:33 ,2
19:19:34 ,2
19:19:35 ,2
19:19:35 ,2
19:19:36 ,2
19:19:37 ,2
19:19:38 ,2
19:19:39 ,2
19:19:40 ,2
19:19:41 ,2
19:19:42 ,2
19:19:43 ,2
19:19:44 ,2
19:19:45 ,2
19:19:46 ,2
19:19:47 ,2
19:19:48 ,2
19:19:48 ,2
19:19:49 ,2
19:19:50 ,2
19:19:51 ,2
19:19:52 ,2
19:19:53 ,2
19:19:54 ,2
19:19:55 ,2
19:19:56 ,2
19:19:57 ,2
19:19:58 ,2
19:19:59 ,2
19:19:59 ,2
19:20:00 ,2
19:20:01 ,2
19:20:02 ,2
19:20:03 ,2
19:20:04 ,2
19:20:05 ,2
19:20:06 ,2
19:20:07 ,2
19:20:08 ,2
19:20:09 ,2
19:20:10 ,2
19:20:10 ,2
19:20:11 ,2
19:20:12 ,2
19:20:13 ,2
19:20:14 ,2
19:20:15 ,2
19:20:16 ,2
19:20:17 ,2
19:20:18 ,2
19:20:19 ,2
19:20:20 ,2
19:20:21 ,2
19:20:22 ,2
19:20:22 ,2
19:20:23 ,2
19:20:24 ,2
19:20:25 ,2
19:20:26 ,2
19:20:27 ,2
19:20:28 ,2
19:20:29 ,2
19:20:30 ,2
19:20:31 ,2
19:20:32 ,2
19:20:33 ,2
19:20:33 ,2
19:20:34 ,2
19:20:35 ,2
19:20:36 ,2
19:20:37 ,2
19:20:38 ,2
19:20:39 ,2
19:20:40 ,2
19:20:41 ,2
19:20:42 ,2
19:20:43 ,2
19:20:44 ,2
19:20:45 ,2
19:20:45 ,2
19:20:46 ,2
19:20:47 ,2
19:20:48 ,2
19:20:49 ,2
19:20:50 ,2
19:20:51 ,2
19:20:52 ,2
19:20:53 ,2
19:20:54 ,2
19:20:55 ,2
19:20:56 ,2
19:20:57 ,2
19:20:57 ,2
19:20:58 ,1
19:20:59 ,1
19:21:00 ,1
19:21:01 ,1
19:21:02 ,1
19:21:03 ,1
19:21:04 ,1
19:21:05 ,1
19:21:06 ,1
19:21:07 ,1
19:21:08 ,1
19:21:08 ,2
19:21:09 ,2
19:21:10 ,2
19:21:11 ,2
19:21:12 ,1
19:21:13 ,1
19:21:14 ,1
19:21:15 ,1
19:21:16 ,2
19:21:17 ,2
19:21:18 ,2
19:21:19 ,2
19:21:20 ,2
19:21:20 ,2
19:21:21 ,2
19:21:22 ,2
19:21:23 ,2
19:21:24 ,2
19:21:25 ,2
19:21:26 ,2
19:21:27 ,2
19:21:28 ,2
19:21:29 ,2
19:21:30 ,2
19:21:31 ,2
19:21:31 ,2
19:21:32 ,2
19:21:33 ,2
19:21:34 ,2
19:21:35 ,2
19:21:36 ,2
19:21:37 ,1
19:21:38 ,1
19:21:39 ,1
19:21:40 ,1
19:21:41 ,1
19:21:42 ,1
19:21:43 ,1
19:21:43 ,1
19:21:44 ,1
19:21:45 ,1
19:21:46 ,1
19:21:47 ,1
19:21:48 ,1
19:21:49 ,1
19:21:50 ,1
19:21:51 ,1
19:21:52 ,1
19:21:53 ,1
19:21:54 ,1
19:21:55 ,1
19:21:55 ,2
19:21:56 ,2
19:21:57 ,2
19:21:58 ,1
19:21:59 ,1
19:22:00 ,1
19:22:01 ,2
19:22:02 ,1
19:22:03 ,2
19:22:04 ,1
19:22:05 ,1
19:22:06 ,1
19:22:06 ,1
19:22:07 ,1
19:22:08 ,1
19:22:09 ,1
19:22:10 ,2
19:22:11 ,2
19:22:12 ,2
19:22:13 ,2
19:22:14 ,2
19:22:15 ,2
19:22:16 ,2
19:22:17 ,2
19:22:18 ,2
19:22:18 ,2
19:22:19 ,2
19:22:20 ,2
19:22:21 ,2
19:22:22 ,2
19:22:23 ,2
19:22:24 ,2
19:22:25 ,2
19:22:26 ,2
19:22:27 ,2
19:22:28 ,2
19:22:29 ,2
19:22:29 ,2
19:22:30 ,2
19:22:31 ,2
19:22:32 ,2
19:22:33 ,1
19:22:34 ,1
19:22:35 ,1
19:22:36 ,1
19:22:37 ,1
19:22:38 ,1
19:22:39 ,2
19:22:40 ,2
19:22:41 ,2
19:22:41 ,2
19:22:42 ,2
19:22:43 ,2
19:22:44 ,2
19:22:45 ,2
19:22:46 ,2
19:22:47 ,2
19:22:48 ,2
19:22:49 ,2
19:22:50 ,2
19:22:51 ,2
19:22:52 ,2
19:22:52 ,2
19:22:53 ,2
19:22:54 ,2
19:22:55 ,2
19:22:56 ,2
19:22:57 ,2
19:22:58 ,1
19:22:59 ,1
19:23:00 ,1
19:23:01 ,1
19:23:02 ,1
19:23:03 ,1
19:23:04 ,1
19:23:04 ,1
19:23:05 ,1
19:23:06 ,1
19:23:07 ,1
19:23:08 ,1
19:23:09 ,1
19:23:10 ,2
19:23:11 ,2
19:23:12 ,2
19:23:13 ,2
19:23:14 ,2
19:23:15 ,2
19:23:16 ,1
19:23:16 ,1
19:23:17 ,1
19:23:18 ,1
19:23:19 ,1
19:23:20 ,1
19:23:21 ,1
19:23:22 ,1
19:23:23 ,1
19:23:24 ,2
19:23:25 ,2
19:23:26 ,2
19:23:27 ,2
19:23:27 ,2
19:23:28 ,2
19:23:29 ,2
19:23:30 ,2
19:23:31 ,2
19:23:32 ,2
19:23:33 ,2
19:23:34 ,2
19:23:35 ,2
19:23:36 ,2
19:23:37 ,2
19:23:38 ,1
19:23:39 ,1
19:23:39 ,1
19:23:40 ,2
19:23:41 ,2
19:23:42 ,1
19:23:43 ,2
19:23:44 ,2
19:23:45 ,2
19:23:46 ,2
19:23:47 ,2
19:23:48 ,2
19:23:49 ,2
19:23:50 ,1
19:23:50 ,1
19:23:51 ,1
19:23:52 ,1
19:23:53 ,1
19:23:54 ,1
19:23:55 ,1
19:23:56 ,1
19:23:57 ,1
19:23:58 ,1
19:23:59 ,2
19:24:00 ,2
19:24:01 ,2
19:24:02 ,2
19:24:02 ,2
19:24:03 ,2
19:24:04 ,2
19:24:05 ,2
19:24:06 ,2
19:24:07 ,2
19:24:08 ,2
19:24:09 ,2
19:24:10 ,2
19:24:11 ,2
19:24:12 ,2
19:24:13 ,2
19:24:14 ,2
19:24:14 ,2
19:24:15 ,2
19:24:16 ,2
19:24:17 ,2
19:24:18 ,11
19:24:19 ,26
19:24:20 ,31
19:24:21 ,31
19:24:22 ,32
19:24:23 ,32
19:24:24 ,32
19:24:25 ,32
19:24:25 ,32
19:24:26 ,32
19:24:27 ,32
19:24:28 ,32
19:24:29 ,32
19:24:30 ,32
19:24:31 ,32
19:24:32 ,32
19:24:33 ,32
19:24:34 ,32
19:24:35 ,32
19:24:36 ,32
19:24:37 ,32
19:24:37 ,32
19:24:38 ,32
19:24:39 ,32
19:24:40 ,32
19:24:41 ,32
19:24:42 ,32
19:24:43 ,32
19:24:44 ,32
19:24:45 ,32
19:24:46 ,0
19:24:47 ,-61
19:24:48 ,-62
19:24:48 ,-62
19:24:49 ,-62
19:24:50 ,-62
19:24:51 ,-62
19:24:52 ,-62
19:24:53 ,-63
19:24:54 ,-63
19:24:55 ,-26
19:24:56 ,2
19:24:57 ,2
19:24:58 ,2
19:24:59 ,2
19:25:00 ,3
19:25:00 ,3
19:25:01 ,3
19:25:02 ,3
19:25:03 ,3
19:25:04 ,3
19:25:05 ,3
19:25:06 ,3
19:25:07 ,3
19:25:08 ,3
19:25:09 ,3
19:25:10 ,3
19:25:11 ,3
19:25:11 ,3
19:25:12 ,3
19:25:13 ,3
19:25:14 ,3
19:25:15 ,3
19:25:16 ,3
19:25:17 ,3
19:25:18 ,3
19:25:19 ,3
19:25:20 ,3
19:25:21 ,3
19:25:22 ,3
19:25:23 ,3
19:25:23 ,3
19:25:24 ,3
19:25:25 ,3
19:25:26 ,3
19:25:27 ,3
19:25:28 ,3
19:25:29 ,3
19:25:30 ,3
19:25:31 ,3
19:25:32 ,3
19:25:33 ,3
19:25:34 ,3
19:25:35 ,3
19:25:35 ,3
19:25:36 ,3
19:25:37 ,3
19:25:38 ,3
19:25:39 ,3
19:25:40 ,3
19:25:41 ,3
19:25:42 ,3
19:25:43 ,3
19:25:44 ,3
19:25:45 ,3
19:25:46 ,3
19:25:46 ,14
19:25:47 ,32
19:25:48 ,38
19:25:49 ,38
19:25:50 ,38
19:25:51 ,38
19:25:52 ,38
19:25:53 ,38
19:25:54 ,38
19:25:55 ,39
19:25:56 ,39
19:25:57 ,39
19:25:58 ,39
19:25:58 ,39
19:25:59 ,39
19:26:00 ,39
19:26:01 ,39
19:26:02 ,39
19:26:03 ,39
19:26:04 ,39
19:26:05 ,39
19:26:06 ,39
19:26:07 ,39
19:26:08 ,39
19:26:09 ,39
19:26:09 ,39
19:26:10 ,39
19:26:11 ,39
19:26:12 ,39
19:26:13 ,39
19:26:14 ,39
19:26:15 ,39
19:26:16 ,39
19:26:17 ,39
19:26:18 ,39
19:26:19 ,39
19:26:20 ,39
19:26:21 ,39
19:26:21 ,39
19:26:22 ,39
19:26:23 ,39
19:26:24 ,39
19:26:25 ,39
19:26:26 ,39
19:26:27 ,39
19:26:28 ,39
19:26:29 ,39
19:26:30 ,39
19:26:31 ,39
19:26:32 ,39
19:26:33 ,39
19:26:33 ,39
19:26:34 ,39
19:26:35 ,39
19:26:36 ,39
19:26:37 ,39
19:26:38 ,39
19:26:39 ,39
19:26:40 ,39
19:26:41 ,39
19:26:42 ,39
19:26:43 ,39
19:26:44 ,39
19:26:44 ,39
19:26:45 ,39
19:26:46 ,39
19:26:47 ,39
19:26:48 ,39
19:26:49 ,39
19:26:50 ,39
19:26:51 ,39
19:26:52 ,39
19:26:53 ,39
19:26:54 ,39
19:26:55 ,39
19:26:56 ,39
19:26:56 ,39
19:26:57 ,39
19:26:58 ,39
19:26:59 ,39
19:27:00 ,39
19:27:01 ,39
19:27:02 ,39
19:27:03 ,39
19:27:04 ,39
19:27:05 ,39
19:27:06 ,39
19:27:07 ,39
19:27:07 ,39
19:27:08 ,39
19:27:09 ,39
19:27:10 ,39
19:27:11 ,39
19:27:12 ,39
19:27:13 ,39
19:27:14 ,39
19:27:15 ,39
19:27:16 ,39
19:27:17 ,39
19:27:18 ,39
19:27:19 ,39
19:27:19 ,39
19:27:20 ,39
19:27:21 ,39
19:27:22 ,39
19:27:23 ,39
19:27:24 ,39
19:27:25 ,39
19:27:26 ,39
19:27:27 ,39
19:27:28 ,39
19:27:29 ,39
19:27:30 ,39
19:27:31 ,39
19:27:31 ,39
19:27:32 ,39
19:27:33 ,39
19:27:34 ,39
19:27:35 ,39
19:27:36 ,39
19:27:37 ,39
19:27:38 ,39
19:27:39 ,39
19:27:40 ,39
19:27:41 ,39
19:27:42 ,39
19:27:42 ,39
19:27:43 ,39
19:27:44 ,39
19:27:45 ,39
19:27:46 ,39
19:27:47 ,39
19:27:48 ,39
19:27:49 ,39
19:27:50 ,39
19:27:51 ,39
19:27:52 ,39
19:27:53 ,39
19:27:54 ,39
19:27:54 ,39
19:27:55 ,39
19:27:56 ,39
19:27:57 ,39
19:27:58 ,39
19:27:59 ,39
19:28:00 ,39
19:28:01 ,39
19:28:02 ,39
19:28:03 ,39
19:28:04 ,39
19:28:05 ,39
19:28:05 ,39
19:28:06 ,39
19:28:07 ,39
19:28:08 ,39
19:28:09 ,39
19:28:10 ,39
19:28:11 ,39
19:28:12 ,39
19:28:13 ,39
19:28:14 ,39
19:28:15 ,39
19:28:16 ,39
19:28:17 ,39
19:28:17 ,39
19:28:18 ,39
19:28:19 ,39
19:28:20 ,39
19:28:21 ,39
19:28:22 ,39
19:28:23 ,39
19:28:24 ,39
19:28:25 ,39
19:28:26 ,39
19:28:27 ,39
19:28:28 ,39
19:28:28 ,39
19:28:29 ,39
19:28:30 ,39
19:28:31 ,39
19:28:32 ,39
19:28:33 ,39
19:28:34 ,39
19:28:35 ,39
19:28:36 ,39
19:28:37 ,39
19:28:38 ,39
19:28:39 ,39
19:28:40 ,39
19:28:40 ,39
19:28:41 ,39
19:28:42 ,39
19:28:43 ,39
19:28:44 ,39
19:28:45 ,39
19:28:46 ,39
19:28:47 ,39
19:28:48 ,39
19:28:49 ,39
19:28:50 ,39
19:28:51 ,39
19:28:52 ,39
19:28:52 ,39
19:28:53 ,39
19:28:54 ,39
19:28:55 ,39
19:28:56 ,39
19:28:57 ,39
19:28:58 ,39
19:28:59 ,39
19:29:00 ,39
19:29:01 ,39
19:29:02 ,39
19:29:03 ,39
19:29:03 ,39
19:29:04 ,39
19:29:05 ,39
19:29:06 ,39
19:29:07 ,39
19:29:08 ,39
19:29:09 ,39
19:29:10 ,39
19:29:11 ,39
19:29:12 ,39
19:29:13 ,39
19:29:14 ,39
19:29:15 ,39
19:29:15 ,39
19:29:16 ,39
19:29:17 ,39
19:29:18 ,39
19:29:19 ,39
19:29:20 ,39
19:29:21 ,39
19:29:22 ,39
19:29:23 ,39
19:29:24 ,39
19:29:25 ,39
19:29:26 ,39
19:29:26 ,39
19:29:27 ,39
19:29:28 ,39
19:29:29 ,39
19:29:30 ,39
19:29:31 ,39
19:29:32 ,39
19:29:33 ,39
19:29:34 ,39
19:29:35 ,39
19:29:36 ,39
19:29:37 ,39
19:29:38 ,39
19:29:38 ,39
19:29:39 ,39
19:29:40 ,39
19:29:41 ,39
19:29:42 ,39
19:29:43 ,39
19:29:44 ,39
19:29:45 ,39
19:29:46 ,39
19:29:47 ,39
19:29:48 ,39
19:29:49 ,39
19:29:49 ,39
19:29:50 ,39
19:29:51 ,39
19:29:52 ,39
19:29:53 ,39
19:29:54 ,39
19:29:55 ,39
19:29:56 ,39
19:29:57 ,39
19:29:58 ,39
19:29:59 ,39
19:30:00 ,39
19:30:01 ,39
19:30:02 ,39
19:30:02 ,39
19:30:03 ,39
19:30:04 ,39
19:30:05 ,39
19:30:06 ,39
19:30:07 ,39
19:30:08 ,39
19:30:09 ,39
19:30:10 ,39
19:30:11 ,39
19:30:12 ,39
19:30:13 ,39
19:30:13 ,39
19:30:14 ,39
19:30:15 ,39
19:30:16 ,39
19:30:17 ,39
19:30:18 ,39
19:30:19 ,39
19:30:20 ,39
19:30:21 ,39
19:30:22 ,39
19:30:23 ,39
19:30:24 ,39
19:30:24 ,39
19:30:25 ,39
19:30:26 ,39
19:30:27 ,39
19:30:28 ,39
19:30:29 ,39
19:30:30 ,39
19:30:31 ,39
19:30:32 ,39
19:30:33 ,39
19:30:34 ,39
19:30:35 ,39
19:30:36 ,39
19:30:36 ,39
19:30:37 ,39
19:30:38 ,39
19:30:39 ,39
19:30:40 ,39
19:30:41 ,39
19:30:42 ,39
19:30:43 ,39
19:30:44 ,39
19:30:45 ,39
19:30:46 ,39
19:30:47 ,39
19:30:47 ,39
19:30:48 ,39
19:30:49 ,39
19:30:50 ,39
19:30:51 ,39
19:30:52 ,39
19:30:53 ,39
19:30:54 ,39
19:30:55 ,39
19:30:56 ,39
19:30:57 ,39
19:30:58 ,39
19:30:59 ,39
19:31:00 ,39
19:31:00 ,39
19:31:01 ,39
19:31:02 ,39
19:31:03 ,39
19:31:04 ,39
19:31:05 ,39
19:31:06 ,39
19:31:07 ,39
19:31:08 ,39
19:31:09 ,39
19:31:10 ,39
19:31:11 ,39
19:31:11 ,39
19:31:12 ,39
19:31:13 ,39
19:31:14 ,39
19:31:15 ,39
19:31:16 ,39
19:31:17 ,39
19:31:18 ,39
19:31:19 ,39
19:31:20 ,39
19:31:21 ,39
19:31:22 ,39
19:31:22 ,39
19:31:23 ,39
19:31:24 ,39
19:31:25 ,39
19:31:26 ,39
19:31:27 ,39
19:31:28 ,39
19:31:29 ,39
19:31:30 ,39
19:31:31 ,39
19:31:32 ,39
19:31:33 ,39
19:31:34 ,39
19:31:34 ,39
19:31:35 ,39
19:31:36 ,39
19:31:37 ,39
19:31:38 ,39
19:31:39 ,39
19:31:40 ,39
19:31:41 ,39
19:31:42 ,39
19:31:43 ,39
19:31:44 ,39
19:31:45 ,39
19:31:45 ,39
19:31:46 ,39
19:31:47 ,39
19:31:48 ,39
19:31:49 ,39
19:31:50 ,39
19:31:51 ,39
19:31:52 ,39
19:31:53 ,39
19:31:54 ,39
19:31:55 ,39
19:31:56 ,39
19:31:57 ,39
19:31:57 ,39
19:31:58 ,39
19:31:59 ,39
19:32:00 ,39
19:32:01 ,39
19:32:02 ,39
19:32:03 ,39
19:32:04 ,39
19:32:05 ,39
19:32:06 ,39
19:32:07 ,39
19:32:08 ,39
19:32:08 ,39
19:32:09 ,39
19:32:10 ,39
19:32:11 ,39
19:32:12 ,39
19:32:13 ,39
19:32:14 ,39
19:32:15 ,39
19:32:16 ,39
19:32:17 ,39
19:32:18 ,39
19:32:19 ,40
19:32:20 ,40
19:32:20 ,40
19:32:21 ,39
19:32:22 ,39
19:32:23 ,39
19:32:24 ,39
19:32:25 ,39
19:32:26 ,39
19:32:27 ,39
19:32:28 ,39
19:32:29 ,39
19:32:30 ,39
19:32:31 ,39
19:32:31 ,39
19:32:32 ,39
19:32:33 ,39
19:32:34 ,39
19:32:35 ,39
19:32:36 ,39
19:32:37 ,39
19:32:38 ,39
19:32:39 ,39
19:32:40 ,39
19:32:41 ,39
19:32:42 ,39
19:32:43 ,39
19:32:43 ,39
19:32:44 ,39
19:32:45 ,39
19:32:46 ,39
19:32:47 ,39
19:32:48 ,39
19:32:49 ,39
19:32:50 ,39
19:32:51 ,39
19:32:52 ,39
19:32:53 ,39
19:32:54 ,39
19:32:55 ,39
19:32:55 ,39
19:32:56 ,39
19:32:57 ,39
19:32:58 ,39
19:32:59 ,39
19:33:00 ,39
19:33:01 ,39
19:33:02 ,39
19:33:03 ,39
19:33:04 ,39
19:33:05 ,39
19:33:06 ,39
19:33:06 ,39
19:33:07 ,39
19:33:08 ,39
19:33:09 ,39
19:33:10 ,39
19:33:11 ,39
19:33:12 ,39
19:33:13 ,39
19:33:14 ,39
19:33:15 ,39
19:33:16 ,39
19:33:17 ,39
19:33:18 ,39
19:33:18 ,39
19:33:19 ,39
19:33:20 ,39
19:33:21 ,39
19:33:22 ,39
19:33:23 ,39
19:33:24 ,39
19:33:25 ,39
19:33:26 ,39
19:33:27 ,39
19:33:28 ,39
19:33:29 ,39
19:33:30 ,39
19:33:30 ,39
19:33:31 ,39
19:33:32 ,39
19:33:33 ,39
19:33:34 ,39
19:33:35 ,39
19:33:36 ,39
19:33:37 ,39
19:33:38 ,39
19:33:39 ,39
19:33:40 ,39
19:33:41 ,39
19:33:41 ,39
19:33:42 ,39
19:33:43 ,39
19:33:44 ,39
19:33:45 ,39
19:33:46 ,39
19:33:47 ,39
19:33:48 ,39
19:33:49 ,39
19:33:50 ,39
19:33:51 ,39
19:33:52 ,39
19:33:53 ,39
19:33:53 ,39
19:33:54 ,39
19:33:55 ,39
19:33:56 ,39
19:33:57 ,39
19:33:58 ,39
19:33:59 ,39
19:34:00 ,39
19:34:01 ,39
19:34:02 ,39
19:34:03 ,39
19:34:04 ,39
19:34:05 ,39
19:34:05 ,39
19:34:06 ,39
19:34:07 ,39
19:34:08 ,39
19:34:09 ,39
19:34:10 ,39
19:34:11 ,39
19:34:12 ,39
19:34:13 ,39
19:34:14 ,39
19:34:15 ,39
19:34:16 ,39
19:34:16 ,39
19:34:17 ,39
19:34:18 ,39
19:34:19 ,39
19:34:20 ,39
19:34:21 ,39
19:34:22 ,39
19:34:23 ,39
19:34:24 ,39
19:34:25 ,39
19:34:26 ,39
19:34:27 ,39
19:34:28 ,39
19:34:28 ,39
19:34:29 ,39
19:34:30 ,39
19:34:31 ,39
19:34:32 ,39
19:34:33 ,39
19:34:34 ,39
19:34:35 ,39
19:34:36 ,39
19:34:37 ,39
19:34:38 ,39
19:34:39 ,39
19:34:39 ,39
19:34:40 ,40
19:34:41 ,-59
19:34:42 ,-61
19:34:43 ,-62
19:34:44 ,-62
19:34:45 ,-62
19:34:46 ,-62
19:34:47 ,-62
19:34:48 ,-29
19:34:49 ,2
19:34:50 ,2
19:34:51 ,2
19:34:51 ,2
19:34:52 ,2
19:34:53 ,2
19:34:54 ,2
19:34:55 ,2
19:34:56 ,2
19:34:57 ,2
19:34:58 ,2
19:34:59 ,2
19:35:00 ,2
19:35:01 ,2
19:35:02 ,2
19:35:02 ,2
19:35:03 ,2
19:35:04 ,2
19:35:05 ,3
19:35:06 ,2
19:35:07 ,2
19:35:08 ,2
19:35:09 ,2
19:35:10 ,2
19:35:11 ,2
19:35:12 ,2
19:35:13 ,2
19:35:14 ,2
19:35:14 ,2
19:35:15 ,2
19:35:16 ,2
19:35:17 ,2
19:35:18 ,2
19:35:19 ,2
19:35:20 ,2
19:35:21 ,2
19:35:22 ,2
19:35:23 ,2
19:35:24 ,2
19:35:25 ,2
19:35:26 ,2
19:35:26 ,2
19:35:27 ,3
19:35:28 ,16
19:35:29 ,29
19:35:30 ,31
19:35:31 ,31
19:35:32 ,31
19:35:33 ,32
19:35:34 ,32
19:35:35 ,32
19:35:36 ,32
19:35:37 ,32
19:35:37 ,32
19:35:38 ,32
19:35:39 ,32
19:35:40 ,32
19:35:41 ,32
19:35:42 ,32
19:35:43 ,32
19:35:44 ,32
19:35:45 ,32
19:35:46 ,32
19:35:47 ,32
19:35:48 ,32
19:35:49 ,32
19:35:49 ,32
19:35:50 ,32
19:35:51 ,32
19:35:52 ,32
19:35:53 ,32
19:35:54 ,32
19:35:55 ,32
19:35:56 ,32
19:35:57 ,32
19:35:58 ,32
19:35:59 ,32
19:36:00 ,32
19:36:00 ,32
19:36:01 ,32
19:36:02 ,32
19:36:03 ,32
19:36:04 ,32
19:36:05 ,32
19:36:06 ,32
19:36:07 ,32
19:36:08 ,32
19:36:09 ,32
19:36:10 ,32
19:36:11 ,32
19:36:12 ,32
19:36:12 ,32
19:36:13 ,32
19:36:14 ,32
19:36:15 ,32
19:36:16 ,32
19:36:17 ,32
19:36:18 ,32
19:36:19 ,32
19:36:20 ,32
19:36:21 ,32
19:36:22 ,32
19:36:23 ,32
19:36:24 ,32
19:36:24 ,32
19:36:25 ,32
19:36:26 ,32
19:36:27 ,32
19:36:28 ,32
19:36:29 ,32
19:36:30 ,32
19:36:31 ,32
19:36:32 ,32
19:36:33 ,32
19:36:34 ,32
19:36:35 ,32
19:36:35 ,32
19:36:36 ,32
19:36:37 ,32
19:36:38 ,32
19:36:39 ,32
19:36:40 ,32
19:36:41 ,32
19:36:42 ,32
19:36:43 ,32
19:36:44 ,32
19:36:45 ,32
19:36:46 ,32
19:36:47 ,32
19:36:47 ,32
19:36:48 ,32
19:36:49 ,32
19:36:50 ,32
19:36:51 ,32
19:36:52 ,32
19:36:53 ,32
19:36:54 ,32
19:36:55 ,32
19:36:56 ,32
19:36:57 ,32
19:36:58 ,32
19:36:58 ,32
19:36:59 ,32
19:37:00 ,32
19:37:01 ,32
19:37:02 ,32
19:37:03 ,32
19:37:04 ,32
19:37:05 ,32
19:37:06 ,32
19:37:07 ,32
19:37:08 ,32
19:37:09 ,32
19:37:10 ,32
19:37:10 ,32
19:37:11 ,32
19:37:12 ,32
19:37:13 ,32
19:37:14 ,32
19:37:15 ,32
19:37:16 ,32
19:37:17 ,32
19:37:18 ,32
19:37:19 ,32
19:37:20 ,32
19:37:21 ,32
19:37:21 ,32
19:37:22 ,32
19:37:23 ,32
19:37:24 ,32
19:37:25 ,32
19:37:26 ,32
19:37:27 ,32
19:37:28 ,32
19:37:29 ,32
19:37:30 ,32
19:37:31 ,32
19:37:32 ,32
19:37:33 ,32
19:37:33 ,32
19:37:34 ,32
19:37:35 ,32
19:37:36 ,32
19:37:37 ,32
19:37:38 ,32
19:37:39 ,32
19:37:40 ,32
19:37:41 ,32
19:37:42 ,32
19:37:43 ,32
19:37:44 ,32
19:37:45 ,32
19:37:45 ,32
19:37:46 ,32
19:37:47 ,32
19:37:48 ,32
19:37:49 ,32
19:37:50 ,32
19:37:51 ,32
19:37:52 ,32
19:37:53 ,32
19:37:54 ,32
19:37:55 ,32
19:37:56 ,32
19:37:56 ,32
19:37:57 ,32
19:37:58 ,32
19:37:59 ,32
19:38:00 ,32
19:38:01 ,32
19:38:02 ,32
19:38:03 ,32
19:38:04 ,32
19:38:05 ,32
19:38:06 ,32
19:38:07 ,32
19:38:08 ,32
19:38:08 ,32
19:38:09 ,32
19:38:10 ,32
19:38:11 ,32
19:38:12 ,32
19:38:13 ,32
19:38:14 ,32
19:38:15 ,32
19:38:16 ,32
19:38:17 ,32
19:38:18 ,32
19:38:19 ,32
19:38:19 ,32
19:38:20 ,32
19:38:21 ,32
19:38:22 ,32
19:38:23 ,32
19:38:24 ,32
19:38:25 ,32
19:38:26 ,32
19:38:27 ,32
19:38:28 ,32
19:38:29 ,32
19:38:30 ,32
19:38:31 ,32
19:38:31 ,32
19:38:32 ,32
19:38:33 ,32
19:38:34 ,32
19:38:35 ,32
19:38:36 ,32
19:38:37 ,32
19:38:38 ,32
19:38:39 ,32
19:38:40 ,32
19:38:41 ,32
19:38:42 ,32
19:38:42 ,32
19:38:43 ,32
19:38:44 ,32
19:38:45 ,32
19:38:46 ,32
19:38:47 ,32
19:38:48 ,32
19:38:49 ,32
19:38:50 ,32
19:38:51 ,32
19:38:52 ,32
19:38:53 ,32
19:38:54 ,32
19:38:54 ,32
19:38:55 ,32
19:38:56 ,32
19:38:57 ,32
19:38:58 ,32
19:38:59 ,32
19:39:00 ,32
19:39:01 ,32
19:39:02 ,32
19:39:03 ,32
19:39:04 ,32
19:39:05 ,32
19:39:06 ,32
19:39:06 ,32
19:39:07 ,32
19:39:08 ,32
19:39:09 ,32
19:39:10 ,32
19:39:11 ,32
19:39:12 ,32
19:39:13 ,32
19:39:14 ,32
19:39:15 ,32
19:39:16 ,32
19:39:17 ,32
19:39:17 ,32
19:39:18 ,32
19:39:19 ,32
19:39:20 ,32
19:39:21 ,32
19:39:22 ,32
19:39:23 ,32
19:39:24 ,32
19:39:25 ,32
19:39:26 ,32
19:39:27 ,32
19:39:28 ,32
19:39:29 ,32
19:39:29 ,32
19:39:30 ,32
19:39:31 ,32
19:39:32 ,32
19:39:33 ,32
19:39:34 ,32
19:39:35 ,32
19:39:36 ,32
19:39:37 ,32
19:39:38 ,32
19:39:39 ,32
19:39:40 ,32
19:39:41 ,32
19:39:41 ,32
19:39:42 ,32
19:39:43 ,32
19:39:44 ,32
19:39:45 ,32
19:39:46 ,32
19:39:47 ,32
19:39:48 ,32
19:39:49 ,32
19:39:50 ,32
19:39:51 ,32
19:39:52 ,32
19:39:52 ,32
19:39:53 ,32
19:39:54 ,32
19:39:55 ,32
19:39:56 ,32
19:39:57 ,32
19:39:58 ,32
19:39:59 ,32
19:40:00 ,32
19:40:01 ,32
19:40:02 ,32
19:40:03 ,32
19:40:04 ,32
19:40:04 ,32
19:40:05 ,32
19:40:06 ,32
19:40:07 ,32
19:40:08 ,32
19:40:09 ,32
19:40:10 ,32
19:40:11 ,32
19:40:12 ,32
19:40:13 ,32
19:40:14 ,32
19:40:15 ,32
19:40:15 ,32
19:40:16 ,32
19:40:17 ,32
19:40:18 ,32
19:40:19 ,32
19:40:20 ,32
19:40:21 ,32
19:40:22 ,32
19:40:23 ,32
19:40:24 ,32
19:40:25 ,32
19:40:26 ,32
19:40:27 ,32
19:40:27 ,32
19:40:28 ,32
19:40:29 ,32
19:40:30 ,32
19:40:31 ,32
19:40:32 ,32
19:40:33 ,32
19:40:34 ,32
19:40:35 ,32
19:40:36 ,32
19:40:37 ,32
19:40:38 ,32
19:40:39 ,32
19:40:39 ,32
19:40:40 ,32
19:40:41 ,32
19:40:42 ,32
19:40:43 ,32
19:40:44 ,32
19:40:45 ,32
19:40:46 ,32
19:40:47 ,32
19:40:48 ,32
19:40:49 ,32
19:40:50 ,32
19:40:50 ,32
19:40:51 ,32
19:40:52 ,32
19:40:53 ,32
19:40:54 ,32
19:40:55 ,32
19:40:56 ,32
19:40:57 ,32
19:40:58 ,32
19:40:59 ,32
19:41:00 ,32
19:41:01 ,32
19:41:02 ,32
19:41:02 ,32
19:41:03 ,32
19:41:04 ,32
19:41:05 ,32
19:41:06 ,32
19:41:07 ,32
19:41:08 ,32
19:41:09 ,32
19:41:10 ,32
19:41:11 ,32
19:41:12 ,32
19:41:13 ,32
19:41:13 ,32
19:41:14 ,32
19:41:15 ,32
19:41:16 ,32
19:41:17 ,32
19:41:18 ,32
19:41:19 ,32
19:41:20 ,32
19:41:21 ,32
19:41:22 ,32
19:41:23 ,32
19:41:24 ,32
19:41:25 ,32
19:41:25 ,32
19:41:26 ,32
19:41:27 ,32
19:41:28 ,32
19:41:29 ,32
19:41:30 ,32
19:41:31 ,32
19:41:32 ,32
19:41:33 ,32
19:41:34 ,32
19:41:35 ,32
19:41:36 ,32
19:41:36 ,32
19:41:37 ,32
19:41:38 ,32
19:41:39 ,32
19:41:40 ,32
19:41:41 ,32
19:41:42 ,32
19:41:43 ,32
19:41:44 ,32
19:41:45 ,32
19:41:46 ,32
19:41:47 ,32
19:41:48 ,32
19:41:48 ,32
19:41:49 ,32
19:41:50 ,32
19:41:51 ,32
19:41:52 ,32
19:41:53 ,32
19:41:54 ,32
19:41:55 ,32
19:41:56 ,32
19:41:57 ,32
19:41:58 ,32
19:41:59 ,32
19:42:00 ,32
19:42:00 ,32
19:42:01 ,32
19:42:02 ,32
19:42:03 ,32
19:42:04 ,32
19:42:05 ,32
19:42:06 ,32
19:42:07 ,32
19:42:08 ,32
19:42:09 ,32
19:42:10 ,32
19:42:11 ,32
19:42:11 ,32
19:42:12 ,32
19:42:13 ,32
19:42:14 ,32
19:42:15 ,32
19:42:16 ,32
19:42:17 ,32
19:42:18 ,32
19:42:19 ,32
19:42:20 ,32
19:42:21 ,32
19:42:22 ,32
19:42:23 ,32
19:42:23 ,32
19:42:24 ,32
19:42:25 ,32
19:42:26 ,32
19:42:27 ,32
19:42:28 ,32
19:42:29 ,32
19:42:30 ,32
19:42:31 ,32
19:42:32 ,32
19:42:33 ,32
19:42:34 ,32
19:42:34 ,32
19:42:35 ,32
19:42:36 ,32
19:42:37 ,32
19:42:38 ,32
19:42:39 ,32
19:42:40 ,32
19:42:41 ,32
19:42:42 ,32
19:42:43 ,32
19:42:44 ,32
19:42:45 ,32
19:42:46 ,32
19:42:46 ,32
19:42:47 ,32
19:42:48 ,32
19:42:49 ,32
19:42:50 ,32
19:42:51 ,32
19:42:52 ,32
19:42:53 ,32
19:42:54 ,32
19:42:55 ,32
19:42:56 ,32
19:42:57 ,32
19:42:57 ,32
19:42:58 ,32
19:42:59 ,32
19:43:00 ,32
19:43:01 ,32
19:43:02 ,32
19:43:03 ,32
19:43:04 ,32
19:43:05 ,32
19:43:06 ,32
19:43:07 ,32
19:43:08 ,32
19:43:09 ,32
19:43:09 ,32
19:43:10 ,32
19:43:11 ,32
19:43:12 ,32
19:43:13 ,32
19:43:14 ,32
19:43:15 ,32
19:43:16 ,32
19:43:17 ,32
19:43:18 ,32
19:43:19 ,32
19:43:20 ,32
19:43:20 ,32
19:43:21 ,32
19:43:22 ,32
19:43:23 ,32
19:43:24 ,32
19:43:25 ,32
19:43:26 ,32
19:43:27 ,32
19:43:28 ,32
19:43:29 ,32
19:43:30 ,32
19:43:31 ,32
19:43:32 ,32
19:43:33 ,32
19:43:33 ,32
19:43:34 ,32
19:43:35 ,32
19:43:36 ,32
19:43:37 ,32
19:43:38 ,32
19:43:39 ,32
19:43:40 ,32
19:43:41 ,32
19:43:42 ,32
19:43:43 ,32
19:43:44 ,32
19:43:44 ,32
19:43:45 ,32
19:43:46 ,32
19:43:47 ,32
19:43:48 ,32
19:43:49 ,32
19:43:50 ,32
19:43:51 ,32
19:43:52 ,32
19:43:53 ,32
19:43:54 ,32
19:43:55 ,32
19:43:55 ,32
19:43:56 ,32
19:43:57 ,32
19:43:58 ,32
19:43:59 ,32
19:44:00 ,32
19:44:01 ,32
19:44:02 ,32
19:44:03 ,32
19:44:04 ,32
19:44:05 ,32
19:44:06 ,32
19:44:07 ,32
19:44:07 ,32
19:44:08 ,32
19:44:09 ,32
19:44:10 ,32
19:44:11 ,32
19:44:12 ,32
19:44:13 ,32
19:44:14 ,32
19:44:15 ,32
19:44:16 ,32
19:44:17 ,32
19:44:18 ,32
19:44:18 ,32
19:44:19 ,32
19:44:20 ,32
19:44:21 ,32
19:44:22 ,32
19:44:23 ,32
19:44:24 ,32
19:44:25 ,32
19:44:26 ,32
19:44:27 ,32
19:44:28 ,32
19:44:29 ,32
19:44:30 ,32
19:44:30 ,32
19:44:31 ,32
19:44:32 ,32
19:44:33 ,32
19:44:34 ,32
19:44:35 ,32
19:44:36 ,32
19:44:37 ,32
19:44:38 ,32
19:44:39 ,32
19:44:40 ,32
19:44:41 ,32
19:44:42 ,32
19:44:42 ,32
19:44:43 ,32
19:44:44 ,32
19:44:45 ,32
19:44:46 ,32
19:44:47 ,32
19:44:48 ,32
19:44:49 ,32
19:44:50 ,32
19:44:51 ,32
19:44:52 ,32
19:44:53 ,32
19:44:53 ,32
19:44:54 ,32
19:44:55 ,32
19:44:56 ,32
19:44:57 ,32
19:44:58 ,32
19:44:59 ,32
19:45:00 ,32
19:45:01 ,32
19:45:02 ,32
19:45:03 ,32
19:45:04 ,32
19:45:05 ,32
19:45:05 ,32
19:45:06 ,32
19:45:07 ,32
19:45:08 ,32
19:45:09 ,32
19:45:10 ,32
19:45:11 ,32
19:45:12 ,32
19:45:13 ,32
19:45:14 ,32
19:45:15 ,32
19:45:16 ,32
19:45:16 ,32
19:45:17 ,32
19:45:18 ,32
19:45:19 ,32
19:45:20 ,32
19:45:21 ,32
19:45:22 ,32
19:45:23 ,32
19:45:24 ,32
19:45:25 ,32
19:45:26 ,32
19:45:27 ,32
19:45:28 ,32
19:45:28 ,32
19:45:29 ,32
19:45:30 ,32
19:45:31 ,32
19:45:32 ,32
19:45:33 ,32
19:45:34 ,32
19:45:35 ,32
19:45:36 ,32
19:45:37 ,32
19:45:38 ,32
19:45:39 ,32
19:45:40 ,32
19:45:40 ,32
19:45:41 ,32
19:45:42 ,32
19:45:43 ,32
19:45:44 ,32
19:45:45 ,32
19:45:46 ,32
19:45:47 ,32
19:45:48 ,32
19:45:49 ,32
19:45:50 ,32
19:45:51 ,32
19:45:51 ,32
19:45:52 ,32
19:45:53 ,32
19:45:54 ,32
19:45:55 ,32
19:45:56 ,32
19:45:57 ,32
19:45:58 ,32
19:45:59 ,32
19:46:00 ,32
19:46:01 ,32
19:46:02 ,32
19:46:03 ,32
19:46:03 ,32
19:46:04 ,32
19:46:05 ,32
19:46:06 ,32
19:46:07 ,32
19:46:08 ,32
19:46:09 ,32
19:46:10 ,32
19:46:11 ,32
19:46:12 ,32
19:46:13 ,32
19:46:14 ,32
19:46:14 ,32
19:46:15 ,32
19:46:16 ,32
19:46:17 ,32
19:46:18 ,32
19:46:19 ,32
19:46:20 ,14
19:46:21 ,-61
19:46:22 ,-61
19:46:23 ,-62
19:46:24 ,-62
19:46:25 ,-62
19:46:26 ,-62
19:46:26 ,-62
19:46:27 ,-55
19:46:28 ,3
19:46:29 ,4
19:46:30 ,4
19:46:31 ,4
19:46:32 ,4
19:46:33 ,4
19:46:34 ,4
19:46:35 ,4
19:46:36 ,4
19:46:37 ,4
19:46:37 ,4
19:46:38 ,4
19:46:39 ,4
19:46:40 ,4
19:46:41 ,4
19:46:42 ,4
19:46:43 ,4
19:46:44 ,4
19:46:45 ,4
19:46:46 ,4
19:46:47 ,4
19:46:48 ,4
19:46:49 ,9
19:46:49 ,19
19:46:50 ,32
19:46:51 ,36
19:46:52 ,36
19:46:53 ,36
19:46:54 ,36
19:46:55 ,36
19:46:56 ,37
19:46:57 ,37
19:46:58 ,37
19:46:59 ,37
19:47:00 ,37
19:47:01 ,37
19:47:01 ,37
19:47:02 ,37
19:47:03 ,37
19:47:04 ,37
19:47:05 ,37
19:47:06 ,37
19:47:07 ,37
19:47:08 ,37
19:47:09 ,37
19:47:10 ,37
19:47:11 ,37
19:47:12 ,37
19:47:12 ,37
19:47:13 ,37
19:47:14 ,37
19:47:15 ,37
19:47:16 ,37
19:47:17 ,37
19:47:18 ,37
19:47:19 ,37
19:47:20 ,37
19:47:21 ,37
19:47:22 ,37
19:47:23 ,37
19:47:24 ,37
19:47:24 ,37
19:47:25 ,37
19:47:26 ,37
19:47:27 ,37
19:47:28 ,37
19:47:29 ,37
19:47:30 ,37
19:47:31 ,37
19:47:32 ,37
19:47:33 ,37
19:47:34 ,37
19:47:35 ,37
19:47:35 ,37
19:47:36 ,37
19:47:37 ,37
19:47:38 ,37
19:47:39 ,37
19:47:40 ,37
19:47:41 ,37
19:47:42 ,37
19:47:43 ,37
19:47:44 ,37
19:47:45 ,37
19:47:46 ,37
19:47:47 ,37
19:47:47 ,37
19:47:48 ,37
19:47:49 ,37
19:47:50 ,37
19:47:51 ,37
19:47:52 ,37
19:47:53 ,37
19:47:54 ,37
19:47:55 ,37
19:47:56 ,37
19:47:57 ,37
19:47:58 ,37
19:47:59 ,37
19:47:59 ,37
19:48:00 ,37
19:48:01 ,37
19:48:02 ,37
19:48:03 ,37
19:48:04 ,37
19:48:05 ,37
19:48:06 ,37
19:48:07 ,37
19:48:08 ,37
19:48:09 ,37
19:48:10 ,37
19:48:10 ,37
19:48:11 ,37
19:48:12 ,37
19:48:13 ,37
19:48:14 ,37
19:48:15 ,37
19:48:16 ,37
19:48:17 ,37
19:48:18 ,37
19:48:19 ,37
19:48:20 ,37
19:48:21 ,37
19:48:22 ,37
19:48:22 ,37
19:48:23 ,37
19:48:24 ,37
19:48:25 ,37
19:48:26 ,37
19:48:27 ,37
19:48:28 ,37
19:48:29 ,37
19:48:30 ,37
19:48:31 ,37
19:48:32 ,37
19:48:33 ,37
19:48:33 ,37
19:48:34 ,37
19:48:35 ,37
19:48:36 ,37
19:48:37 ,37
19:48:38 ,37
19:48:39 ,37
19:48:40 ,37
19:48:41 ,37
19:48:42 ,37
19:48:43 ,37
19:48:44 ,37
19:48:45 ,37
19:48:45 ,37
19:48:46 ,37
19:48:47 ,37
19:48:48 ,37
19:48:49 ,37
19:48:50 ,37
19:48:51 ,37
19:48:52 ,37
19:48:53 ,37
19:48:54 ,37
19:48:55 ,37
19:48:56 ,37
19:48:56 ,37
19:48:57 ,37
19:48:58 ,37
19:48:59 ,37
19:49:00 ,37
19:49:01 ,37
19:49:02 ,37
19:49:03 ,37
19:49:04 ,37
19:49:05 ,37
19:49:06 ,37
19:49:07 ,37
19:49:08 ,37
19:49:08 ,37
19:49:09 ,37
19:49:10 ,37
19:49:11 ,37
19:49:12 ,37
19:49:13 ,37
19:49:14 ,37
19:49:15 ,37
19:49:16 ,37
19:49:17 ,37
19:49:18 ,37
19:49:19 ,37
19:49:19 ,37
19:49:20 ,37
19:49:21 ,37
19:49:22 ,37
19:49:23 ,37
19:49:24 ,37
19:49:25 ,38
19:49:26 ,38
19:49:27 ,37
19:49:28 ,37
19:49:29 ,37
19:49:30 ,37
19:49:31 ,37
19:49:31 ,37
19:49:32 ,37
19:49:33 ,37
19:49:34 ,37
19:49:35 ,37
19:49:36 ,37
19:49:37 ,37
19:49:38 ,37
19:49:39 ,37
19:49:40 ,37
19:49:41 ,37
19:49:42 ,37
19:49:43 ,37
19:49:43 ,37
19:49:44 ,38
19:49:45 ,38
19:49:46 ,38
19:49:47 ,38
19:49:48 ,38
19:49:49 ,38
19:49:50 ,38
19:49:51 ,38
19:49:52 ,38
19:49:53 ,38
19:49:54 ,38
19:49:54 ,38
19:49:55 ,37
19:49:56 ,37
19:49:57 ,37
19:49:58 ,37
19:49:59 ,37
19:50:00 ,37
19:50:01 ,37
19:50:02 ,37
19:50:03 ,37
19:50:04 ,38
19:50:05 ,38
19:50:06 ,38
19:50:06 ,38
19:50:07 ,38
19:50:08 ,37
19:50:09 ,37
19:50:10 ,37
19:50:11 ,37
19:50:12 ,37
19:50:13 ,37
19:50:14 ,37
19:50:15 ,37
19:50:16 ,37
19:50:17 ,37
19:50:17 ,37
19:50:18 ,37
19:50:19 ,37
19:50:20 ,37
19:50:21 ,37
19:50:22 ,37
19:50:23 ,37
19:50:24 ,37
19:50:25 ,37
19:50:26 ,37
19:50:27 ,37
19:50:28 ,37
19:50:29 ,37
19:50:29 ,37
19:50:30 ,37
19:50:31 ,37
19:50:32 ,37
19:50:33 ,37
19:50:34 ,37
19:50:35 ,37
19:50:36 ,37
19:50:37 ,37
19:50:38 ,37
19:50:39 ,37
19:50:40 ,37
19:50:41 ,37
19:50:41 ,37
19:50:42 ,37
19:50:43 ,37
19:50:44 ,37
19:50:45 ,37
19:50:46 ,37
19:50:47 ,37
19:50:48 ,37
19:50:49 ,37
19:50:50 ,37
19:50:51 ,37
19:50:52 ,37
19:50:52 ,37
19:50:53 ,37
19:50:54 ,37
19:50:55 ,37
19:50:56 ,37
19:50:57 ,37
19:50:58 ,37
19:50:59 ,38
19:51:00 ,38
19:51:01 ,38
19:51:02 ,38
19:51:03 ,38
19:51:04 ,38
19:51:04 ,38
19:51:05 ,38
19:51:06 ,38
19:51:07 ,38
19:51:08 ,38
19:51:09 ,38
19:51:10 ,38
19:51:11 ,38
19:51:12 ,38
19:51:13 ,38
19:51:14 ,38
19:51:15 ,38
19:51:15 ,38
19:51:16 ,38
19:51:17 ,38
19:51:18 ,38
19:51:19 ,38
19:51:20 ,38
19:51:21 ,38
19:51:22 ,38
19:51:23 ,38
19:51:24 ,38
19:51:25 ,38
19:51:26 ,38
19:51:27 ,38
19:51:27 ,38
19:51:28 ,38
19:51:29 ,38
19:51:30 ,38
19:51:31 ,38
19:51:32 ,38
19:51:33 ,38
19:51:34 ,38
19:51:35 ,38
19:51:36 ,38
19:51:37 ,38
19:51:38 ,38
19:51:38 ,38
19:51:39 ,38
19:51:40 ,38
19:51:41 ,38
19:51:42 ,38
19:51:43 ,38
19:51:44 ,38
19:51:45 ,38
19:51:46 ,38
19:51:47 ,38
19:51:48 ,38
19:51:49 ,38
19:51:50 ,38
19:51:50 ,38
19:51:51 ,38
19:51:52 ,38
19:51:53 ,38
19:51:54 ,38
19:51:55 ,38
19:51:56 ,38
19:51:57 ,38
19:51:58 ,38
19:51:59 ,38
19:52:00 ,38
19:52:01 ,38
19:52:01 ,38
19:52:02 ,38
19:52:03 ,38
19:52:04 ,38
19:52:05 ,38
19:52:06 ,38
19:52:07 ,38
19:52:08 ,38
19:52:09 ,38
19:52:10 ,38
19:52:11 ,38
19:52:12 ,38
19:52:13 ,38
19:52:13 ,38
19:52:15 ,38
19:52:15 ,38
19:52:16 ,38
19:52:17 ,38
19:52:18 ,38
19:52:19 ,38
19:52:20 ,38
19:52:21 ,38
19:52:22 ,38
19:52:23 ,38
19:52:24 ,38
19:52:25 ,38
19:52:25 ,38
19:52:26 ,38
19:52:27 ,38
19:52:28 ,38
19:52:29 ,38
19:52:30 ,38
19:52:31 ,38
19:52:32 ,38
19:52:33 ,38
19:52:34 ,38
19:52:35 ,38
19:52:36 ,38
19:52:36 ,38
19:52:37 ,38
19:52:38 ,38
19:52:39 ,38
19:52:40 ,38
19:52:41 ,38
19:52:42 ,38
19:52:43 ,38
19:52:44 ,38
19:52:45 ,38
19:52:46 ,38
19:52:47 ,38
19:52:47 ,38
19:52:48 ,38
19:52:49 ,38
19:52:50 ,38
19:52:51 ,38
19:52:52 ,38
19:52:53 ,38
19:52:54 ,38
19:52:55 ,38
19:52:56 ,38
19:52:57 ,38
19:52:58 ,38
19:52:59 ,38
19:52:59 ,38
19:53:00 ,38
19:53:01 ,38
19:53:02 ,38
19:53:03 ,38
19:53:04 ,38
19:53:05 ,38
19:53:06 ,38
19:53:07 ,38
19:53:08 ,38
19:53:09 ,38
19:53:10 ,38
19:53:11 ,38
19:53:11 ,38
19:53:12 ,38
19:53:13 ,38
19:53:14 ,38
19:53:15 ,38
19:53:16 ,38
19:53:17 ,38
19:53:18 ,38
19:53:19 ,38
19:53:20 ,38
19:53:21 ,38
19:53:22 ,38
19:53:23 ,38
19:53:23 ,38
19:53:24 ,38
19:53:25 ,38
19:53:26 ,38
19:53:27 ,38
19:53:28 ,38
19:53:29 ,38
19:53:30 ,38
19:53:31 ,38
19:53:32 ,38
19:53:33 ,38
19:53:34 ,38
19:53:34 ,38
19:53:35 ,38
19:53:36 ,38
19:53:37 ,38
19:53:38 ,38
19:53:39 ,38
19:53:40 ,38
19:53:41 ,38
19:53:42 ,38
19:53:43 ,38
19:53:44 ,38
19:53:45 ,38
19:53:45 ,38
19:53:46 ,38
19:53:47 ,38
19:53:48 ,38
19:53:49 ,38
19:53:50 ,38
19:53:51 ,38
19:53:52 ,38
19:53:53 ,38
19:53:54 ,38
19:53:55 ,38
19:53:56 ,38
19:53:57 ,38
19:53:57 ,38
19:53:58 ,38
19:53:59 ,38
19:54:00 ,38
19:54:01 ,38
19:54:02 ,38
19:54:03 ,38
19:54:04 ,38
19:54:05 ,38
19:54:06 ,38
19:54:07 ,38
19:54:08 ,38
19:54:08 ,38
19:54:09 ,38
19:54:10 ,38
19:54:11 ,38
19:54:12 ,38
19:54:13 ,38
19:54:14 ,38
19:54:15 ,38
19:54:16 ,38
19:54:17 ,38
19:54:18 ,38
19:54:19 ,38
19:54:20 ,38
19:54:20 ,38
19:54:21 ,38
19:54:22 ,38
19:54:23 ,38
19:54:24 ,38
19:54:25 ,38
19:54:26 ,38
19:54:27 ,38
19:54:28 ,38
19:54:29 ,38
19:54:30 ,38
19:54:31 ,38
19:54:32 ,38
19:54:32 ,38
19:54:33 ,38
19:54:34 ,38
19:54:35 ,38
19:54:36 ,38
19:54:37 ,38
19:54:38 ,38
19:54:39 ,38
19:54:40 ,38
19:54:41 ,38
19:54:42 ,38
19:54:43 ,38
19:54:43 ,38
19:54:44 ,38
19:54:45 ,38
19:54:46 ,38
19:54:47 ,38
19:54:48 ,26
19:54:49 ,-60
19:54:50 ,-61
19:54:51 ,-61
19:54:52 ,-61
19:54:53 ,-61
19:54:54 ,-62
19:54:54 ,-62
19:54:55 ,-35
19:54:56 ,1
19:54:57 ,2
19:54:58 ,2
19:54:59 ,2
19:55:00 ,2
19:55:01 ,2
19:55:02 ,2
19:55:03 ,2
19:55:04 ,2
19:55:05 ,2
19:55:06 ,2
19:55:06 ,2
19:55:07 ,2
19:55:08 ,2
19:55:09 ,2
19:55:10 ,2
19:55:11 ,2
19:55:12 ,2
19:55:13 ,2
19:55:14 ,2
19:55:15 ,2
19:55:16 ,2
19:55:17 ,12
19:55:18 ,27
19:55:18 ,34
19:55:19 ,34
19:55:20 ,34
19:55:21 ,34
19:55:22 ,34
19:55:23 ,34
19:55:24 ,34
19:55:25 ,34
19:55:26 ,34
19:55:27 ,34
19:55:28 ,35
19:55:29 ,35
19:55:29 ,35
19:55:30 ,35
19:55:31 ,35
19:55:32 ,35
19:55:33 ,35
19:55:34 ,35
19:55:35 ,35
19:55:36 ,35
19:55:37 ,35
19:55:38 ,35
19:55:39 ,35
19:55:40 ,35
19:55:41 ,35
19:55:41 ,35
19:55:42 ,35
19:55:43 ,35
19:55:44 ,35
19:55:45 ,35
19:55:46 ,35
19:55:47 ,35
19:55:48 ,35
19:55:49 ,35
19:55:50 ,35
19:55:51 ,35
19:55:52 ,35
19:55:52 ,35
19:55:53 ,35
19:55:54 ,35
19:55:55 ,35
19:55:56 ,35
19:55:57 ,35
19:55:58 ,35
19:55:59 ,35
19:56:00 ,35
19:56:01 ,35
19:56:02 ,35
19:56:03 ,35
19:56:04 ,35
19:56:04 ,35
19:56:05 ,35
19:56:06 ,35
19:56:07 ,35
19:56:08 ,35
19:56:09 ,35
19:56:10 ,35
19:56:11 ,35
19:56:12 ,35
19:56:13 ,35
19:56:14 ,35
19:56:15 ,35
19:56:15 ,35
19:56:16 ,35
19:56:17 ,35
19:56:18 ,35
19:56:19 ,35
19:56:20 ,35
19:56:21 ,35
19:56:22 ,35
19:56:23 ,35
19:56:24 ,35
19:56:25 ,35
19:56:26 ,35
19:56:27 ,35
19:56:27 ,35
19:56:28 ,35
19:56:29 ,35
19:56:30 ,35
19:56:31 ,35
19:56:32 ,35
19:56:33 ,35
19:56:34 ,35
19:56:35 ,35
19:56:36 ,35
19:56:37 ,35
19:56:38 ,35
19:56:39 ,35
19:56:39 ,35
19:56:40 ,35
19:56:41 ,35
19:56:42 ,35
19:56:43 ,35
19:56:44 ,35
19:56:45 ,35
19:56:46 ,35
19:56:47 ,35
19:56:48 ,35
19:56:49 ,35
19:56:50 ,35
19:56:50 ,35
19:56:51 ,35
19:56:52 ,35
19:56:53 ,35
19:56:54 ,35
19:56:55 ,35
19:56:56 ,35
19:56:57 ,35
19:56:58 ,35
19:56:59 ,35
19:57:00 ,35
19:57:01 ,35
19:57:02 ,35
19:57:02 ,35
19:57:03 ,35
19:57:04 ,35
19:57:05 ,35
19:57:06 ,35
19:57:07 ,35
19:57:08 ,35
19:57:09 ,35
19:57:10 ,35
19:57:11 ,35
19:57:12 ,35
19:57:13 ,35
19:57:13 ,35
19:57:14 ,35
19:57:15 ,35
19:57:16 ,35
19:57:17 ,35
19:57:18 ,35
19:57:19 ,35
19:57:20 ,35
19:57:21 ,35
19:57:22 ,35
19:57:23 ,36
19:57:24 ,36
19:57:25 ,36
19:57:25 ,36
19:57:26 ,36
19:57:27 ,36
19:57:28 ,35
19:57:29 ,35
19:57:30 ,36
19:57:31 ,35
19:57:32 ,35
19:57:33 ,35
19:57:34 ,35
19:57:35 ,35
19:57:36 ,35
19:57:36 ,35
19:57:37 ,35
19:57:38 ,35
19:57:39 ,35
19:57:40 ,35
19:57:41 ,35
19:57:42 ,35
19:57:43 ,35
19:57:44 ,35
19:57:45 ,35
19:57:46 ,35
19:57:47 ,35
19:57:48 ,35
19:57:48 ,35
19:57:49 ,35
19:57:50 ,35
19:57:51 ,35
19:57:52 ,35
19:57:53 ,35
19:57:54 ,35
19:57:55 ,35
19:57:56 ,35
19:57:57 ,35
19:57:58 ,35
19:57:59 ,35
19:57:59 ,35
19:58:00 ,35
19:58:01 ,35
19:58:02 ,35
19:58:03 ,35
19:58:04 ,35
19:58:05 ,35
19:58:06 ,35
19:58:07 ,35
19:58:08 ,35
19:58:09 ,35
19:58:10 ,35
19:58:11 ,35
19:58:11 ,36
19:58:12 ,36
19:58:13 ,36
19:58:14 ,35
19:58:15 ,35
19:58:16 ,36
19:58:17 ,36
19:58:18 ,36
19:58:19 ,36
19:58:20 ,36
19:58:21 ,36
19:58:22 ,36
19:58:22 ,36
19:58:23 ,36
19:58:24 ,36
19:58:25 ,36
19:58:26 ,36
19:58:27 ,36
19:58:28 ,36
19:58:29 ,36
19:58:30 ,36
19:58:31 ,36
19:58:32 ,36
19:58:33 ,36
19:58:34 ,36
19:58:34 ,36
19:58:35 ,35
19:58:36 ,35
19:58:37 ,36
19:58:38 ,35
19:58:39 ,35
19:58:40 ,35
19:58:41 ,35
19:58:42 ,36
19:58:43 ,35
19:58:44 ,35
19:58:45 ,35
19:58:45 ,35
19:58:46 ,36
19:58:47 ,36
19:58:48 ,36
19:58:49 ,36
19:58:50 ,36
19:58:51 ,36
19:58:52 ,36
19:58:53 ,36
19:58:54 ,36
19:58:55 ,36
19:58:56 ,36
19:58:57 ,36
19:58:57 ,36
19:58:58 ,36
19:58:59 ,36
19:59:00 ,36
19:59:01 ,36
19:59:02 ,36
19:59:03 ,-5
19:59:04 ,-59
19:59:05 ,-60
19:59:06 ,-60
19:59:07 ,-61
19:59:08 ,-61
19:59:08 ,-61
19:59:09 ,-47
19:59:10 ,3
19:59:11 ,4
19:59:12 ,4
19:59:13 ,6
19:59:14 ,22
19:59:15 ,38
19:59:16 ,53
19:59:17 ,55
19:59:18 ,55
19:59:19 ,55
19:59:20 ,55
19:59:20 ,55
19:59:21 ,55
19:59:22 ,55
19:59:23 ,55
19:59:24 ,55
19:59:25 ,55
19:59:26 ,55
19:59:27 ,55
19:59:28 ,55
19:59:29 ,55
19:59:30 ,55
19:59:31 ,55
19:59:32 ,55
19:59:32 ,55
19:59:33 ,55
19:59:34 ,55
19:59:35 ,55
19:59:36 ,55
19:59:37 ,55
19:59:38 ,55
19:59:39 ,55
19:59:40 ,55
19:59:41 ,55
19:59:42 ,55
19:59:43 ,55
19:59:43 ,55
19:59:44 ,55
19:59:45 ,55
19:59:46 ,55
19:59:47 ,55
19:59:48 ,55
19:59:49 ,55
19:59:50 ,55
19:59:51 ,55
19:59:52 ,55
19:59:53 ,55
19:59:54 ,55
19:59:55 ,55
19:59:55 ,56
19:59:56 ,56
19:59:57 ,56
19:59:58 ,56
19:59:59 ,56
20:00:00 ,56
20:00:01 ,56
20:00:02 ,56
20:00:03 ,56
20:00:04 ,56
20:00:05 ,56
20:00:06 ,56
20:00:06 ,56
20:00:07 ,56
20:00:08 ,56
20:00:09 ,56
20:00:10 ,56
20:00:11 ,56
20:00:12 ,56
20:00:13 ,56
20:00:14 ,56
20:00:15 ,56
20:00:16 ,56
20:00:17 ,56
20:00:18 ,56
20:00:18 ,56
20:00:19 ,56
20:00:20 ,56
20:00:21 ,56
20:00:22 ,56
20:00:23 ,56
20:00:24 ,56
20:00:25 ,56
20:00:26 ,56
20:00:27 ,56
20:00:28 ,56
20:00:29 ,56
20:00:29 ,56
20:00:30 ,56
20:00:31 ,56
20:00:32 ,56
20:00:33 ,56
20:00:34 ,56
20:00:35 ,56
20:00:36 ,56
20:00:37 ,56
20:00:38 ,56
20:00:39 ,56
20:00:40 ,56
20:00:41 ,56
20:00:41 ,56
20:00:42 ,56
20:00:43 ,56
20:00:44 ,56
20:00:45 ,56
20:00:46 ,56
20:00:47 ,56
20:00:48 ,56
20:00:49 ,56
20:00:50 ,56
20:00:51 ,56
20:00:52 ,56
20:00:53 ,56
20:00:53 ,56
20:00:54 ,56
20:00:55 ,56
20:00:56 ,56
20:00:57 ,56
20:00:58 ,56
20:00:59 ,56
20:01:00 ,56
20:01:01 ,56
20:01:02 ,56
20:01:03 ,56
20:01:04 ,56
20:01:04 ,56
20:01:05 ,56
20:01:06 ,56
20:01:07 ,56
20:01:08 ,56
20:01:09 ,56
20:01:10 ,56
20:01:11 ,56
20:01:12 ,56
20:01:13 ,56
20:01:14 ,56
20:01:15 ,56
20:01:15 ,56
20:01:16 ,56
20:01:17 ,56
20:01:18 ,56
20:01:19 ,56
20:01:20 ,56
20:01:21 ,56
20:01:22 ,56
20:01:23 ,56
20:01:24 ,56
20:01:25 ,56
20:01:26 ,56
20:01:27 ,56
20:01:27 ,56
20:01:28 ,56
20:01:29 ,56
20:01:30 ,56
20:01:31 ,56
20:01:32 ,56
20:01:33 ,56
20:01:34 ,56
20:01:35 ,56
20:01:36 ,56
20:01:37 ,56
20:01:38 ,56
20:01:38 ,56
20:01:39 ,56
20:01:40 ,56
20:01:41 ,56
20:01:42 ,56
20:01:43 ,56
20:01:44 ,56
20:01:45 ,56
20:01:46 ,56
20:01:47 ,56
20:01:48 ,56
20:01:49 ,56
20:01:50 ,56
20:01:50 ,56
20:01:51 ,56
20:01:52 ,56
20:01:53 ,56
20:01:54 ,56
20:01:55 ,56
20:01:56 ,56
20:01:57 ,56
20:01:58 ,56
20:01:59 ,56
20:02:00 ,56
20:02:01 ,56
20:02:02 ,56
20:02:02 ,56
20:02:03 ,56
20:02:04 ,56
20:02:05 ,56
20:02:06 ,56
20:02:07 ,56
20:02:08 ,56
20:02:09 ,56
20:02:10 ,56
20:02:11 ,56
20:02:12 ,56
20:02:13 ,56
20:02:13 ,56
20:02:14 ,56
20:02:15 ,56
20:02:16 ,56
20:02:17 ,56
20:02:18 ,56
20:02:19 ,56
20:02:20 ,56
20:02:21 ,56
20:02:22 ,56
20:02:23 ,56
20:02:24 ,56
20:02:25 ,56
20:02:25 ,56
20:02:26 ,56
20:02:27 ,56
20:02:28 ,56
20:02:29 ,56
20:02:30 ,56
20:02:31 ,56
20:02:32 ,56
20:02:33 ,56
20:02:34 ,56
20:02:35 ,56
20:02:36 ,56
20:02:36 ,56
20:02:37 ,56
20:02:38 ,56
20:02:39 ,56
20:02:40 ,56
20:02:41 ,56
20:02:42 ,56
20:02:43 ,56
20:02:44 ,56
20:02:45 ,56
20:02:46 ,56
20:02:47 ,56
20:02:48 ,56
20:02:48 ,56
20:02:49 ,56
20:02:50 ,56
20:02:51 ,56
20:02:52 ,56
20:02:53 ,56
20:02:54 ,56
20:02:55 ,56
20:02:56 ,56
20:02:57 ,56
20:02:58 ,56
20:02:59 ,56
20:03:00 ,56
20:03:00 ,56
20:03:01 ,56
20:03:02 ,56
20:03:03 ,56
20:03:04 ,56
20:03:05 ,56
20:03:06 ,56
20:03:07 ,56
20:03:08 ,56
20:03:09 ,56
20:03:10 ,56
20:03:11 ,56
20:03:11 ,56
20:03:12 ,56
20:03:13 ,56
20:03:14 ,56
20:03:15 ,56
20:03:16 ,56
20:03:17 ,56
20:03:18 ,56
20:03:19 ,56
20:03:20 ,56
20:03:21 ,56
20:03:22 ,56
20:03:22 ,56
20:03:23 ,56
20:03:24 ,56
20:03:25 ,56
20:03:26 ,56
20:03:27 ,56
20:03:28 ,56
20:03:29 ,56
20:03:30 ,56
20:03:31 ,56
20:03:32 ,56
20:03:33 ,56
20:03:34 ,56
20:03:34 ,56
20:03:35 ,56
20:03:36 ,56
20:03:37 ,56
20:03:38 ,56
20:03:39 ,56
20:03:40 ,56
20:03:41 ,56
20:03:42 ,56
20:03:43 ,56
20:03:44 ,56
20:03:45 ,56
20:03:45 ,56
20:03:46 ,56
20:03:47 ,56
20:03:48 ,56
20:03:49 ,56
20:03:50 ,56
20:03:51 ,56
20:03:52 ,56
20:03:53 ,56
20:03:54 ,56
20:03:55 ,56
20:03:56 ,56
20:03:57 ,56
20:03:57 ,56
20:03:58 ,56
20:03:59 ,56
20:04:00 ,56
20:04:01 ,56
20:04:02 ,56
20:04:03 ,56
20:04:04 ,56
20:04:05 ,28
20:04:06 ,-59
20:04:07 ,-60
20:04:08 ,-60
20:04:09 ,-60
20:04:09 ,-61
20:04:10 ,-61
20:04:11 ,-61
20:04:12 ,-57
20:04:13 ,1
20:04:14 ,2
20:04:15 ,2
20:04:16 ,2
20:04:17 ,2
20:04:18 ,3
20:04:19 ,3
20:04:20 ,3
20:04:20 ,3
20:04:21 ,3
20:04:22 ,3
20:04:23 ,3
20:04:24 ,3
20:04:25 ,3
20:04:26 ,3
20:04:27 ,3
20:04:28 ,3
20:04:29 ,3
20:04:30 ,3
20:04:31 ,3
20:04:32 ,3
20:04:32 ,3
20:04:33 ,3
20:04:34 ,3
20:04:35 ,3
20:04:36 ,3
20:04:37 ,3
20:04:38 ,3
20:04:39 ,3
20:04:40 ,3
20:04:41 ,3
20:04:42 ,3
20:04:43 ,3
20:04:44 ,3
20:04:44 ,3
20:04:45 ,3
20:04:46 ,3
20:04:47 ,3
20:04:48 ,3
20:04:49 ,3
20:04:50 ,3
20:04:51 ,3
20:04:52 ,3
20:04:53 ,3
20:04:54 ,3
20:04:55 ,3
20:04:55 ,3
20:04:56 ,3
20:04:57 ,3
20:04:58 ,3
20:04:59 ,3
20:05:00 ,3
20:05:01 ,3
20:05:02 ,3
20:05:03 ,3
20:05:04 ,3
20:05:05 ,3
20:05:06 ,3
20:05:06 ,3
20:05:07 ,3
20:05:08 ,3
20:05:09 ,3
20:05:10 ,3
20:05:11 ,3
20:05:12 ,3
20:05:13 ,3
20:05:14 ,3
20:05:15 ,3
20:05:16 ,3
20:05:17 ,3
20:05:18 ,3
20:05:18 ,3
20:05:19 ,3
20:05:20 ,3
20:05:21 ,3
20:05:22 ,3
20:05:23 ,3
20:05:24 ,3
20:05:25 ,3
20:05:26 ,3
20:05:27 ,3
20:05:28 ,3
20:05:29 ,3
20:05:30 ,3
20:05:30 ,3
20:05:31 ,3
20:05:32 ,3
20:05:33 ,3
20:05:34 ,3
20:05:35 ,3
20:05:36 ,3
20:05:37 ,3
20:05:38 ,3
20:05:39 ,3
20:05:40 ,3
20:05:41 ,3
20:05:41 ,3
20:05:42 ,3
20:05:43 ,3
20:05:44 ,3
20:05:45 ,3
20:05:46 ,3
20:05:47 ,3
20:05:48 ,3